Year,type of proceeding,sector,land,GeoCode,COMMENT_OBS_0,COMMENT_OBS_1,COMMENT_OBS_2,Value
2010,administrative offense proceedings,,,,.,,,
2011,administrative offense proceedings,,,,.,,,
2012,administrative offense proceedings,,,,.,,,
2013,administrative offense proceedings,,,,.,,,
2014,administrative offense proceedings,,,,.,,,
2015,administrative offense proceedings,,,,,,,22066.0
2016,administrative offense proceedings,,,,,,,21821.0
2017,administrative offense proceedings,,,,,,,26142.0
2018,administrative offense proceedings,,,,,,,28466.0
2019,administrative offense proceedings,,,,,,,31356.0
2020,administrative offense proceedings,,,,,,,28772.0
2021,administrative offense proceedings,,,,,,,32296.0
2022,administrative offense proceedings,,,,,,,47928.0
2023,administrative offense proceedings,,,,,,,48812.0
2024,administrative offense proceedings,,,,,,,49686.0
2025,administrative offense proceedings,,,,,,,52125.0
2010,administrative offense proceedings,construction sector,,,,,,
2011,administrative offense proceedings,construction sector,,,,,,
2012,administrative offense proceedings,construction sector,,,,,,
2013,administrative offense proceedings,construction sector,,,,,,
2014,administrative offense proceedings,construction sector,,,,,,
2015,administrative offense proceedings,construction sector,,,,,,
2016,administrative offense proceedings,construction sector,,,,,,
2017,administrative offense proceedings,construction sector,,,,,,
2018,administrative offense proceedings,construction sector,,,,,,
2019,administrative offense proceedings,construction sector,,,,,,
2020,administrative offense proceedings,construction sector,,,,,,
2021,administrative offense proceedings,construction sector,,,,,,
2022,administrative offense proceedings,construction sector,,,,,,
2023,administrative offense proceedings,construction sector,,,,,,
2024,administrative offense proceedings,construction sector,,,,,,6856.0
2025,administrative offense proceedings,construction sector,,,,,,6888.0
2010,administrative offense proceedings,catering and hotel sector,,,,,,
2011,administrative offense proceedings,catering and hotel sector,,,,,,
2012,administrative offense proceedings,catering and hotel sector,,,,,,
2013,administrative offense proceedings,catering and hotel sector,,,,,,
2014,administrative offense proceedings,catering and hotel sector,,,,,,
2015,administrative offense proceedings,catering and hotel sector,,,,,,
2016,administrative offense proceedings,catering and hotel sector,,,,,,
2017,administrative offense proceedings,catering and hotel sector,,,,,,
2018,administrative offense proceedings,catering and hotel sector,,,,,,
2019,administrative offense proceedings,catering and hotel sector,,,,,,
2020,administrative offense proceedings,catering and hotel sector,,,,,,
2021,administrative offense proceedings,catering and hotel sector,,,,,,
2022,administrative offense proceedings,catering and hotel sector,,,,,,
2023,administrative offense proceedings,catering and hotel sector,,,,,,
2024,administrative offense proceedings,catering and hotel sector,,,,,,12440.0
2025,administrative offense proceedings,catering and hotel sector,,,,,,13593.0
2010,administrative offense proceedings,hairdressing and beauty sector,,,,,,
2011,administrative offense proceedings,hairdressing and beauty sector,,,,,,
2012,administrative offense proceedings,hairdressing and beauty sector,,,,,,
2013,administrative offense proceedings,hairdressing and beauty sector,,,,,,
2014,administrative offense proceedings,hairdressing and beauty sector,,,,,,
2015,administrative offense proceedings,hairdressing and beauty sector,,,,,,
2016,administrative offense proceedings,hairdressing and beauty sector,,,,,,
2017,administrative offense proceedings,hairdressing and beauty sector,,,,,,
2018,administrative offense proceedings,hairdressing and beauty sector,,,,,,
2019,administrative offense proceedings,hairdressing and beauty sector,,,,,,
2020,administrative offense proceedings,hairdressing and beauty sector,,,,,,
2021,administrative offense proceedings,hairdressing and beauty sector,,,,,,
2022,administrative offense proceedings,hairdressing and beauty sector,,,,,,
2023,administrative offense proceedings,hairdressing and beauty sector,,,,,,
2024,administrative offense proceedings,hairdressing and beauty sector,,,,,,1406.0
2025,administrative offense proceedings,hairdressing and beauty sector,,,,,,1863.0
2010,administrative offense proceedings,"haulage, transport and associated logistics sector",,,,,,
2011,administrative offense proceedings,"haulage, transport and associated logistics sector",,,,,,
2012,administrative offense proceedings,"haulage, transport and associated logistics sector",,,,,,
2013,administrative offense proceedings,"haulage, transport and associated logistics sector",,,,,,
2014,administrative offense proceedings,"haulage, transport and associated logistics sector",,,,,,
2015,administrative offense proceedings,"haulage, transport and associated logistics sector",,,,,,
2016,administrative offense proceedings,"haulage, transport and associated logistics sector",,,,,,
2017,administrative offense proceedings,"haulage, transport and associated logistics sector",,,,,,
2018,administrative offense proceedings,"haulage, transport and associated logistics sector",,,,,,
2019,administrative offense proceedings,"haulage, transport and associated logistics sector",,,,,,
2020,administrative offense proceedings,"haulage, transport and associated logistics sector",,,,,,
2021,administrative offense proceedings,"haulage, transport and associated logistics sector",,,,,,
2022,administrative offense proceedings,"haulage, transport and associated logistics sector",,,,,,
2023,administrative offense proceedings,"haulage, transport and associated logistics sector",,,,,,
2024,administrative offense proceedings,"haulage, transport and associated logistics sector",,,,,,3169.0
2025,administrative offense proceedings,"haulage, transport and associated logistics sector",,,,,,3107.0
2010,administrative offense proceedings,,baden-württemberg,code08,,,,
2011,administrative offense proceedings,,baden-württemberg,code08,,,,
2012,administrative offense proceedings,,baden-württemberg,code08,,,,
2013,administrative offense proceedings,,baden-württemberg,code08,,,,
2014,administrative offense proceedings,,baden-württemberg,code08,,,,
2015,administrative offense proceedings,,baden-württemberg,code08,,,,
2016,administrative offense proceedings,,baden-württemberg,code08,,,,
2017,administrative offense proceedings,,baden-württemberg,code08,,,,
2018,administrative offense proceedings,,baden-württemberg,code08,,,,
2019,administrative offense proceedings,,baden-württemberg,code08,,,,
2020,administrative offense proceedings,,baden-württemberg,code08,,,,
2021,administrative offense proceedings,,baden-württemberg,code08,,,,
2022,administrative offense proceedings,,baden-württemberg,code08,,,,
2023,administrative offense proceedings,,baden-württemberg,code08,,,,
2024,administrative offense proceedings,,baden-württemberg,code08,,,,7404.0
2025,administrative offense proceedings,,baden-württemberg,code08,,,,7074.0
2010,administrative offense proceedings,construction sector,baden-württemberg,code08,,,,
2011,administrative offense proceedings,construction sector,baden-württemberg,code08,,,,
2012,administrative offense proceedings,construction sector,baden-württemberg,code08,,,,
2013,administrative offense proceedings,construction sector,baden-württemberg,code08,,,,
2014,administrative offense proceedings,construction sector,baden-württemberg,code08,,,,
2015,administrative offense proceedings,construction sector,baden-württemberg,code08,,,,
2016,administrative offense proceedings,construction sector,baden-württemberg,code08,,,,
2017,administrative offense proceedings,construction sector,baden-württemberg,code08,,,,
2018,administrative offense proceedings,construction sector,baden-württemberg,code08,,,,
2019,administrative offense proceedings,construction sector,baden-württemberg,code08,,,,
2020,administrative offense proceedings,construction sector,baden-württemberg,code08,,,,
2021,administrative offense proceedings,construction sector,baden-württemberg,code08,,,,
2022,administrative offense proceedings,construction sector,baden-württemberg,code08,,,,
2023,administrative offense proceedings,construction sector,baden-württemberg,code08,,,,
2024,administrative offense proceedings,construction sector,baden-württemberg,code08,,,,919.0
2025,administrative offense proceedings,construction sector,baden-württemberg,code08,,,,946.0
2010,administrative offense proceedings,catering and hotel sector,baden-württemberg,code08,,,,
2011,administrative offense proceedings,catering and hotel sector,baden-württemberg,code08,,,,
2012,administrative offense proceedings,catering and hotel sector,baden-württemberg,code08,,,,
2013,administrative offense proceedings,catering and hotel sector,baden-württemberg,code08,,,,
2014,administrative offense proceedings,catering and hotel sector,baden-württemberg,code08,,,,
2015,administrative offense proceedings,catering and hotel sector,baden-württemberg,code08,,,,
2016,administrative offense proceedings,catering and hotel sector,baden-württemberg,code08,,,,
2017,administrative offense proceedings,catering and hotel sector,baden-württemberg,code08,,,,
2018,administrative offense proceedings,catering and hotel sector,baden-württemberg,code08,,,,
2019,administrative offense proceedings,catering and hotel sector,baden-württemberg,code08,,,,
2020,administrative offense proceedings,catering and hotel sector,baden-württemberg,code08,,,,
2021,administrative offense proceedings,catering and hotel sector,baden-württemberg,code08,,,,
2022,administrative offense proceedings,catering and hotel sector,baden-württemberg,code08,,,,
2023,administrative offense proceedings,catering and hotel sector,baden-württemberg,code08,,,,
2024,administrative offense proceedings,catering and hotel sector,baden-württemberg,code08,,,,1909.0
2025,administrative offense proceedings,catering and hotel sector,baden-württemberg,code08,,,,1830.0
2010,administrative offense proceedings,hairdressing and beauty sector,baden-württemberg,code08,,,,
2011,administrative offense proceedings,hairdressing and beauty sector,baden-württemberg,code08,,,,
2012,administrative offense proceedings,hairdressing and beauty sector,baden-württemberg,code08,,,,
2013,administrative offense proceedings,hairdressing and beauty sector,baden-württemberg,code08,,,,
2014,administrative offense proceedings,hairdressing and beauty sector,baden-württemberg,code08,,,,
2015,administrative offense proceedings,hairdressing and beauty sector,baden-württemberg,code08,,,,
2016,administrative offense proceedings,hairdressing and beauty sector,baden-württemberg,code08,,,,
2017,administrative offense proceedings,hairdressing and beauty sector,baden-württemberg,code08,,,,
2018,administrative offense proceedings,hairdressing and beauty sector,baden-württemberg,code08,,,,
2019,administrative offense proceedings,hairdressing and beauty sector,baden-württemberg,code08,,,,
2020,administrative offense proceedings,hairdressing and beauty sector,baden-württemberg,code08,,,,
2021,administrative offense proceedings,hairdressing and beauty sector,baden-württemberg,code08,,,,
2022,administrative offense proceedings,hairdressing and beauty sector,baden-württemberg,code08,,,,
2023,administrative offense proceedings,hairdressing and beauty sector,baden-württemberg,code08,,,,
2024,administrative offense proceedings,hairdressing and beauty sector,baden-württemberg,code08,,,,199.0
2025,administrative offense proceedings,hairdressing and beauty sector,baden-württemberg,code08,,,,228.0
2010,administrative offense proceedings,"haulage, transport and associated logistics sector",baden-württemberg,code08,,,,
2011,administrative offense proceedings,"haulage, transport and associated logistics sector",baden-württemberg,code08,,,,
2012,administrative offense proceedings,"haulage, transport and associated logistics sector",baden-württemberg,code08,,,,
2013,administrative offense proceedings,"haulage, transport and associated logistics sector",baden-württemberg,code08,,,,
2014,administrative offense proceedings,"haulage, transport and associated logistics sector",baden-württemberg,code08,,,,
2015,administrative offense proceedings,"haulage, transport and associated logistics sector",baden-württemberg,code08,,,,
2016,administrative offense proceedings,"haulage, transport and associated logistics sector",baden-württemberg,code08,,,,
2017,administrative offense proceedings,"haulage, transport and associated logistics sector",baden-württemberg,code08,,,,
2018,administrative offense proceedings,"haulage, transport and associated logistics sector",baden-württemberg,code08,,,,
2019,administrative offense proceedings,"haulage, transport and associated logistics sector",baden-württemberg,code08,,,,
2020,administrative offense proceedings,"haulage, transport and associated logistics sector",baden-württemberg,code08,,,,
2021,administrative offense proceedings,"haulage, transport and associated logistics sector",baden-württemberg,code08,,,,
2022,administrative offense proceedings,"haulage, transport and associated logistics sector",baden-württemberg,code08,,,,
2023,administrative offense proceedings,"haulage, transport and associated logistics sector",baden-württemberg,code08,,,,
2024,administrative offense proceedings,"haulage, transport and associated logistics sector",baden-württemberg,code08,,,,432.0
2025,administrative offense proceedings,"haulage, transport and associated logistics sector",baden-württemberg,code08,,,,389.0
2010,administrative offense proceedings,,bavaria,code09,,,,
2011,administrative offense proceedings,,bavaria,code09,,,,
2012,administrative offense proceedings,,bavaria,code09,,,,
2013,administrative offense proceedings,,bavaria,code09,,,,
2014,administrative offense proceedings,,bavaria,code09,,,,
2015,administrative offense proceedings,,bavaria,code09,,,,
2016,administrative offense proceedings,,bavaria,code09,,,,
2017,administrative offense proceedings,,bavaria,code09,,,,
2018,administrative offense proceedings,,bavaria,code09,,,,
2019,administrative offense proceedings,,bavaria,code09,,,,
2020,administrative offense proceedings,,bavaria,code09,,,,
2021,administrative offense proceedings,,bavaria,code09,,,,
2022,administrative offense proceedings,,bavaria,code09,,,,
2023,administrative offense proceedings,,bavaria,code09,,,,
2024,administrative offense proceedings,,bavaria,code09,,,,6658.0
2025,administrative offense proceedings,,bavaria,code09,,,,6569.0
2010,administrative offense proceedings,construction sector,bavaria,code09,,,,
2011,administrative offense proceedings,construction sector,bavaria,code09,,,,
2012,administrative offense proceedings,construction sector,bavaria,code09,,,,
2013,administrative offense proceedings,construction sector,bavaria,code09,,,,
2014,administrative offense proceedings,construction sector,bavaria,code09,,,,
2015,administrative offense proceedings,construction sector,bavaria,code09,,,,
2016,administrative offense proceedings,construction sector,bavaria,code09,,,,
2017,administrative offense proceedings,construction sector,bavaria,code09,,,,
2018,administrative offense proceedings,construction sector,bavaria,code09,,,,
2019,administrative offense proceedings,construction sector,bavaria,code09,,,,
2020,administrative offense proceedings,construction sector,bavaria,code09,,,,
2021,administrative offense proceedings,construction sector,bavaria,code09,,,,
2022,administrative offense proceedings,construction sector,bavaria,code09,,,,
2023,administrative offense proceedings,construction sector,bavaria,code09,,,,
2024,administrative offense proceedings,construction sector,bavaria,code09,,,,905.0
2025,administrative offense proceedings,construction sector,bavaria,code09,,,,917.0
2010,administrative offense proceedings,catering and hotel sector,bavaria,code09,,,,
2011,administrative offense proceedings,catering and hotel sector,bavaria,code09,,,,
2012,administrative offense proceedings,catering and hotel sector,bavaria,code09,,,,
2013,administrative offense proceedings,catering and hotel sector,bavaria,code09,,,,
2014,administrative offense proceedings,catering and hotel sector,bavaria,code09,,,,
2015,administrative offense proceedings,catering and hotel sector,bavaria,code09,,,,
2016,administrative offense proceedings,catering and hotel sector,bavaria,code09,,,,
2017,administrative offense proceedings,catering and hotel sector,bavaria,code09,,,,
2018,administrative offense proceedings,catering and hotel sector,bavaria,code09,,,,
2019,administrative offense proceedings,catering and hotel sector,bavaria,code09,,,,
2020,administrative offense proceedings,catering and hotel sector,bavaria,code09,,,,
2021,administrative offense proceedings,catering and hotel sector,bavaria,code09,,,,
2022,administrative offense proceedings,catering and hotel sector,bavaria,code09,,,,
2023,administrative offense proceedings,catering and hotel sector,bavaria,code09,,,,
2024,administrative offense proceedings,catering and hotel sector,bavaria,code09,,,,1697.0
2025,administrative offense proceedings,catering and hotel sector,bavaria,code09,,,,1742.0
2010,administrative offense proceedings,hairdressing and beauty sector,bavaria,code09,,,,
2011,administrative offense proceedings,hairdressing and beauty sector,bavaria,code09,,,,
2012,administrative offense proceedings,hairdressing and beauty sector,bavaria,code09,,,,
2013,administrative offense proceedings,hairdressing and beauty sector,bavaria,code09,,,,
2014,administrative offense proceedings,hairdressing and beauty sector,bavaria,code09,,,,
2015,administrative offense proceedings,hairdressing and beauty sector,bavaria,code09,,,,
2016,administrative offense proceedings,hairdressing and beauty sector,bavaria,code09,,,,
2017,administrative offense proceedings,hairdressing and beauty sector,bavaria,code09,,,,
2018,administrative offense proceedings,hairdressing and beauty sector,bavaria,code09,,,,
2019,administrative offense proceedings,hairdressing and beauty sector,bavaria,code09,,,,
2020,administrative offense proceedings,hairdressing and beauty sector,bavaria,code09,,,,
2021,administrative offense proceedings,hairdressing and beauty sector,bavaria,code09,,,,
2022,administrative offense proceedings,hairdressing and beauty sector,bavaria,code09,,,,
2023,administrative offense proceedings,hairdressing and beauty sector,bavaria,code09,,,,
2024,administrative offense proceedings,hairdressing and beauty sector,bavaria,code09,,,,164.0
2025,administrative offense proceedings,hairdressing and beauty sector,bavaria,code09,,,,212.0
2010,administrative offense proceedings,"haulage, transport and associated logistics sector",bavaria,code09,,,,
2011,administrative offense proceedings,"haulage, transport and associated logistics sector",bavaria,code09,,,,
2012,administrative offense proceedings,"haulage, transport and associated logistics sector",bavaria,code09,,,,
2013,administrative offense proceedings,"haulage, transport and associated logistics sector",bavaria,code09,,,,
2014,administrative offense proceedings,"haulage, transport and associated logistics sector",bavaria,code09,,,,
2015,administrative offense proceedings,"haulage, transport and associated logistics sector",bavaria,code09,,,,
2016,administrative offense proceedings,"haulage, transport and associated logistics sector",bavaria,code09,,,,
2017,administrative offense proceedings,"haulage, transport and associated logistics sector",bavaria,code09,,,,
2018,administrative offense proceedings,"haulage, transport and associated logistics sector",bavaria,code09,,,,
2019,administrative offense proceedings,"haulage, transport and associated logistics sector",bavaria,code09,,,,
2020,administrative offense proceedings,"haulage, transport and associated logistics sector",bavaria,code09,,,,
2021,administrative offense proceedings,"haulage, transport and associated logistics sector",bavaria,code09,,,,
2022,administrative offense proceedings,"haulage, transport and associated logistics sector",bavaria,code09,,,,
2023,administrative offense proceedings,"haulage, transport and associated logistics sector",bavaria,code09,,,,
2024,administrative offense proceedings,"haulage, transport and associated logistics sector",bavaria,code09,,,,702.0
2025,administrative offense proceedings,"haulage, transport and associated logistics sector",bavaria,code09,,,,442.0
2010,administrative offense proceedings,,berlin,code11,,,,
2011,administrative offense proceedings,,berlin,code11,,,,
2012,administrative offense proceedings,,berlin,code11,,,,
2013,administrative offense proceedings,,berlin,code11,,,,
2014,administrative offense proceedings,,berlin,code11,,,,
2015,administrative offense proceedings,,berlin,code11,,,,
2016,administrative offense proceedings,,berlin,code11,,,,
2017,administrative offense proceedings,,berlin,code11,,,,
2018,administrative offense proceedings,,berlin,code11,,,,
2019,administrative offense proceedings,,berlin,code11,,,,
2020,administrative offense proceedings,,berlin,code11,,,,
2021,administrative offense proceedings,,berlin,code11,,,,
2022,administrative offense proceedings,,berlin,code11,,,,
2023,administrative offense proceedings,,berlin,code11,,,,
2024,administrative offense proceedings,,berlin,code11,,,,1714.0
2025,administrative offense proceedings,,berlin,code11,,,,2452.0
2010,administrative offense proceedings,construction sector,berlin,code11,,,,
2011,administrative offense proceedings,construction sector,berlin,code11,,,,
2012,administrative offense proceedings,construction sector,berlin,code11,,,,
2013,administrative offense proceedings,construction sector,berlin,code11,,,,
2014,administrative offense proceedings,construction sector,berlin,code11,,,,
2015,administrative offense proceedings,construction sector,berlin,code11,,,,
2016,administrative offense proceedings,construction sector,berlin,code11,,,,
2017,administrative offense proceedings,construction sector,berlin,code11,,,,
2018,administrative offense proceedings,construction sector,berlin,code11,,,,
2019,administrative offense proceedings,construction sector,berlin,code11,,,,
2020,administrative offense proceedings,construction sector,berlin,code11,,,,
2021,administrative offense proceedings,construction sector,berlin,code11,,,,
2022,administrative offense proceedings,construction sector,berlin,code11,,,,
2023,administrative offense proceedings,construction sector,berlin,code11,,,,
2024,administrative offense proceedings,construction sector,berlin,code11,,,,150.0
2025,administrative offense proceedings,construction sector,berlin,code11,,,,379.0
2010,administrative offense proceedings,catering and hotel sector,berlin,code11,,,,
2011,administrative offense proceedings,catering and hotel sector,berlin,code11,,,,
2012,administrative offense proceedings,catering and hotel sector,berlin,code11,,,,
2013,administrative offense proceedings,catering and hotel sector,berlin,code11,,,,
2014,administrative offense proceedings,catering and hotel sector,berlin,code11,,,,
2015,administrative offense proceedings,catering and hotel sector,berlin,code11,,,,
2016,administrative offense proceedings,catering and hotel sector,berlin,code11,,,,
2017,administrative offense proceedings,catering and hotel sector,berlin,code11,,,,
2018,administrative offense proceedings,catering and hotel sector,berlin,code11,,,,
2019,administrative offense proceedings,catering and hotel sector,berlin,code11,,,,
2020,administrative offense proceedings,catering and hotel sector,berlin,code11,,,,
2021,administrative offense proceedings,catering and hotel sector,berlin,code11,,,,
2022,administrative offense proceedings,catering and hotel sector,berlin,code11,,,,
2023,administrative offense proceedings,catering and hotel sector,berlin,code11,,,,
2024,administrative offense proceedings,catering and hotel sector,berlin,code11,,,,718.0
2025,administrative offense proceedings,catering and hotel sector,berlin,code11,,,,1038.0
2010,administrative offense proceedings,hairdressing and beauty sector,berlin,code11,,,,
2011,administrative offense proceedings,hairdressing and beauty sector,berlin,code11,,,,
2012,administrative offense proceedings,hairdressing and beauty sector,berlin,code11,,,,
2013,administrative offense proceedings,hairdressing and beauty sector,berlin,code11,,,,
2014,administrative offense proceedings,hairdressing and beauty sector,berlin,code11,,,,
2015,administrative offense proceedings,hairdressing and beauty sector,berlin,code11,,,,
2016,administrative offense proceedings,hairdressing and beauty sector,berlin,code11,,,,
2017,administrative offense proceedings,hairdressing and beauty sector,berlin,code11,,,,
2018,administrative offense proceedings,hairdressing and beauty sector,berlin,code11,,,,
2019,administrative offense proceedings,hairdressing and beauty sector,berlin,code11,,,,
2020,administrative offense proceedings,hairdressing and beauty sector,berlin,code11,,,,
2021,administrative offense proceedings,hairdressing and beauty sector,berlin,code11,,,,
2022,administrative offense proceedings,hairdressing and beauty sector,berlin,code11,,,,
2023,administrative offense proceedings,hairdressing and beauty sector,berlin,code11,,,,
2024,administrative offense proceedings,hairdressing and beauty sector,berlin,code11,,,,95.0
2025,administrative offense proceedings,hairdressing and beauty sector,berlin,code11,,,,117.0
2010,administrative offense proceedings,"haulage, transport and associated logistics sector",berlin,code11,,,,
2011,administrative offense proceedings,"haulage, transport and associated logistics sector",berlin,code11,,,,
2012,administrative offense proceedings,"haulage, transport and associated logistics sector",berlin,code11,,,,
2013,administrative offense proceedings,"haulage, transport and associated logistics sector",berlin,code11,,,,
2014,administrative offense proceedings,"haulage, transport and associated logistics sector",berlin,code11,,,,
2015,administrative offense proceedings,"haulage, transport and associated logistics sector",berlin,code11,,,,
2016,administrative offense proceedings,"haulage, transport and associated logistics sector",berlin,code11,,,,
2017,administrative offense proceedings,"haulage, transport and associated logistics sector",berlin,code11,,,,
2018,administrative offense proceedings,"haulage, transport and associated logistics sector",berlin,code11,,,,
2019,administrative offense proceedings,"haulage, transport and associated logistics sector",berlin,code11,,,,
2020,administrative offense proceedings,"haulage, transport and associated logistics sector",berlin,code11,,,,
2021,administrative offense proceedings,"haulage, transport and associated logistics sector",berlin,code11,,,,
2022,administrative offense proceedings,"haulage, transport and associated logistics sector",berlin,code11,,,,
2023,administrative offense proceedings,"haulage, transport and associated logistics sector",berlin,code11,,,,
2024,administrative offense proceedings,"haulage, transport and associated logistics sector",berlin,code11,,,,108.0
2025,administrative offense proceedings,"haulage, transport and associated logistics sector",berlin,code11,,,,143.0
2010,administrative offense proceedings,,brandenburg,code12,,,,
2011,administrative offense proceedings,,brandenburg,code12,,,,
2012,administrative offense proceedings,,brandenburg,code12,,,,
2013,administrative offense proceedings,,brandenburg,code12,,,,
2014,administrative offense proceedings,,brandenburg,code12,,,,
2015,administrative offense proceedings,,brandenburg,code12,,,,
2016,administrative offense proceedings,,brandenburg,code12,,,,
2017,administrative offense proceedings,,brandenburg,code12,,,,
2018,administrative offense proceedings,,brandenburg,code12,,,,
2019,administrative offense proceedings,,brandenburg,code12,,,,
2020,administrative offense proceedings,,brandenburg,code12,,,,
2021,administrative offense proceedings,,brandenburg,code12,,,,
2022,administrative offense proceedings,,brandenburg,code12,,,,
2023,administrative offense proceedings,,brandenburg,code12,,,,
2024,administrative offense proceedings,,brandenburg,code12,,,,1355.0
2025,administrative offense proceedings,,brandenburg,code12,,,,1335.0
2010,administrative offense proceedings,construction sector,brandenburg,code12,,,,
2011,administrative offense proceedings,construction sector,brandenburg,code12,,,,
2012,administrative offense proceedings,construction sector,brandenburg,code12,,,,
2013,administrative offense proceedings,construction sector,brandenburg,code12,,,,
2014,administrative offense proceedings,construction sector,brandenburg,code12,,,,
2015,administrative offense proceedings,construction sector,brandenburg,code12,,,,
2016,administrative offense proceedings,construction sector,brandenburg,code12,,,,
2017,administrative offense proceedings,construction sector,brandenburg,code12,,,,
2018,administrative offense proceedings,construction sector,brandenburg,code12,,,,
2019,administrative offense proceedings,construction sector,brandenburg,code12,,,,
2020,administrative offense proceedings,construction sector,brandenburg,code12,,,,
2021,administrative offense proceedings,construction sector,brandenburg,code12,,,,
2022,administrative offense proceedings,construction sector,brandenburg,code12,,,,
2023,administrative offense proceedings,construction sector,brandenburg,code12,,,,
2024,administrative offense proceedings,construction sector,brandenburg,code12,,,,195.0
2025,administrative offense proceedings,construction sector,brandenburg,code12,,,,175.0
2010,administrative offense proceedings,catering and hotel sector,brandenburg,code12,,,,
2011,administrative offense proceedings,catering and hotel sector,brandenburg,code12,,,,
2012,administrative offense proceedings,catering and hotel sector,brandenburg,code12,,,,
2013,administrative offense proceedings,catering and hotel sector,brandenburg,code12,,,,
2014,administrative offense proceedings,catering and hotel sector,brandenburg,code12,,,,
2015,administrative offense proceedings,catering and hotel sector,brandenburg,code12,,,,
2016,administrative offense proceedings,catering and hotel sector,brandenburg,code12,,,,
2017,administrative offense proceedings,catering and hotel sector,brandenburg,code12,,,,
2018,administrative offense proceedings,catering and hotel sector,brandenburg,code12,,,,
2019,administrative offense proceedings,catering and hotel sector,brandenburg,code12,,,,
2020,administrative offense proceedings,catering and hotel sector,brandenburg,code12,,,,
2021,administrative offense proceedings,catering and hotel sector,brandenburg,code12,,,,
2022,administrative offense proceedings,catering and hotel sector,brandenburg,code12,,,,
2023,administrative offense proceedings,catering and hotel sector,brandenburg,code12,,,,
2024,administrative offense proceedings,catering and hotel sector,brandenburg,code12,,,,320.0
2025,administrative offense proceedings,catering and hotel sector,brandenburg,code12,,,,398.0
2010,administrative offense proceedings,hairdressing and beauty sector,brandenburg,code12,,,,
2011,administrative offense proceedings,hairdressing and beauty sector,brandenburg,code12,,,,
2012,administrative offense proceedings,hairdressing and beauty sector,brandenburg,code12,,,,
2013,administrative offense proceedings,hairdressing and beauty sector,brandenburg,code12,,,,
2014,administrative offense proceedings,hairdressing and beauty sector,brandenburg,code12,,,,
2015,administrative offense proceedings,hairdressing and beauty sector,brandenburg,code12,,,,
2016,administrative offense proceedings,hairdressing and beauty sector,brandenburg,code12,,,,
2017,administrative offense proceedings,hairdressing and beauty sector,brandenburg,code12,,,,
2018,administrative offense proceedings,hairdressing and beauty sector,brandenburg,code12,,,,
2019,administrative offense proceedings,hairdressing and beauty sector,brandenburg,code12,,,,
2020,administrative offense proceedings,hairdressing and beauty sector,brandenburg,code12,,,,
2021,administrative offense proceedings,hairdressing and beauty sector,brandenburg,code12,,,,
2022,administrative offense proceedings,hairdressing and beauty sector,brandenburg,code12,,,,
2023,administrative offense proceedings,hairdressing and beauty sector,brandenburg,code12,,,,
2024,administrative offense proceedings,hairdressing and beauty sector,brandenburg,code12,,,,29.0
2025,administrative offense proceedings,hairdressing and beauty sector,brandenburg,code12,,,,54.0
2010,administrative offense proceedings,"haulage, transport and associated logistics sector",brandenburg,code12,,,,
2011,administrative offense proceedings,"haulage, transport and associated logistics sector",brandenburg,code12,,,,
2012,administrative offense proceedings,"haulage, transport and associated logistics sector",brandenburg,code12,,,,
2013,administrative offense proceedings,"haulage, transport and associated logistics sector",brandenburg,code12,,,,
2014,administrative offense proceedings,"haulage, transport and associated logistics sector",brandenburg,code12,,,,
2015,administrative offense proceedings,"haulage, transport and associated logistics sector",brandenburg,code12,,,,
2016,administrative offense proceedings,"haulage, transport and associated logistics sector",brandenburg,code12,,,,
2017,administrative offense proceedings,"haulage, transport and associated logistics sector",brandenburg,code12,,,,
2018,administrative offense proceedings,"haulage, transport and associated logistics sector",brandenburg,code12,,,,
2019,administrative offense proceedings,"haulage, transport and associated logistics sector",brandenburg,code12,,,,
2020,administrative offense proceedings,"haulage, transport and associated logistics sector",brandenburg,code12,,,,
2021,administrative offense proceedings,"haulage, transport and associated logistics sector",brandenburg,code12,,,,
2022,administrative offense proceedings,"haulage, transport and associated logistics sector",brandenburg,code12,,,,
2023,administrative offense proceedings,"haulage, transport and associated logistics sector",brandenburg,code12,,,,
2024,administrative offense proceedings,"haulage, transport and associated logistics sector",brandenburg,code12,,,,49.0
2025,administrative offense proceedings,"haulage, transport and associated logistics sector",brandenburg,code12,,,,87.0
2010,administrative offense proceedings,,bremen,code04,,,,
2011,administrative offense proceedings,,bremen,code04,,,,
2012,administrative offense proceedings,,bremen,code04,,,,
2013,administrative offense proceedings,,bremen,code04,,,,
2014,administrative offense proceedings,,bremen,code04,,,,
2015,administrative offense proceedings,,bremen,code04,,,,
2016,administrative offense proceedings,,bremen,code04,,,,
2017,administrative offense proceedings,,bremen,code04,,,,
2018,administrative offense proceedings,,bremen,code04,,,,
2019,administrative offense proceedings,,bremen,code04,,,,
2020,administrative offense proceedings,,bremen,code04,,,,
2021,administrative offense proceedings,,bremen,code04,,,,
2022,administrative offense proceedings,,bremen,code04,,,,
2023,administrative offense proceedings,,bremen,code04,,,,
2024,administrative offense proceedings,,bremen,code04,,,,2028.0
2025,administrative offense proceedings,,bremen,code04,,,,1649.0
2010,administrative offense proceedings,construction sector,bremen,code04,,,,
2011,administrative offense proceedings,construction sector,bremen,code04,,,,
2012,administrative offense proceedings,construction sector,bremen,code04,,,,
2013,administrative offense proceedings,construction sector,bremen,code04,,,,
2014,administrative offense proceedings,construction sector,bremen,code04,,,,
2015,administrative offense proceedings,construction sector,bremen,code04,,,,
2016,administrative offense proceedings,construction sector,bremen,code04,,,,
2017,administrative offense proceedings,construction sector,bremen,code04,,,,
2018,administrative offense proceedings,construction sector,bremen,code04,,,,
2019,administrative offense proceedings,construction sector,bremen,code04,,,,
2020,administrative offense proceedings,construction sector,bremen,code04,,,,
2021,administrative offense proceedings,construction sector,bremen,code04,,,,
2022,administrative offense proceedings,construction sector,bremen,code04,,,,
2023,administrative offense proceedings,construction sector,bremen,code04,,,,
2024,administrative offense proceedings,construction sector,bremen,code04,,,,183.0
2025,administrative offense proceedings,construction sector,bremen,code04,,,,192.0
2010,administrative offense proceedings,catering and hotel sector,bremen,code04,,,,
2011,administrative offense proceedings,catering and hotel sector,bremen,code04,,,,
2012,administrative offense proceedings,catering and hotel sector,bremen,code04,,,,
2013,administrative offense proceedings,catering and hotel sector,bremen,code04,,,,
2014,administrative offense proceedings,catering and hotel sector,bremen,code04,,,,
2015,administrative offense proceedings,catering and hotel sector,bremen,code04,,,,
2016,administrative offense proceedings,catering and hotel sector,bremen,code04,,,,
2017,administrative offense proceedings,catering and hotel sector,bremen,code04,,,,
2018,administrative offense proceedings,catering and hotel sector,bremen,code04,,,,
2019,administrative offense proceedings,catering and hotel sector,bremen,code04,,,,
2020,administrative offense proceedings,catering and hotel sector,bremen,code04,,,,
2021,administrative offense proceedings,catering and hotel sector,bremen,code04,,,,
2022,administrative offense proceedings,catering and hotel sector,bremen,code04,,,,
2023,administrative offense proceedings,catering and hotel sector,bremen,code04,,,,
2024,administrative offense proceedings,catering and hotel sector,bremen,code04,,,,338.0
2025,administrative offense proceedings,catering and hotel sector,bremen,code04,,,,361.0
2010,administrative offense proceedings,hairdressing and beauty sector,bremen,code04,,,,
2011,administrative offense proceedings,hairdressing and beauty sector,bremen,code04,,,,
2012,administrative offense proceedings,hairdressing and beauty sector,bremen,code04,,,,
2013,administrative offense proceedings,hairdressing and beauty sector,bremen,code04,,,,
2014,administrative offense proceedings,hairdressing and beauty sector,bremen,code04,,,,
2015,administrative offense proceedings,hairdressing and beauty sector,bremen,code04,,,,
2016,administrative offense proceedings,hairdressing and beauty sector,bremen,code04,,,,
2017,administrative offense proceedings,hairdressing and beauty sector,bremen,code04,,,,
2018,administrative offense proceedings,hairdressing and beauty sector,bremen,code04,,,,
2019,administrative offense proceedings,hairdressing and beauty sector,bremen,code04,,,,
2020,administrative offense proceedings,hairdressing and beauty sector,bremen,code04,,,,
2021,administrative offense proceedings,hairdressing and beauty sector,bremen,code04,,,,
2022,administrative offense proceedings,hairdressing and beauty sector,bremen,code04,,,,
2023,administrative offense proceedings,hairdressing and beauty sector,bremen,code04,,,,
2024,administrative offense proceedings,hairdressing and beauty sector,bremen,code04,,,,23.0
2025,administrative offense proceedings,hairdressing and beauty sector,bremen,code04,,,,35.0
2010,administrative offense proceedings,"haulage, transport and associated logistics sector",bremen,code04,,,,
2011,administrative offense proceedings,"haulage, transport and associated logistics sector",bremen,code04,,,,
2012,administrative offense proceedings,"haulage, transport and associated logistics sector",bremen,code04,,,,
2013,administrative offense proceedings,"haulage, transport and associated logistics sector",bremen,code04,,,,
2014,administrative offense proceedings,"haulage, transport and associated logistics sector",bremen,code04,,,,
2015,administrative offense proceedings,"haulage, transport and associated logistics sector",bremen,code04,,,,
2016,administrative offense proceedings,"haulage, transport and associated logistics sector",bremen,code04,,,,
2017,administrative offense proceedings,"haulage, transport and associated logistics sector",bremen,code04,,,,
2018,administrative offense proceedings,"haulage, transport and associated logistics sector",bremen,code04,,,,
2019,administrative offense proceedings,"haulage, transport and associated logistics sector",bremen,code04,,,,
2020,administrative offense proceedings,"haulage, transport and associated logistics sector",bremen,code04,,,,
2021,administrative offense proceedings,"haulage, transport and associated logistics sector",bremen,code04,,,,
2022,administrative offense proceedings,"haulage, transport and associated logistics sector",bremen,code04,,,,
2023,administrative offense proceedings,"haulage, transport and associated logistics sector",bremen,code04,,,,
2024,administrative offense proceedings,"haulage, transport and associated logistics sector",bremen,code04,,,,99.0
2025,administrative offense proceedings,"haulage, transport and associated logistics sector",bremen,code04,,,,47.0
2010,administrative offense proceedings,,hamburg,code02,,,,
2011,administrative offense proceedings,,hamburg,code02,,,,
2012,administrative offense proceedings,,hamburg,code02,,,,
2013,administrative offense proceedings,,hamburg,code02,,,,
2014,administrative offense proceedings,,hamburg,code02,,,,
2015,administrative offense proceedings,,hamburg,code02,,,,
2016,administrative offense proceedings,,hamburg,code02,,,,
2017,administrative offense proceedings,,hamburg,code02,,,,
2018,administrative offense proceedings,,hamburg,code02,,,,
2019,administrative offense proceedings,,hamburg,code02,,,,
2020,administrative offense proceedings,,hamburg,code02,,,,
2021,administrative offense proceedings,,hamburg,code02,,,,
2022,administrative offense proceedings,,hamburg,code02,,,,
2023,administrative offense proceedings,,hamburg,code02,,,,
2024,administrative offense proceedings,,hamburg,code02,,,,1234.0
2025,administrative offense proceedings,,hamburg,code02,,,,1619.0
2010,administrative offense proceedings,construction sector,hamburg,code02,,,,
2011,administrative offense proceedings,construction sector,hamburg,code02,,,,
2012,administrative offense proceedings,construction sector,hamburg,code02,,,,
2013,administrative offense proceedings,construction sector,hamburg,code02,,,,
2014,administrative offense proceedings,construction sector,hamburg,code02,,,,
2015,administrative offense proceedings,construction sector,hamburg,code02,,,,
2016,administrative offense proceedings,construction sector,hamburg,code02,,,,
2017,administrative offense proceedings,construction sector,hamburg,code02,,,,
2018,administrative offense proceedings,construction sector,hamburg,code02,,,,
2019,administrative offense proceedings,construction sector,hamburg,code02,,,,
2020,administrative offense proceedings,construction sector,hamburg,code02,,,,
2021,administrative offense proceedings,construction sector,hamburg,code02,,,,
2022,administrative offense proceedings,construction sector,hamburg,code02,,,,
2023,administrative offense proceedings,construction sector,hamburg,code02,,,,
2024,administrative offense proceedings,construction sector,hamburg,code02,,,,140.0
2025,administrative offense proceedings,construction sector,hamburg,code02,,,,103.0
2010,administrative offense proceedings,catering and hotel sector,hamburg,code02,,,,
2011,administrative offense proceedings,catering and hotel sector,hamburg,code02,,,,
2012,administrative offense proceedings,catering and hotel sector,hamburg,code02,,,,
2013,administrative offense proceedings,catering and hotel sector,hamburg,code02,,,,
2014,administrative offense proceedings,catering and hotel sector,hamburg,code02,,,,
2015,administrative offense proceedings,catering and hotel sector,hamburg,code02,,,,
2016,administrative offense proceedings,catering and hotel sector,hamburg,code02,,,,
2017,administrative offense proceedings,catering and hotel sector,hamburg,code02,,,,
2018,administrative offense proceedings,catering and hotel sector,hamburg,code02,,,,
2019,administrative offense proceedings,catering and hotel sector,hamburg,code02,,,,
2020,administrative offense proceedings,catering and hotel sector,hamburg,code02,,,,
2021,administrative offense proceedings,catering and hotel sector,hamburg,code02,,,,
2022,administrative offense proceedings,catering and hotel sector,hamburg,code02,,,,
2023,administrative offense proceedings,catering and hotel sector,hamburg,code02,,,,
2024,administrative offense proceedings,catering and hotel sector,hamburg,code02,,,,226.0
2025,administrative offense proceedings,catering and hotel sector,hamburg,code02,,,,262.0
2010,administrative offense proceedings,hairdressing and beauty sector,hamburg,code02,,,,
2011,administrative offense proceedings,hairdressing and beauty sector,hamburg,code02,,,,
2012,administrative offense proceedings,hairdressing and beauty sector,hamburg,code02,,,,
2013,administrative offense proceedings,hairdressing and beauty sector,hamburg,code02,,,,
2014,administrative offense proceedings,hairdressing and beauty sector,hamburg,code02,,,,
2015,administrative offense proceedings,hairdressing and beauty sector,hamburg,code02,,,,
2016,administrative offense proceedings,hairdressing and beauty sector,hamburg,code02,,,,
2017,administrative offense proceedings,hairdressing and beauty sector,hamburg,code02,,,,
2018,administrative offense proceedings,hairdressing and beauty sector,hamburg,code02,,,,
2019,administrative offense proceedings,hairdressing and beauty sector,hamburg,code02,,,,
2020,administrative offense proceedings,hairdressing and beauty sector,hamburg,code02,,,,
2021,administrative offense proceedings,hairdressing and beauty sector,hamburg,code02,,,,
2022,administrative offense proceedings,hairdressing and beauty sector,hamburg,code02,,,,
2023,administrative offense proceedings,hairdressing and beauty sector,hamburg,code02,,,,
2024,administrative offense proceedings,hairdressing and beauty sector,hamburg,code02,,,,40.0
2025,administrative offense proceedings,hairdressing and beauty sector,hamburg,code02,,,,56.0
2010,administrative offense proceedings,"haulage, transport and associated logistics sector",hamburg,code02,,,,
2011,administrative offense proceedings,"haulage, transport and associated logistics sector",hamburg,code02,,,,
2012,administrative offense proceedings,"haulage, transport and associated logistics sector",hamburg,code02,,,,
2013,administrative offense proceedings,"haulage, transport and associated logistics sector",hamburg,code02,,,,
2014,administrative offense proceedings,"haulage, transport and associated logistics sector",hamburg,code02,,,,
2015,administrative offense proceedings,"haulage, transport and associated logistics sector",hamburg,code02,,,,
2016,administrative offense proceedings,"haulage, transport and associated logistics sector",hamburg,code02,,,,
2017,administrative offense proceedings,"haulage, transport and associated logistics sector",hamburg,code02,,,,
2018,administrative offense proceedings,"haulage, transport and associated logistics sector",hamburg,code02,,,,
2019,administrative offense proceedings,"haulage, transport and associated logistics sector",hamburg,code02,,,,
2020,administrative offense proceedings,"haulage, transport and associated logistics sector",hamburg,code02,,,,
2021,administrative offense proceedings,"haulage, transport and associated logistics sector",hamburg,code02,,,,
2022,administrative offense proceedings,"haulage, transport and associated logistics sector",hamburg,code02,,,,
2023,administrative offense proceedings,"haulage, transport and associated logistics sector",hamburg,code02,,,,
2024,administrative offense proceedings,"haulage, transport and associated logistics sector",hamburg,code02,,,,90.0
2025,administrative offense proceedings,"haulage, transport and associated logistics sector",hamburg,code02,,,,120.0
2010,administrative offense proceedings,,hesse,code06,,,,
2011,administrative offense proceedings,,hesse,code06,,,,
2012,administrative offense proceedings,,hesse,code06,,,,
2013,administrative offense proceedings,,hesse,code06,,,,
2014,administrative offense proceedings,,hesse,code06,,,,
2015,administrative offense proceedings,,hesse,code06,,,,
2016,administrative offense proceedings,,hesse,code06,,,,
2017,administrative offense proceedings,,hesse,code06,,,,
2018,administrative offense proceedings,,hesse,code06,,,,
2019,administrative offense proceedings,,hesse,code06,,,,
2020,administrative offense proceedings,,hesse,code06,,,,
2021,administrative offense proceedings,,hesse,code06,,,,
2022,administrative offense proceedings,,hesse,code06,,,,
2023,administrative offense proceedings,,hesse,code06,,,,
2024,administrative offense proceedings,,hesse,code06,,,,4383.0
2025,administrative offense proceedings,,hesse,code06,,,,4611.0
2010,administrative offense proceedings,construction sector,hesse,code06,,,,
2011,administrative offense proceedings,construction sector,hesse,code06,,,,
2012,administrative offense proceedings,construction sector,hesse,code06,,,,
2013,administrative offense proceedings,construction sector,hesse,code06,,,,
2014,administrative offense proceedings,construction sector,hesse,code06,,,,
2015,administrative offense proceedings,construction sector,hesse,code06,,,,
2016,administrative offense proceedings,construction sector,hesse,code06,,,,
2017,administrative offense proceedings,construction sector,hesse,code06,,,,
2018,administrative offense proceedings,construction sector,hesse,code06,,,,
2019,administrative offense proceedings,construction sector,hesse,code06,,,,
2020,administrative offense proceedings,construction sector,hesse,code06,,,,
2021,administrative offense proceedings,construction sector,hesse,code06,,,,
2022,administrative offense proceedings,construction sector,hesse,code06,,,,
2023,administrative offense proceedings,construction sector,hesse,code06,,,,
2024,administrative offense proceedings,construction sector,hesse,code06,,,,870.0
2025,administrative offense proceedings,construction sector,hesse,code06,,,,788.0
2010,administrative offense proceedings,catering and hotel sector,hesse,code06,,,,
2011,administrative offense proceedings,catering and hotel sector,hesse,code06,,,,
2012,administrative offense proceedings,catering and hotel sector,hesse,code06,,,,
2013,administrative offense proceedings,catering and hotel sector,hesse,code06,,,,
2014,administrative offense proceedings,catering and hotel sector,hesse,code06,,,,
2015,administrative offense proceedings,catering and hotel sector,hesse,code06,,,,
2016,administrative offense proceedings,catering and hotel sector,hesse,code06,,,,
2017,administrative offense proceedings,catering and hotel sector,hesse,code06,,,,
2018,administrative offense proceedings,catering and hotel sector,hesse,code06,,,,
2019,administrative offense proceedings,catering and hotel sector,hesse,code06,,,,
2020,administrative offense proceedings,catering and hotel sector,hesse,code06,,,,
2021,administrative offense proceedings,catering and hotel sector,hesse,code06,,,,
2022,administrative offense proceedings,catering and hotel sector,hesse,code06,,,,
2023,administrative offense proceedings,catering and hotel sector,hesse,code06,,,,
2024,administrative offense proceedings,catering and hotel sector,hesse,code06,,,,843.0
2025,administrative offense proceedings,catering and hotel sector,hesse,code06,,,,922.0
2010,administrative offense proceedings,hairdressing and beauty sector,hesse,code06,,,,
2011,administrative offense proceedings,hairdressing and beauty sector,hesse,code06,,,,
2012,administrative offense proceedings,hairdressing and beauty sector,hesse,code06,,,,
2013,administrative offense proceedings,hairdressing and beauty sector,hesse,code06,,,,
2014,administrative offense proceedings,hairdressing and beauty sector,hesse,code06,,,,
2015,administrative offense proceedings,hairdressing and beauty sector,hesse,code06,,,,
2016,administrative offense proceedings,hairdressing and beauty sector,hesse,code06,,,,
2017,administrative offense proceedings,hairdressing and beauty sector,hesse,code06,,,,
2018,administrative offense proceedings,hairdressing and beauty sector,hesse,code06,,,,
2019,administrative offense proceedings,hairdressing and beauty sector,hesse,code06,,,,
2020,administrative offense proceedings,hairdressing and beauty sector,hesse,code06,,,,
2021,administrative offense proceedings,hairdressing and beauty sector,hesse,code06,,,,
2022,administrative offense proceedings,hairdressing and beauty sector,hesse,code06,,,,
2023,administrative offense proceedings,hairdressing and beauty sector,hesse,code06,,,,
2024,administrative offense proceedings,hairdressing and beauty sector,hesse,code06,,,,89.0
2025,administrative offense proceedings,hairdressing and beauty sector,hesse,code06,,,,163.0
2010,administrative offense proceedings,"haulage, transport and associated logistics sector",hesse,code06,,,,
2011,administrative offense proceedings,"haulage, transport and associated logistics sector",hesse,code06,,,,
2012,administrative offense proceedings,"haulage, transport and associated logistics sector",hesse,code06,,,,
2013,administrative offense proceedings,"haulage, transport and associated logistics sector",hesse,code06,,,,
2014,administrative offense proceedings,"haulage, transport and associated logistics sector",hesse,code06,,,,
2015,administrative offense proceedings,"haulage, transport and associated logistics sector",hesse,code06,,,,
2016,administrative offense proceedings,"haulage, transport and associated logistics sector",hesse,code06,,,,
2017,administrative offense proceedings,"haulage, transport and associated logistics sector",hesse,code06,,,,
2018,administrative offense proceedings,"haulage, transport and associated logistics sector",hesse,code06,,,,
2019,administrative offense proceedings,"haulage, transport and associated logistics sector",hesse,code06,,,,
2020,administrative offense proceedings,"haulage, transport and associated logistics sector",hesse,code06,,,,
2021,administrative offense proceedings,"haulage, transport and associated logistics sector",hesse,code06,,,,
2022,administrative offense proceedings,"haulage, transport and associated logistics sector",hesse,code06,,,,
2023,administrative offense proceedings,"haulage, transport and associated logistics sector",hesse,code06,,,,
2024,administrative offense proceedings,"haulage, transport and associated logistics sector",hesse,code06,,,,317.0
2025,administrative offense proceedings,"haulage, transport and associated logistics sector",hesse,code06,,,,326.0
2010,administrative offense proceedings,,mecklenburg western pomerania,code13,,,,
2011,administrative offense proceedings,,mecklenburg western pomerania,code13,,,,
2012,administrative offense proceedings,,mecklenburg western pomerania,code13,,,,
2013,administrative offense proceedings,,mecklenburg western pomerania,code13,,,,
2014,administrative offense proceedings,,mecklenburg western pomerania,code13,,,,
2015,administrative offense proceedings,,mecklenburg western pomerania,code13,,,,
2016,administrative offense proceedings,,mecklenburg western pomerania,code13,,,,
2017,administrative offense proceedings,,mecklenburg western pomerania,code13,,,,
2018,administrative offense proceedings,,mecklenburg western pomerania,code13,,,,
2019,administrative offense proceedings,,mecklenburg western pomerania,code13,,,,
2020,administrative offense proceedings,,mecklenburg western pomerania,code13,,,,
2021,administrative offense proceedings,,mecklenburg western pomerania,code13,,,,
2022,administrative offense proceedings,,mecklenburg western pomerania,code13,,,,
2023,administrative offense proceedings,,mecklenburg western pomerania,code13,,,,
2024,administrative offense proceedings,,mecklenburg western pomerania,code13,,,,759.0
2025,administrative offense proceedings,,mecklenburg western pomerania,code13,,,,902.0
2010,administrative offense proceedings,construction sector,mecklenburg western pomerania,code13,,,,
2011,administrative offense proceedings,construction sector,mecklenburg western pomerania,code13,,,,
2012,administrative offense proceedings,construction sector,mecklenburg western pomerania,code13,,,,
2013,administrative offense proceedings,construction sector,mecklenburg western pomerania,code13,,,,
2014,administrative offense proceedings,construction sector,mecklenburg western pomerania,code13,,,,
2015,administrative offense proceedings,construction sector,mecklenburg western pomerania,code13,,,,
2016,administrative offense proceedings,construction sector,mecklenburg western pomerania,code13,,,,
2017,administrative offense proceedings,construction sector,mecklenburg western pomerania,code13,,,,
2018,administrative offense proceedings,construction sector,mecklenburg western pomerania,code13,,,,
2019,administrative offense proceedings,construction sector,mecklenburg western pomerania,code13,,,,
2020,administrative offense proceedings,construction sector,mecklenburg western pomerania,code13,,,,
2021,administrative offense proceedings,construction sector,mecklenburg western pomerania,code13,,,,
2022,administrative offense proceedings,construction sector,mecklenburg western pomerania,code13,,,,
2023,administrative offense proceedings,construction sector,mecklenburg western pomerania,code13,,,,
2024,administrative offense proceedings,construction sector,mecklenburg western pomerania,code13,,,,36.0
2025,administrative offense proceedings,construction sector,mecklenburg western pomerania,code13,,,,62.0
2010,administrative offense proceedings,catering and hotel sector,mecklenburg western pomerania,code13,,,,
2011,administrative offense proceedings,catering and hotel sector,mecklenburg western pomerania,code13,,,,
2012,administrative offense proceedings,catering and hotel sector,mecklenburg western pomerania,code13,,,,
2013,administrative offense proceedings,catering and hotel sector,mecklenburg western pomerania,code13,,,,
2014,administrative offense proceedings,catering and hotel sector,mecklenburg western pomerania,code13,,,,
2015,administrative offense proceedings,catering and hotel sector,mecklenburg western pomerania,code13,,,,
2016,administrative offense proceedings,catering and hotel sector,mecklenburg western pomerania,code13,,,,
2017,administrative offense proceedings,catering and hotel sector,mecklenburg western pomerania,code13,,,,
2018,administrative offense proceedings,catering and hotel sector,mecklenburg western pomerania,code13,,,,
2019,administrative offense proceedings,catering and hotel sector,mecklenburg western pomerania,code13,,,,
2020,administrative offense proceedings,catering and hotel sector,mecklenburg western pomerania,code13,,,,
2021,administrative offense proceedings,catering and hotel sector,mecklenburg western pomerania,code13,,,,
2022,administrative offense proceedings,catering and hotel sector,mecklenburg western pomerania,code13,,,,
2023,administrative offense proceedings,catering and hotel sector,mecklenburg western pomerania,code13,,,,
2024,administrative offense proceedings,catering and hotel sector,mecklenburg western pomerania,code13,,,,243.0
2025,administrative offense proceedings,catering and hotel sector,mecklenburg western pomerania,code13,,,,210.0
2010,administrative offense proceedings,hairdressing and beauty sector,mecklenburg western pomerania,code13,,,,
2011,administrative offense proceedings,hairdressing and beauty sector,mecklenburg western pomerania,code13,,,,
2012,administrative offense proceedings,hairdressing and beauty sector,mecklenburg western pomerania,code13,,,,
2013,administrative offense proceedings,hairdressing and beauty sector,mecklenburg western pomerania,code13,,,,
2014,administrative offense proceedings,hairdressing and beauty sector,mecklenburg western pomerania,code13,,,,
2015,administrative offense proceedings,hairdressing and beauty sector,mecklenburg western pomerania,code13,,,,
2016,administrative offense proceedings,hairdressing and beauty sector,mecklenburg western pomerania,code13,,,,
2017,administrative offense proceedings,hairdressing and beauty sector,mecklenburg western pomerania,code13,,,,
2018,administrative offense proceedings,hairdressing and beauty sector,mecklenburg western pomerania,code13,,,,
2019,administrative offense proceedings,hairdressing and beauty sector,mecklenburg western pomerania,code13,,,,
2020,administrative offense proceedings,hairdressing and beauty sector,mecklenburg western pomerania,code13,,,,
2021,administrative offense proceedings,hairdressing and beauty sector,mecklenburg western pomerania,code13,,,,
2022,administrative offense proceedings,hairdressing and beauty sector,mecklenburg western pomerania,code13,,,,
2023,administrative offense proceedings,hairdressing and beauty sector,mecklenburg western pomerania,code13,,,,
2024,administrative offense proceedings,hairdressing and beauty sector,mecklenburg western pomerania,code13,,,,64.0
2025,administrative offense proceedings,hairdressing and beauty sector,mecklenburg western pomerania,code13,,,,35.0
2010,administrative offense proceedings,"haulage, transport and associated logistics sector",mecklenburg western pomerania,code13,,,,
2011,administrative offense proceedings,"haulage, transport and associated logistics sector",mecklenburg western pomerania,code13,,,,
2012,administrative offense proceedings,"haulage, transport and associated logistics sector",mecklenburg western pomerania,code13,,,,
2013,administrative offense proceedings,"haulage, transport and associated logistics sector",mecklenburg western pomerania,code13,,,,
2014,administrative offense proceedings,"haulage, transport and associated logistics sector",mecklenburg western pomerania,code13,,,,
2015,administrative offense proceedings,"haulage, transport and associated logistics sector",mecklenburg western pomerania,code13,,,,
2016,administrative offense proceedings,"haulage, transport and associated logistics sector",mecklenburg western pomerania,code13,,,,
2017,administrative offense proceedings,"haulage, transport and associated logistics sector",mecklenburg western pomerania,code13,,,,
2018,administrative offense proceedings,"haulage, transport and associated logistics sector",mecklenburg western pomerania,code13,,,,
2019,administrative offense proceedings,"haulage, transport and associated logistics sector",mecklenburg western pomerania,code13,,,,
2020,administrative offense proceedings,"haulage, transport and associated logistics sector",mecklenburg western pomerania,code13,,,,
2021,administrative offense proceedings,"haulage, transport and associated logistics sector",mecklenburg western pomerania,code13,,,,
2022,administrative offense proceedings,"haulage, transport and associated logistics sector",mecklenburg western pomerania,code13,,,,
2023,administrative offense proceedings,"haulage, transport and associated logistics sector",mecklenburg western pomerania,code13,,,,
2024,administrative offense proceedings,"haulage, transport and associated logistics sector",mecklenburg western pomerania,code13,,,,34.0
2025,administrative offense proceedings,"haulage, transport and associated logistics sector",mecklenburg western pomerania,code13,,,,9.0
2010,administrative offense proceedings,,lower saxony,code03,,,,
2011,administrative offense proceedings,,lower saxony,code03,,,,
2012,administrative offense proceedings,,lower saxony,code03,,,,
2013,administrative offense proceedings,,lower saxony,code03,,,,
2014,administrative offense proceedings,,lower saxony,code03,,,,
2015,administrative offense proceedings,,lower saxony,code03,,,,
2016,administrative offense proceedings,,lower saxony,code03,,,,
2017,administrative offense proceedings,,lower saxony,code03,,,,
2018,administrative offense proceedings,,lower saxony,code03,,,,
2019,administrative offense proceedings,,lower saxony,code03,,,,
2020,administrative offense proceedings,,lower saxony,code03,,,,
2021,administrative offense proceedings,,lower saxony,code03,,,,
2022,administrative offense proceedings,,lower saxony,code03,,,,
2023,administrative offense proceedings,,lower saxony,code03,,,,
2024,administrative offense proceedings,,lower saxony,code03,,,,3447.0
2025,administrative offense proceedings,,lower saxony,code03,,,,4180.0
2010,administrative offense proceedings,construction sector,lower saxony,code03,,,,
2011,administrative offense proceedings,construction sector,lower saxony,code03,,,,
2012,administrative offense proceedings,construction sector,lower saxony,code03,,,,
2013,administrative offense proceedings,construction sector,lower saxony,code03,,,,
2014,administrative offense proceedings,construction sector,lower saxony,code03,,,,
2015,administrative offense proceedings,construction sector,lower saxony,code03,,,,
2016,administrative offense proceedings,construction sector,lower saxony,code03,,,,
2017,administrative offense proceedings,construction sector,lower saxony,code03,,,,
2018,administrative offense proceedings,construction sector,lower saxony,code03,,,,
2019,administrative offense proceedings,construction sector,lower saxony,code03,,,,
2020,administrative offense proceedings,construction sector,lower saxony,code03,,,,
2021,administrative offense proceedings,construction sector,lower saxony,code03,,,,
2022,administrative offense proceedings,construction sector,lower saxony,code03,,,,
2023,administrative offense proceedings,construction sector,lower saxony,code03,,,,
2024,administrative offense proceedings,construction sector,lower saxony,code03,,,,541.0
2025,administrative offense proceedings,construction sector,lower saxony,code03,,,,598.0
2010,administrative offense proceedings,catering and hotel sector,lower saxony,code03,,,,
2011,administrative offense proceedings,catering and hotel sector,lower saxony,code03,,,,
2012,administrative offense proceedings,catering and hotel sector,lower saxony,code03,,,,
2013,administrative offense proceedings,catering and hotel sector,lower saxony,code03,,,,
2014,administrative offense proceedings,catering and hotel sector,lower saxony,code03,,,,
2015,administrative offense proceedings,catering and hotel sector,lower saxony,code03,,,,
2016,administrative offense proceedings,catering and hotel sector,lower saxony,code03,,,,
2017,administrative offense proceedings,catering and hotel sector,lower saxony,code03,,,,
2018,administrative offense proceedings,catering and hotel sector,lower saxony,code03,,,,
2019,administrative offense proceedings,catering and hotel sector,lower saxony,code03,,,,
2020,administrative offense proceedings,catering and hotel sector,lower saxony,code03,,,,
2021,administrative offense proceedings,catering and hotel sector,lower saxony,code03,,,,
2022,administrative offense proceedings,catering and hotel sector,lower saxony,code03,,,,
2023,administrative offense proceedings,catering and hotel sector,lower saxony,code03,,,,
2024,administrative offense proceedings,catering and hotel sector,lower saxony,code03,,,,1130.0
2025,administrative offense proceedings,catering and hotel sector,lower saxony,code03,,,,1438.0
2010,administrative offense proceedings,hairdressing and beauty sector,lower saxony,code03,,,,
2011,administrative offense proceedings,hairdressing and beauty sector,lower saxony,code03,,,,
2012,administrative offense proceedings,hairdressing and beauty sector,lower saxony,code03,,,,
2013,administrative offense proceedings,hairdressing and beauty sector,lower saxony,code03,,,,
2014,administrative offense proceedings,hairdressing and beauty sector,lower saxony,code03,,,,
2015,administrative offense proceedings,hairdressing and beauty sector,lower saxony,code03,,,,
2016,administrative offense proceedings,hairdressing and beauty sector,lower saxony,code03,,,,
2017,administrative offense proceedings,hairdressing and beauty sector,lower saxony,code03,,,,
2018,administrative offense proceedings,hairdressing and beauty sector,lower saxony,code03,,,,
2019,administrative offense proceedings,hairdressing and beauty sector,lower saxony,code03,,,,
2020,administrative offense proceedings,hairdressing and beauty sector,lower saxony,code03,,,,
2021,administrative offense proceedings,hairdressing and beauty sector,lower saxony,code03,,,,
2022,administrative offense proceedings,hairdressing and beauty sector,lower saxony,code03,,,,
2023,administrative offense proceedings,hairdressing and beauty sector,lower saxony,code03,,,,
2024,administrative offense proceedings,hairdressing and beauty sector,lower saxony,code03,,,,79.0
2025,administrative offense proceedings,hairdressing and beauty sector,lower saxony,code03,,,,172.0
2010,administrative offense proceedings,"haulage, transport and associated logistics sector",lower saxony,code03,,,,
2011,administrative offense proceedings,"haulage, transport and associated logistics sector",lower saxony,code03,,,,
2012,administrative offense proceedings,"haulage, transport and associated logistics sector",lower saxony,code03,,,,
2013,administrative offense proceedings,"haulage, transport and associated logistics sector",lower saxony,code03,,,,
2014,administrative offense proceedings,"haulage, transport and associated logistics sector",lower saxony,code03,,,,
2015,administrative offense proceedings,"haulage, transport and associated logistics sector",lower saxony,code03,,,,
2016,administrative offense proceedings,"haulage, transport and associated logistics sector",lower saxony,code03,,,,
2017,administrative offense proceedings,"haulage, transport and associated logistics sector",lower saxony,code03,,,,
2018,administrative offense proceedings,"haulage, transport and associated logistics sector",lower saxony,code03,,,,
2019,administrative offense proceedings,"haulage, transport and associated logistics sector",lower saxony,code03,,,,
2020,administrative offense proceedings,"haulage, transport and associated logistics sector",lower saxony,code03,,,,
2021,administrative offense proceedings,"haulage, transport and associated logistics sector",lower saxony,code03,,,,
2022,administrative offense proceedings,"haulage, transport and associated logistics sector",lower saxony,code03,,,,
2023,administrative offense proceedings,"haulage, transport and associated logistics sector",lower saxony,code03,,,,
2024,administrative offense proceedings,"haulage, transport and associated logistics sector",lower saxony,code03,,,,208.0
2025,administrative offense proceedings,"haulage, transport and associated logistics sector",lower saxony,code03,,,,253.0
2010,administrative offense proceedings,,north rhine-westphalia,code05,,,,
2011,administrative offense proceedings,,north rhine-westphalia,code05,,,,
2012,administrative offense proceedings,,north rhine-westphalia,code05,,,,
2013,administrative offense proceedings,,north rhine-westphalia,code05,,,,
2014,administrative offense proceedings,,north rhine-westphalia,code05,,,,
2015,administrative offense proceedings,,north rhine-westphalia,code05,,,,
2016,administrative offense proceedings,,north rhine-westphalia,code05,,,,
2017,administrative offense proceedings,,north rhine-westphalia,code05,,,,
2018,administrative offense proceedings,,north rhine-westphalia,code05,,,,
2019,administrative offense proceedings,,north rhine-westphalia,code05,,,,
2020,administrative offense proceedings,,north rhine-westphalia,code05,,,,
2021,administrative offense proceedings,,north rhine-westphalia,code05,,,,
2022,administrative offense proceedings,,north rhine-westphalia,code05,,,,
2023,administrative offense proceedings,,north rhine-westphalia,code05,,,,
2024,administrative offense proceedings,,north rhine-westphalia,code05,,,,10079.0
2025,administrative offense proceedings,,north rhine-westphalia,code05,,,,11214.0
2010,administrative offense proceedings,construction sector,north rhine-westphalia,code05,,,,
2011,administrative offense proceedings,construction sector,north rhine-westphalia,code05,,,,
2012,administrative offense proceedings,construction sector,north rhine-westphalia,code05,,,,
2013,administrative offense proceedings,construction sector,north rhine-westphalia,code05,,,,
2014,administrative offense proceedings,construction sector,north rhine-westphalia,code05,,,,
2015,administrative offense proceedings,construction sector,north rhine-westphalia,code05,,,,
2016,administrative offense proceedings,construction sector,north rhine-westphalia,code05,,,,
2017,administrative offense proceedings,construction sector,north rhine-westphalia,code05,,,,
2018,administrative offense proceedings,construction sector,north rhine-westphalia,code05,,,,
2019,administrative offense proceedings,construction sector,north rhine-westphalia,code05,,,,
2020,administrative offense proceedings,construction sector,north rhine-westphalia,code05,,,,
2021,administrative offense proceedings,construction sector,north rhine-westphalia,code05,,,,
2022,administrative offense proceedings,construction sector,north rhine-westphalia,code05,,,,
2023,administrative offense proceedings,construction sector,north rhine-westphalia,code05,,,,
2024,administrative offense proceedings,construction sector,north rhine-westphalia,code05,,,,1402.0
2025,administrative offense proceedings,construction sector,north rhine-westphalia,code05,,,,1414.0
2010,administrative offense proceedings,catering and hotel sector,north rhine-westphalia,code05,,,,
2011,administrative offense proceedings,catering and hotel sector,north rhine-westphalia,code05,,,,
2012,administrative offense proceedings,catering and hotel sector,north rhine-westphalia,code05,,,,
2013,administrative offense proceedings,catering and hotel sector,north rhine-westphalia,code05,,,,
2014,administrative offense proceedings,catering and hotel sector,north rhine-westphalia,code05,,,,
2015,administrative offense proceedings,catering and hotel sector,north rhine-westphalia,code05,,,,
2016,administrative offense proceedings,catering and hotel sector,north rhine-westphalia,code05,,,,
2017,administrative offense proceedings,catering and hotel sector,north rhine-westphalia,code05,,,,
2018,administrative offense proceedings,catering and hotel sector,north rhine-westphalia,code05,,,,
2019,administrative offense proceedings,catering and hotel sector,north rhine-westphalia,code05,,,,
2020,administrative offense proceedings,catering and hotel sector,north rhine-westphalia,code05,,,,
2021,administrative offense proceedings,catering and hotel sector,north rhine-westphalia,code05,,,,
2022,administrative offense proceedings,catering and hotel sector,north rhine-westphalia,code05,,,,
2023,administrative offense proceedings,catering and hotel sector,north rhine-westphalia,code05,,,,
2024,administrative offense proceedings,catering and hotel sector,north rhine-westphalia,code05,,,,2313.0
2025,administrative offense proceedings,catering and hotel sector,north rhine-westphalia,code05,,,,2586.0
2010,administrative offense proceedings,hairdressing and beauty sector,north rhine-westphalia,code05,,,,
2011,administrative offense proceedings,hairdressing and beauty sector,north rhine-westphalia,code05,,,,
2012,administrative offense proceedings,hairdressing and beauty sector,north rhine-westphalia,code05,,,,
2013,administrative offense proceedings,hairdressing and beauty sector,north rhine-westphalia,code05,,,,
2014,administrative offense proceedings,hairdressing and beauty sector,north rhine-westphalia,code05,,,,
2015,administrative offense proceedings,hairdressing and beauty sector,north rhine-westphalia,code05,,,,
2016,administrative offense proceedings,hairdressing and beauty sector,north rhine-westphalia,code05,,,,
2017,administrative offense proceedings,hairdressing and beauty sector,north rhine-westphalia,code05,,,,
2018,administrative offense proceedings,hairdressing and beauty sector,north rhine-westphalia,code05,,,,
2019,administrative offense proceedings,hairdressing and beauty sector,north rhine-westphalia,code05,,,,
2020,administrative offense proceedings,hairdressing and beauty sector,north rhine-westphalia,code05,,,,
2021,administrative offense proceedings,hairdressing and beauty sector,north rhine-westphalia,code05,,,,
2022,administrative offense proceedings,hairdressing and beauty sector,north rhine-westphalia,code05,,,,
2023,administrative offense proceedings,hairdressing and beauty sector,north rhine-westphalia,code05,,,,
2024,administrative offense proceedings,hairdressing and beauty sector,north rhine-westphalia,code05,,,,354.0
2025,administrative offense proceedings,hairdressing and beauty sector,north rhine-westphalia,code05,,,,402.0
2010,administrative offense proceedings,"haulage, transport and associated logistics sector",north rhine-westphalia,code05,,,,
2011,administrative offense proceedings,"haulage, transport and associated logistics sector",north rhine-westphalia,code05,,,,
2012,administrative offense proceedings,"haulage, transport and associated logistics sector",north rhine-westphalia,code05,,,,
2013,administrative offense proceedings,"haulage, transport and associated logistics sector",north rhine-westphalia,code05,,,,
2014,administrative offense proceedings,"haulage, transport and associated logistics sector",north rhine-westphalia,code05,,,,
2015,administrative offense proceedings,"haulage, transport and associated logistics sector",north rhine-westphalia,code05,,,,
2016,administrative offense proceedings,"haulage, transport and associated logistics sector",north rhine-westphalia,code05,,,,
2017,administrative offense proceedings,"haulage, transport and associated logistics sector",north rhine-westphalia,code05,,,,
2018,administrative offense proceedings,"haulage, transport and associated logistics sector",north rhine-westphalia,code05,,,,
2019,administrative offense proceedings,"haulage, transport and associated logistics sector",north rhine-westphalia,code05,,,,
2020,administrative offense proceedings,"haulage, transport and associated logistics sector",north rhine-westphalia,code05,,,,
2021,administrative offense proceedings,"haulage, transport and associated logistics sector",north rhine-westphalia,code05,,,,
2022,administrative offense proceedings,"haulage, transport and associated logistics sector",north rhine-westphalia,code05,,,,
2023,administrative offense proceedings,"haulage, transport and associated logistics sector",north rhine-westphalia,code05,,,,
2024,administrative offense proceedings,"haulage, transport and associated logistics sector",north rhine-westphalia,code05,,,,572.0
2025,administrative offense proceedings,"haulage, transport and associated logistics sector",north rhine-westphalia,code05,,,,737.0
2010,administrative offense proceedings,,rhineland palatinate,code07,,,,
2011,administrative offense proceedings,,rhineland palatinate,code07,,,,
2012,administrative offense proceedings,,rhineland palatinate,code07,,,,
2013,administrative offense proceedings,,rhineland palatinate,code07,,,,
2014,administrative offense proceedings,,rhineland palatinate,code07,,,,
2015,administrative offense proceedings,,rhineland palatinate,code07,,,,
2016,administrative offense proceedings,,rhineland palatinate,code07,,,,
2017,administrative offense proceedings,,rhineland palatinate,code07,,,,
2018,administrative offense proceedings,,rhineland palatinate,code07,,,,
2019,administrative offense proceedings,,rhineland palatinate,code07,,,,
2020,administrative offense proceedings,,rhineland palatinate,code07,,,,
2021,administrative offense proceedings,,rhineland palatinate,code07,,,,
2022,administrative offense proceedings,,rhineland palatinate,code07,,,,
2023,administrative offense proceedings,,rhineland palatinate,code07,,,,
2024,administrative offense proceedings,,rhineland palatinate,code07,,,,2230.0
2025,administrative offense proceedings,,rhineland palatinate,code07,,,,2407.0
2010,administrative offense proceedings,construction sector,rhineland palatinate,code07,,,,
2011,administrative offense proceedings,construction sector,rhineland palatinate,code07,,,,
2012,administrative offense proceedings,construction sector,rhineland palatinate,code07,,,,
2013,administrative offense proceedings,construction sector,rhineland palatinate,code07,,,,
2014,administrative offense proceedings,construction sector,rhineland palatinate,code07,,,,
2015,administrative offense proceedings,construction sector,rhineland palatinate,code07,,,,
2016,administrative offense proceedings,construction sector,rhineland palatinate,code07,,,,
2017,administrative offense proceedings,construction sector,rhineland palatinate,code07,,,,
2018,administrative offense proceedings,construction sector,rhineland palatinate,code07,,,,
2019,administrative offense proceedings,construction sector,rhineland palatinate,code07,,,,
2020,administrative offense proceedings,construction sector,rhineland palatinate,code07,,,,
2021,administrative offense proceedings,construction sector,rhineland palatinate,code07,,,,
2022,administrative offense proceedings,construction sector,rhineland palatinate,code07,,,,
2023,administrative offense proceedings,construction sector,rhineland palatinate,code07,,,,
2024,administrative offense proceedings,construction sector,rhineland palatinate,code07,,,,379.0
2025,administrative offense proceedings,construction sector,rhineland palatinate,code07,,,,346.0
2010,administrative offense proceedings,catering and hotel sector,rhineland palatinate,code07,,,,
2011,administrative offense proceedings,catering and hotel sector,rhineland palatinate,code07,,,,
2012,administrative offense proceedings,catering and hotel sector,rhineland palatinate,code07,,,,
2013,administrative offense proceedings,catering and hotel sector,rhineland palatinate,code07,,,,
2014,administrative offense proceedings,catering and hotel sector,rhineland palatinate,code07,,,,
2015,administrative offense proceedings,catering and hotel sector,rhineland palatinate,code07,,,,
2016,administrative offense proceedings,catering and hotel sector,rhineland palatinate,code07,,,,
2017,administrative offense proceedings,catering and hotel sector,rhineland palatinate,code07,,,,
2018,administrative offense proceedings,catering and hotel sector,rhineland palatinate,code07,,,,
2019,administrative offense proceedings,catering and hotel sector,rhineland palatinate,code07,,,,
2020,administrative offense proceedings,catering and hotel sector,rhineland palatinate,code07,,,,
2021,administrative offense proceedings,catering and hotel sector,rhineland palatinate,code07,,,,
2022,administrative offense proceedings,catering and hotel sector,rhineland palatinate,code07,,,,
2023,administrative offense proceedings,catering and hotel sector,rhineland palatinate,code07,,,,
2024,administrative offense proceedings,catering and hotel sector,rhineland palatinate,code07,,,,505.0
2025,administrative offense proceedings,catering and hotel sector,rhineland palatinate,code07,,,,631.0
2010,administrative offense proceedings,hairdressing and beauty sector,rhineland palatinate,code07,,,,
2011,administrative offense proceedings,hairdressing and beauty sector,rhineland palatinate,code07,,,,
2012,administrative offense proceedings,hairdressing and beauty sector,rhineland palatinate,code07,,,,
2013,administrative offense proceedings,hairdressing and beauty sector,rhineland palatinate,code07,,,,
2014,administrative offense proceedings,hairdressing and beauty sector,rhineland palatinate,code07,,,,
2015,administrative offense proceedings,hairdressing and beauty sector,rhineland palatinate,code07,,,,
2016,administrative offense proceedings,hairdressing and beauty sector,rhineland palatinate,code07,,,,
2017,administrative offense proceedings,hairdressing and beauty sector,rhineland palatinate,code07,,,,
2018,administrative offense proceedings,hairdressing and beauty sector,rhineland palatinate,code07,,,,
2019,administrative offense proceedings,hairdressing and beauty sector,rhineland palatinate,code07,,,,
2020,administrative offense proceedings,hairdressing and beauty sector,rhineland palatinate,code07,,,,
2021,administrative offense proceedings,hairdressing and beauty sector,rhineland palatinate,code07,,,,
2022,administrative offense proceedings,hairdressing and beauty sector,rhineland palatinate,code07,,,,
2023,administrative offense proceedings,hairdressing and beauty sector,rhineland palatinate,code07,,,,
2024,administrative offense proceedings,hairdressing and beauty sector,rhineland palatinate,code07,,,,46.0
2025,administrative offense proceedings,hairdressing and beauty sector,rhineland palatinate,code07,,,,67.0
2010,administrative offense proceedings,"haulage, transport and associated logistics sector",rhineland palatinate,code07,,,,
2011,administrative offense proceedings,"haulage, transport and associated logistics sector",rhineland palatinate,code07,,,,
2012,administrative offense proceedings,"haulage, transport and associated logistics sector",rhineland palatinate,code07,,,,
2013,administrative offense proceedings,"haulage, transport and associated logistics sector",rhineland palatinate,code07,,,,
2014,administrative offense proceedings,"haulage, transport and associated logistics sector",rhineland palatinate,code07,,,,
2015,administrative offense proceedings,"haulage, transport and associated logistics sector",rhineland palatinate,code07,,,,
2016,administrative offense proceedings,"haulage, transport and associated logistics sector",rhineland palatinate,code07,,,,
2017,administrative offense proceedings,"haulage, transport and associated logistics sector",rhineland palatinate,code07,,,,
2018,administrative offense proceedings,"haulage, transport and associated logistics sector",rhineland palatinate,code07,,,,
2019,administrative offense proceedings,"haulage, transport and associated logistics sector",rhineland palatinate,code07,,,,
2020,administrative offense proceedings,"haulage, transport and associated logistics sector",rhineland palatinate,code07,,,,
2021,administrative offense proceedings,"haulage, transport and associated logistics sector",rhineland palatinate,code07,,,,
2022,administrative offense proceedings,"haulage, transport and associated logistics sector",rhineland palatinate,code07,,,,
2023,administrative offense proceedings,"haulage, transport and associated logistics sector",rhineland palatinate,code07,,,,
2024,administrative offense proceedings,"haulage, transport and associated logistics sector",rhineland palatinate,code07,,,,91.0
2025,administrative offense proceedings,"haulage, transport and associated logistics sector",rhineland palatinate,code07,,,,84.0
2010,administrative offense proceedings,,saarland,code10,,,,
2011,administrative offense proceedings,,saarland,code10,,,,
2012,administrative offense proceedings,,saarland,code10,,,,
2013,administrative offense proceedings,,saarland,code10,,,,
2014,administrative offense proceedings,,saarland,code10,,,,
2015,administrative offense proceedings,,saarland,code10,,,,
2016,administrative offense proceedings,,saarland,code10,,,,
2017,administrative offense proceedings,,saarland,code10,,,,
2018,administrative offense proceedings,,saarland,code10,,,,
2019,administrative offense proceedings,,saarland,code10,,,,
2020,administrative offense proceedings,,saarland,code10,,,,
2021,administrative offense proceedings,,saarland,code10,,,,
2022,administrative offense proceedings,,saarland,code10,,,,
2023,administrative offense proceedings,,saarland,code10,,,,
2024,administrative offense proceedings,,saarland,code10,,,,1349.0
2025,administrative offense proceedings,,saarland,code10,,,,1349.0
2010,administrative offense proceedings,construction sector,saarland,code10,,,,
2011,administrative offense proceedings,construction sector,saarland,code10,,,,
2012,administrative offense proceedings,construction sector,saarland,code10,,,,
2013,administrative offense proceedings,construction sector,saarland,code10,,,,
2014,administrative offense proceedings,construction sector,saarland,code10,,,,
2015,administrative offense proceedings,construction sector,saarland,code10,,,,
2016,administrative offense proceedings,construction sector,saarland,code10,,,,
2017,administrative offense proceedings,construction sector,saarland,code10,,,,
2018,administrative offense proceedings,construction sector,saarland,code10,,,,
2019,administrative offense proceedings,construction sector,saarland,code10,,,,
2020,administrative offense proceedings,construction sector,saarland,code10,,,,
2021,administrative offense proceedings,construction sector,saarland,code10,,,,
2022,administrative offense proceedings,construction sector,saarland,code10,,,,
2023,administrative offense proceedings,construction sector,saarland,code10,,,,
2024,administrative offense proceedings,construction sector,saarland,code10,,,,89.0
2025,administrative offense proceedings,construction sector,saarland,code10,,,,77.0
2010,administrative offense proceedings,catering and hotel sector,saarland,code10,,,,
2011,administrative offense proceedings,catering and hotel sector,saarland,code10,,,,
2012,administrative offense proceedings,catering and hotel sector,saarland,code10,,,,
2013,administrative offense proceedings,catering and hotel sector,saarland,code10,,,,
2014,administrative offense proceedings,catering and hotel sector,saarland,code10,,,,
2015,administrative offense proceedings,catering and hotel sector,saarland,code10,,,,
2016,administrative offense proceedings,catering and hotel sector,saarland,code10,,,,
2017,administrative offense proceedings,catering and hotel sector,saarland,code10,,,,
2018,administrative offense proceedings,catering and hotel sector,saarland,code10,,,,
2019,administrative offense proceedings,catering and hotel sector,saarland,code10,,,,
2020,administrative offense proceedings,catering and hotel sector,saarland,code10,,,,
2021,administrative offense proceedings,catering and hotel sector,saarland,code10,,,,
2022,administrative offense proceedings,catering and hotel sector,saarland,code10,,,,
2023,administrative offense proceedings,catering and hotel sector,saarland,code10,,,,
2024,administrative offense proceedings,catering and hotel sector,saarland,code10,,,,249.0
2025,administrative offense proceedings,catering and hotel sector,saarland,code10,,,,214.0
2010,administrative offense proceedings,hairdressing and beauty sector,saarland,code10,,,,
2011,administrative offense proceedings,hairdressing and beauty sector,saarland,code10,,,,
2012,administrative offense proceedings,hairdressing and beauty sector,saarland,code10,,,,
2013,administrative offense proceedings,hairdressing and beauty sector,saarland,code10,,,,
2014,administrative offense proceedings,hairdressing and beauty sector,saarland,code10,,,,
2015,administrative offense proceedings,hairdressing and beauty sector,saarland,code10,,,,
2016,administrative offense proceedings,hairdressing and beauty sector,saarland,code10,,,,
2017,administrative offense proceedings,hairdressing and beauty sector,saarland,code10,,,,
2018,administrative offense proceedings,hairdressing and beauty sector,saarland,code10,,,,
2019,administrative offense proceedings,hairdressing and beauty sector,saarland,code10,,,,
2020,administrative offense proceedings,hairdressing and beauty sector,saarland,code10,,,,
2021,administrative offense proceedings,hairdressing and beauty sector,saarland,code10,,,,
2022,administrative offense proceedings,hairdressing and beauty sector,saarland,code10,,,,
2023,administrative offense proceedings,hairdressing and beauty sector,saarland,code10,,,,
2024,administrative offense proceedings,hairdressing and beauty sector,saarland,code10,,,,18.0
2025,administrative offense proceedings,hairdressing and beauty sector,saarland,code10,,,,15.0
2010,administrative offense proceedings,"haulage, transport and associated logistics sector",saarland,code10,,,,
2011,administrative offense proceedings,"haulage, transport and associated logistics sector",saarland,code10,,,,
2012,administrative offense proceedings,"haulage, transport and associated logistics sector",saarland,code10,,,,
2013,administrative offense proceedings,"haulage, transport and associated logistics sector",saarland,code10,,,,
2014,administrative offense proceedings,"haulage, transport and associated logistics sector",saarland,code10,,,,
2015,administrative offense proceedings,"haulage, transport and associated logistics sector",saarland,code10,,,,
2016,administrative offense proceedings,"haulage, transport and associated logistics sector",saarland,code10,,,,
2017,administrative offense proceedings,"haulage, transport and associated logistics sector",saarland,code10,,,,
2018,administrative offense proceedings,"haulage, transport and associated logistics sector",saarland,code10,,,,
2019,administrative offense proceedings,"haulage, transport and associated logistics sector",saarland,code10,,,,
2020,administrative offense proceedings,"haulage, transport and associated logistics sector",saarland,code10,,,,
2021,administrative offense proceedings,"haulage, transport and associated logistics sector",saarland,code10,,,,
2022,administrative offense proceedings,"haulage, transport and associated logistics sector",saarland,code10,,,,
2023,administrative offense proceedings,"haulage, transport and associated logistics sector",saarland,code10,,,,
2024,administrative offense proceedings,"haulage, transport and associated logistics sector",saarland,code10,,,,83.0
2025,administrative offense proceedings,"haulage, transport and associated logistics sector",saarland,code10,,,,96.0
2010,administrative offense proceedings,,saxony,code14,,,,
2011,administrative offense proceedings,,saxony,code14,,,,
2012,administrative offense proceedings,,saxony,code14,,,,
2013,administrative offense proceedings,,saxony,code14,,,,
2014,administrative offense proceedings,,saxony,code14,,,,
2015,administrative offense proceedings,,saxony,code14,,,,
2016,administrative offense proceedings,,saxony,code14,,,,
2017,administrative offense proceedings,,saxony,code14,,,,
2018,administrative offense proceedings,,saxony,code14,,,,
2019,administrative offense proceedings,,saxony,code14,,,,
2020,administrative offense proceedings,,saxony,code14,,,,
2021,administrative offense proceedings,,saxony,code14,,,,
2022,administrative offense proceedings,,saxony,code14,,,,
2023,administrative offense proceedings,,saxony,code14,,,,
2024,administrative offense proceedings,,saxony,code14,,,,1525.0
2025,administrative offense proceedings,,saxony,code14,,,,1413.0
2010,administrative offense proceedings,construction sector,saxony,code14,,,,
2011,administrative offense proceedings,construction sector,saxony,code14,,,,
2012,administrative offense proceedings,construction sector,saxony,code14,,,,
2013,administrative offense proceedings,construction sector,saxony,code14,,,,
2014,administrative offense proceedings,construction sector,saxony,code14,,,,
2015,administrative offense proceedings,construction sector,saxony,code14,,,,
2016,administrative offense proceedings,construction sector,saxony,code14,,,,
2017,administrative offense proceedings,construction sector,saxony,code14,,,,
2018,administrative offense proceedings,construction sector,saxony,code14,,,,
2019,administrative offense proceedings,construction sector,saxony,code14,,,,
2020,administrative offense proceedings,construction sector,saxony,code14,,,,
2021,administrative offense proceedings,construction sector,saxony,code14,,,,
2022,administrative offense proceedings,construction sector,saxony,code14,,,,
2023,administrative offense proceedings,construction sector,saxony,code14,,,,
2024,administrative offense proceedings,construction sector,saxony,code14,,,,334.0
2025,administrative offense proceedings,construction sector,saxony,code14,,,,303.0
2010,administrative offense proceedings,catering and hotel sector,saxony,code14,,,,
2011,administrative offense proceedings,catering and hotel sector,saxony,code14,,,,
2012,administrative offense proceedings,catering and hotel sector,saxony,code14,,,,
2013,administrative offense proceedings,catering and hotel sector,saxony,code14,,,,
2014,administrative offense proceedings,catering and hotel sector,saxony,code14,,,,
2015,administrative offense proceedings,catering and hotel sector,saxony,code14,,,,
2016,administrative offense proceedings,catering and hotel sector,saxony,code14,,,,
2017,administrative offense proceedings,catering and hotel sector,saxony,code14,,,,
2018,administrative offense proceedings,catering and hotel sector,saxony,code14,,,,
2019,administrative offense proceedings,catering and hotel sector,saxony,code14,,,,
2020,administrative offense proceedings,catering and hotel sector,saxony,code14,,,,
2021,administrative offense proceedings,catering and hotel sector,saxony,code14,,,,
2022,administrative offense proceedings,catering and hotel sector,saxony,code14,,,,
2023,administrative offense proceedings,catering and hotel sector,saxony,code14,,,,
2024,administrative offense proceedings,catering and hotel sector,saxony,code14,,,,519.0
2025,administrative offense proceedings,catering and hotel sector,saxony,code14,,,,521.0
2010,administrative offense proceedings,hairdressing and beauty sector,saxony,code14,,,,
2011,administrative offense proceedings,hairdressing and beauty sector,saxony,code14,,,,
2012,administrative offense proceedings,hairdressing and beauty sector,saxony,code14,,,,
2013,administrative offense proceedings,hairdressing and beauty sector,saxony,code14,,,,
2014,administrative offense proceedings,hairdressing and beauty sector,saxony,code14,,,,
2015,administrative offense proceedings,hairdressing and beauty sector,saxony,code14,,,,
2016,administrative offense proceedings,hairdressing and beauty sector,saxony,code14,,,,
2017,administrative offense proceedings,hairdressing and beauty sector,saxony,code14,,,,
2018,administrative offense proceedings,hairdressing and beauty sector,saxony,code14,,,,
2019,administrative offense proceedings,hairdressing and beauty sector,saxony,code14,,,,
2020,administrative offense proceedings,hairdressing and beauty sector,saxony,code14,,,,
2021,administrative offense proceedings,hairdressing and beauty sector,saxony,code14,,,,
2022,administrative offense proceedings,hairdressing and beauty sector,saxony,code14,,,,
2023,administrative offense proceedings,hairdressing and beauty sector,saxony,code14,,,,
2024,administrative offense proceedings,hairdressing and beauty sector,saxony,code14,,,,31.0
2025,administrative offense proceedings,hairdressing and beauty sector,saxony,code14,,,,54.0
2010,administrative offense proceedings,"haulage, transport and associated logistics sector",saxony,code14,,,,
2011,administrative offense proceedings,"haulage, transport and associated logistics sector",saxony,code14,,,,
2012,administrative offense proceedings,"haulage, transport and associated logistics sector",saxony,code14,,,,
2013,administrative offense proceedings,"haulage, transport and associated logistics sector",saxony,code14,,,,
2014,administrative offense proceedings,"haulage, transport and associated logistics sector",saxony,code14,,,,
2015,administrative offense proceedings,"haulage, transport and associated logistics sector",saxony,code14,,,,
2016,administrative offense proceedings,"haulage, transport and associated logistics sector",saxony,code14,,,,
2017,administrative offense proceedings,"haulage, transport and associated logistics sector",saxony,code14,,,,
2018,administrative offense proceedings,"haulage, transport and associated logistics sector",saxony,code14,,,,
2019,administrative offense proceedings,"haulage, transport and associated logistics sector",saxony,code14,,,,
2020,administrative offense proceedings,"haulage, transport and associated logistics sector",saxony,code14,,,,
2021,administrative offense proceedings,"haulage, transport and associated logistics sector",saxony,code14,,,,
2022,administrative offense proceedings,"haulage, transport and associated logistics sector",saxony,code14,,,,
2023,administrative offense proceedings,"haulage, transport and associated logistics sector",saxony,code14,,,,
2024,administrative offense proceedings,"haulage, transport and associated logistics sector",saxony,code14,,,,65.0
2025,administrative offense proceedings,"haulage, transport and associated logistics sector",saxony,code14,,,,72.0
2010,administrative offense proceedings,,saxony-anhalt,code15,,,,
2011,administrative offense proceedings,,saxony-anhalt,code15,,,,
2012,administrative offense proceedings,,saxony-anhalt,code15,,,,
2013,administrative offense proceedings,,saxony-anhalt,code15,,,,
2014,administrative offense proceedings,,saxony-anhalt,code15,,,,
2015,administrative offense proceedings,,saxony-anhalt,code15,,,,
2016,administrative offense proceedings,,saxony-anhalt,code15,,,,
2017,administrative offense proceedings,,saxony-anhalt,code15,,,,
2018,administrative offense proceedings,,saxony-anhalt,code15,,,,
2019,administrative offense proceedings,,saxony-anhalt,code15,,,,
2020,administrative offense proceedings,,saxony-anhalt,code15,,,,
2021,administrative offense proceedings,,saxony-anhalt,code15,,,,
2022,administrative offense proceedings,,saxony-anhalt,code15,,,,
2023,administrative offense proceedings,,saxony-anhalt,code15,,,,
2024,administrative offense proceedings,,saxony-anhalt,code15,,,,1194.0
2025,administrative offense proceedings,,saxony-anhalt,code15,,,,1296.0
2010,administrative offense proceedings,construction sector,saxony-anhalt,code15,,,,
2011,administrative offense proceedings,construction sector,saxony-anhalt,code15,,,,
2012,administrative offense proceedings,construction sector,saxony-anhalt,code15,,,,
2013,administrative offense proceedings,construction sector,saxony-anhalt,code15,,,,
2014,administrative offense proceedings,construction sector,saxony-anhalt,code15,,,,
2015,administrative offense proceedings,construction sector,saxony-anhalt,code15,,,,
2016,administrative offense proceedings,construction sector,saxony-anhalt,code15,,,,
2017,administrative offense proceedings,construction sector,saxony-anhalt,code15,,,,
2018,administrative offense proceedings,construction sector,saxony-anhalt,code15,,,,
2019,administrative offense proceedings,construction sector,saxony-anhalt,code15,,,,
2020,administrative offense proceedings,construction sector,saxony-anhalt,code15,,,,
2021,administrative offense proceedings,construction sector,saxony-anhalt,code15,,,,
2022,administrative offense proceedings,construction sector,saxony-anhalt,code15,,,,
2023,administrative offense proceedings,construction sector,saxony-anhalt,code15,,,,
2024,administrative offense proceedings,construction sector,saxony-anhalt,code15,,,,202.0
2025,administrative offense proceedings,construction sector,saxony-anhalt,code15,,,,185.0
2010,administrative offense proceedings,catering and hotel sector,saxony-anhalt,code15,,,,
2011,administrative offense proceedings,catering and hotel sector,saxony-anhalt,code15,,,,
2012,administrative offense proceedings,catering and hotel sector,saxony-anhalt,code15,,,,
2013,administrative offense proceedings,catering and hotel sector,saxony-anhalt,code15,,,,
2014,administrative offense proceedings,catering and hotel sector,saxony-anhalt,code15,,,,
2015,administrative offense proceedings,catering and hotel sector,saxony-anhalt,code15,,,,
2016,administrative offense proceedings,catering and hotel sector,saxony-anhalt,code15,,,,
2017,administrative offense proceedings,catering and hotel sector,saxony-anhalt,code15,,,,
2018,administrative offense proceedings,catering and hotel sector,saxony-anhalt,code15,,,,
2019,administrative offense proceedings,catering and hotel sector,saxony-anhalt,code15,,,,
2020,administrative offense proceedings,catering and hotel sector,saxony-anhalt,code15,,,,
2021,administrative offense proceedings,catering and hotel sector,saxony-anhalt,code15,,,,
2022,administrative offense proceedings,catering and hotel sector,saxony-anhalt,code15,,,,
2023,administrative offense proceedings,catering and hotel sector,saxony-anhalt,code15,,,,
2024,administrative offense proceedings,catering and hotel sector,saxony-anhalt,code15,,,,254.0
2025,administrative offense proceedings,catering and hotel sector,saxony-anhalt,code15,,,,223.0
2010,administrative offense proceedings,hairdressing and beauty sector,saxony-anhalt,code15,,,,
2011,administrative offense proceedings,hairdressing and beauty sector,saxony-anhalt,code15,,,,
2012,administrative offense proceedings,hairdressing and beauty sector,saxony-anhalt,code15,,,,
2013,administrative offense proceedings,hairdressing and beauty sector,saxony-anhalt,code15,,,,
2014,administrative offense proceedings,hairdressing and beauty sector,saxony-anhalt,code15,,,,
2015,administrative offense proceedings,hairdressing and beauty sector,saxony-anhalt,code15,,,,
2016,administrative offense proceedings,hairdressing and beauty sector,saxony-anhalt,code15,,,,
2017,administrative offense proceedings,hairdressing and beauty sector,saxony-anhalt,code15,,,,
2018,administrative offense proceedings,hairdressing and beauty sector,saxony-anhalt,code15,,,,
2019,administrative offense proceedings,hairdressing and beauty sector,saxony-anhalt,code15,,,,
2020,administrative offense proceedings,hairdressing and beauty sector,saxony-anhalt,code15,,,,
2021,administrative offense proceedings,hairdressing and beauty sector,saxony-anhalt,code15,,,,
2022,administrative offense proceedings,hairdressing and beauty sector,saxony-anhalt,code15,,,,
2023,administrative offense proceedings,hairdressing and beauty sector,saxony-anhalt,code15,,,,
2024,administrative offense proceedings,hairdressing and beauty sector,saxony-anhalt,code15,,,,15.0
2025,administrative offense proceedings,hairdressing and beauty sector,saxony-anhalt,code15,,,,36.0
2010,administrative offense proceedings,"haulage, transport and associated logistics sector",saxony-anhalt,code15,,,,
2011,administrative offense proceedings,"haulage, transport and associated logistics sector",saxony-anhalt,code15,,,,
2012,administrative offense proceedings,"haulage, transport and associated logistics sector",saxony-anhalt,code15,,,,
2013,administrative offense proceedings,"haulage, transport and associated logistics sector",saxony-anhalt,code15,,,,
2014,administrative offense proceedings,"haulage, transport and associated logistics sector",saxony-anhalt,code15,,,,
2015,administrative offense proceedings,"haulage, transport and associated logistics sector",saxony-anhalt,code15,,,,
2016,administrative offense proceedings,"haulage, transport and associated logistics sector",saxony-anhalt,code15,,,,
2017,administrative offense proceedings,"haulage, transport and associated logistics sector",saxony-anhalt,code15,,,,
2018,administrative offense proceedings,"haulage, transport and associated logistics sector",saxony-anhalt,code15,,,,
2019,administrative offense proceedings,"haulage, transport and associated logistics sector",saxony-anhalt,code15,,,,
2020,administrative offense proceedings,"haulage, transport and associated logistics sector",saxony-anhalt,code15,,,,
2021,administrative offense proceedings,"haulage, transport and associated logistics sector",saxony-anhalt,code15,,,,
2022,administrative offense proceedings,"haulage, transport and associated logistics sector",saxony-anhalt,code15,,,,
2023,administrative offense proceedings,"haulage, transport and associated logistics sector",saxony-anhalt,code15,,,,
2024,administrative offense proceedings,"haulage, transport and associated logistics sector",saxony-anhalt,code15,,,,46.0
2025,administrative offense proceedings,"haulage, transport and associated logistics sector",saxony-anhalt,code15,,,,42.0
2010,administrative offense proceedings,,schleswig-holstein,code01,,,,
2011,administrative offense proceedings,,schleswig-holstein,code01,,,,
2012,administrative offense proceedings,,schleswig-holstein,code01,,,,
2013,administrative offense proceedings,,schleswig-holstein,code01,,,,
2014,administrative offense proceedings,,schleswig-holstein,code01,,,,
2015,administrative offense proceedings,,schleswig-holstein,code01,,,,
2016,administrative offense proceedings,,schleswig-holstein,code01,,,,
2017,administrative offense proceedings,,schleswig-holstein,code01,,,,
2018,administrative offense proceedings,,schleswig-holstein,code01,,,,
2019,administrative offense proceedings,,schleswig-holstein,code01,,,,
2020,administrative offense proceedings,,schleswig-holstein,code01,,,,
2021,administrative offense proceedings,,schleswig-holstein,code01,,,,
2022,administrative offense proceedings,,schleswig-holstein,code01,,,,
2023,administrative offense proceedings,,schleswig-holstein,code01,,,,
2024,administrative offense proceedings,,schleswig-holstein,code01,,,,2344.0
2025,administrative offense proceedings,,schleswig-holstein,code01,,,,1947.0
2010,administrative offense proceedings,construction sector,schleswig-holstein,code01,,,,
2011,administrative offense proceedings,construction sector,schleswig-holstein,code01,,,,
2012,administrative offense proceedings,construction sector,schleswig-holstein,code01,,,,
2013,administrative offense proceedings,construction sector,schleswig-holstein,code01,,,,
2014,administrative offense proceedings,construction sector,schleswig-holstein,code01,,,,
2015,administrative offense proceedings,construction sector,schleswig-holstein,code01,,,,
2016,administrative offense proceedings,construction sector,schleswig-holstein,code01,,,,
2017,administrative offense proceedings,construction sector,schleswig-holstein,code01,,,,
2018,administrative offense proceedings,construction sector,schleswig-holstein,code01,,,,
2019,administrative offense proceedings,construction sector,schleswig-holstein,code01,,,,
2020,administrative offense proceedings,construction sector,schleswig-holstein,code01,,,,
2021,administrative offense proceedings,construction sector,schleswig-holstein,code01,,,,
2022,administrative offense proceedings,construction sector,schleswig-holstein,code01,,,,
2023,administrative offense proceedings,construction sector,schleswig-holstein,code01,,,,
2024,administrative offense proceedings,construction sector,schleswig-holstein,code01,,,,242.0
2025,administrative offense proceedings,construction sector,schleswig-holstein,code01,,,,159.0
2010,administrative offense proceedings,catering and hotel sector,schleswig-holstein,code01,,,,
2011,administrative offense proceedings,catering and hotel sector,schleswig-holstein,code01,,,,
2012,administrative offense proceedings,catering and hotel sector,schleswig-holstein,code01,,,,
2013,administrative offense proceedings,catering and hotel sector,schleswig-holstein,code01,,,,
2014,administrative offense proceedings,catering and hotel sector,schleswig-holstein,code01,,,,
2015,administrative offense proceedings,catering and hotel sector,schleswig-holstein,code01,,,,
2016,administrative offense proceedings,catering and hotel sector,schleswig-holstein,code01,,,,
2017,administrative offense proceedings,catering and hotel sector,schleswig-holstein,code01,,,,
2018,administrative offense proceedings,catering and hotel sector,schleswig-holstein,code01,,,,
2019,administrative offense proceedings,catering and hotel sector,schleswig-holstein,code01,,,,
2020,administrative offense proceedings,catering and hotel sector,schleswig-holstein,code01,,,,
2021,administrative offense proceedings,catering and hotel sector,schleswig-holstein,code01,,,,
2022,administrative offense proceedings,catering and hotel sector,schleswig-holstein,code01,,,,
2023,administrative offense proceedings,catering and hotel sector,schleswig-holstein,code01,,,,
2024,administrative offense proceedings,catering and hotel sector,schleswig-holstein,code01,,,,539.0
2025,administrative offense proceedings,catering and hotel sector,schleswig-holstein,code01,,,,494.0
2010,administrative offense proceedings,hairdressing and beauty sector,schleswig-holstein,code01,,,,
2011,administrative offense proceedings,hairdressing and beauty sector,schleswig-holstein,code01,,,,
2012,administrative offense proceedings,hairdressing and beauty sector,schleswig-holstein,code01,,,,
2013,administrative offense proceedings,hairdressing and beauty sector,schleswig-holstein,code01,,,,
2014,administrative offense proceedings,hairdressing and beauty sector,schleswig-holstein,code01,,,,
2015,administrative offense proceedings,hairdressing and beauty sector,schleswig-holstein,code01,,,,
2016,administrative offense proceedings,hairdressing and beauty sector,schleswig-holstein,code01,,,,
2017,administrative offense proceedings,hairdressing and beauty sector,schleswig-holstein,code01,,,,
2018,administrative offense proceedings,hairdressing and beauty sector,schleswig-holstein,code01,,,,
2019,administrative offense proceedings,hairdressing and beauty sector,schleswig-holstein,code01,,,,
2020,administrative offense proceedings,hairdressing and beauty sector,schleswig-holstein,code01,,,,
2021,administrative offense proceedings,hairdressing and beauty sector,schleswig-holstein,code01,,,,
2022,administrative offense proceedings,hairdressing and beauty sector,schleswig-holstein,code01,,,,
2023,administrative offense proceedings,hairdressing and beauty sector,schleswig-holstein,code01,,,,
2024,administrative offense proceedings,hairdressing and beauty sector,schleswig-holstein,code01,,,,49.0
2025,administrative offense proceedings,hairdressing and beauty sector,schleswig-holstein,code01,,,,59.0
2010,administrative offense proceedings,"haulage, transport and associated logistics sector",schleswig-holstein,code01,,,,
2011,administrative offense proceedings,"haulage, transport and associated logistics sector",schleswig-holstein,code01,,,,
2012,administrative offense proceedings,"haulage, transport and associated logistics sector",schleswig-holstein,code01,,,,
2013,administrative offense proceedings,"haulage, transport and associated logistics sector",schleswig-holstein,code01,,,,
2014,administrative offense proceedings,"haulage, transport and associated logistics sector",schleswig-holstein,code01,,,,
2015,administrative offense proceedings,"haulage, transport and associated logistics sector",schleswig-holstein,code01,,,,
2016,administrative offense proceedings,"haulage, transport and associated logistics sector",schleswig-holstein,code01,,,,
2017,administrative offense proceedings,"haulage, transport and associated logistics sector",schleswig-holstein,code01,,,,
2018,administrative offense proceedings,"haulage, transport and associated logistics sector",schleswig-holstein,code01,,,,
2019,administrative offense proceedings,"haulage, transport and associated logistics sector",schleswig-holstein,code01,,,,
2020,administrative offense proceedings,"haulage, transport and associated logistics sector",schleswig-holstein,code01,,,,
2021,administrative offense proceedings,"haulage, transport and associated logistics sector",schleswig-holstein,code01,,,,
2022,administrative offense proceedings,"haulage, transport and associated logistics sector",schleswig-holstein,code01,,,,
2023,administrative offense proceedings,"haulage, transport and associated logistics sector",schleswig-holstein,code01,,,,
2024,administrative offense proceedings,"haulage, transport and associated logistics sector",schleswig-holstein,code01,,,,187.0
2025,administrative offense proceedings,"haulage, transport and associated logistics sector",schleswig-holstein,code01,,,,177.0
2010,administrative offense proceedings,,thuringia,code16,,,,
2011,administrative offense proceedings,,thuringia,code16,,,,
2012,administrative offense proceedings,,thuringia,code16,,,,
2013,administrative offense proceedings,,thuringia,code16,,,,
2014,administrative offense proceedings,,thuringia,code16,,,,
2015,administrative offense proceedings,,thuringia,code16,,,,
2016,administrative offense proceedings,,thuringia,code16,,,,
2017,administrative offense proceedings,,thuringia,code16,,,,
2018,administrative offense proceedings,,thuringia,code16,,,,
2019,administrative offense proceedings,,thuringia,code16,,,,
2020,administrative offense proceedings,,thuringia,code16,,,,
2021,administrative offense proceedings,,thuringia,code16,,,,
2022,administrative offense proceedings,,thuringia,code16,,,,
2023,administrative offense proceedings,,thuringia,code16,,,,
2024,administrative offense proceedings,,thuringia,code16,,,,1642.0
2025,administrative offense proceedings,,thuringia,code16,,,,1663.0
2010,administrative offense proceedings,construction sector,thuringia,code16,,,,
2011,administrative offense proceedings,construction sector,thuringia,code16,,,,
2012,administrative offense proceedings,construction sector,thuringia,code16,,,,
2013,administrative offense proceedings,construction sector,thuringia,code16,,,,
2014,administrative offense proceedings,construction sector,thuringia,code16,,,,
2015,administrative offense proceedings,construction sector,thuringia,code16,,,,
2016,administrative offense proceedings,construction sector,thuringia,code16,,,,
2017,administrative offense proceedings,construction sector,thuringia,code16,,,,
2018,administrative offense proceedings,construction sector,thuringia,code16,,,,
2019,administrative offense proceedings,construction sector,thuringia,code16,,,,
2020,administrative offense proceedings,construction sector,thuringia,code16,,,,
2021,administrative offense proceedings,construction sector,thuringia,code16,,,,
2022,administrative offense proceedings,construction sector,thuringia,code16,,,,
2023,administrative offense proceedings,construction sector,thuringia,code16,,,,
2024,administrative offense proceedings,construction sector,thuringia,code16,,,,213.0
2025,administrative offense proceedings,construction sector,thuringia,code16,,,,208.0
2010,administrative offense proceedings,catering and hotel sector,thuringia,code16,,,,
2011,administrative offense proceedings,catering and hotel sector,thuringia,code16,,,,
2012,administrative offense proceedings,catering and hotel sector,thuringia,code16,,,,
2013,administrative offense proceedings,catering and hotel sector,thuringia,code16,,,,
2014,administrative offense proceedings,catering and hotel sector,thuringia,code16,,,,
2015,administrative offense proceedings,catering and hotel sector,thuringia,code16,,,,
2016,administrative offense proceedings,catering and hotel sector,thuringia,code16,,,,
2017,administrative offense proceedings,catering and hotel sector,thuringia,code16,,,,
2018,administrative offense proceedings,catering and hotel sector,thuringia,code16,,,,
2019,administrative offense proceedings,catering and hotel sector,thuringia,code16,,,,
2020,administrative offense proceedings,catering and hotel sector,thuringia,code16,,,,
2021,administrative offense proceedings,catering and hotel sector,thuringia,code16,,,,
2022,administrative offense proceedings,catering and hotel sector,thuringia,code16,,,,
2023,administrative offense proceedings,catering and hotel sector,thuringia,code16,,,,
2024,administrative offense proceedings,catering and hotel sector,thuringia,code16,,,,504.0
2025,administrative offense proceedings,catering and hotel sector,thuringia,code16,,,,526.0
2010,administrative offense proceedings,hairdressing and beauty sector,thuringia,code16,,,,
2011,administrative offense proceedings,hairdressing and beauty sector,thuringia,code16,,,,
2012,administrative offense proceedings,hairdressing and beauty sector,thuringia,code16,,,,
2013,administrative offense proceedings,hairdressing and beauty sector,thuringia,code16,,,,
2014,administrative offense proceedings,hairdressing and beauty sector,thuringia,code16,,,,
2015,administrative offense proceedings,hairdressing and beauty sector,thuringia,code16,,,,
2016,administrative offense proceedings,hairdressing and beauty sector,thuringia,code16,,,,
2017,administrative offense proceedings,hairdressing and beauty sector,thuringia,code16,,,,
2018,administrative offense proceedings,hairdressing and beauty sector,thuringia,code16,,,,
2019,administrative offense proceedings,hairdressing and beauty sector,thuringia,code16,,,,
2020,administrative offense proceedings,hairdressing and beauty sector,thuringia,code16,,,,
2021,administrative offense proceedings,hairdressing and beauty sector,thuringia,code16,,,,
2022,administrative offense proceedings,hairdressing and beauty sector,thuringia,code16,,,,
2023,administrative offense proceedings,hairdressing and beauty sector,thuringia,code16,,,,
2024,administrative offense proceedings,hairdressing and beauty sector,thuringia,code16,,,,85.0
2025,administrative offense proceedings,hairdressing and beauty sector,thuringia,code16,,,,91.0
2010,administrative offense proceedings,"haulage, transport and associated logistics sector",thuringia,code16,,,,
2011,administrative offense proceedings,"haulage, transport and associated logistics sector",thuringia,code16,,,,
2012,administrative offense proceedings,"haulage, transport and associated logistics sector",thuringia,code16,,,,
2013,administrative offense proceedings,"haulage, transport and associated logistics sector",thuringia,code16,,,,
2014,administrative offense proceedings,"haulage, transport and associated logistics sector",thuringia,code16,,,,
2015,administrative offense proceedings,"haulage, transport and associated logistics sector",thuringia,code16,,,,
2016,administrative offense proceedings,"haulage, transport and associated logistics sector",thuringia,code16,,,,
2017,administrative offense proceedings,"haulage, transport and associated logistics sector",thuringia,code16,,,,
2018,administrative offense proceedings,"haulage, transport and associated logistics sector",thuringia,code16,,,,
2019,administrative offense proceedings,"haulage, transport and associated logistics sector",thuringia,code16,,,,
2020,administrative offense proceedings,"haulage, transport and associated logistics sector",thuringia,code16,,,,
2021,administrative offense proceedings,"haulage, transport and associated logistics sector",thuringia,code16,,,,
2022,administrative offense proceedings,"haulage, transport and associated logistics sector",thuringia,code16,,,,
2023,administrative offense proceedings,"haulage, transport and associated logistics sector",thuringia,code16,,,,
2024,administrative offense proceedings,"haulage, transport and associated logistics sector",thuringia,code16,,,,59.0
2025,administrative offense proceedings,"haulage, transport and associated logistics sector",thuringia,code16,,,,63.0
2010,criminal proceedings,,,,.,,,
2011,criminal proceedings,,,,.,,,
2012,criminal proceedings,,,,.,,,
2013,criminal proceedings,,,,.,,,
2014,criminal proceedings,,,,.,,,
2015,criminal proceedings,,,,,,,106366.0
2016,criminal proceedings,,,,,,,104494.0
2017,criminal proceedings,,,,,,,107897.0
2018,criminal proceedings,,,,,,,111004.0
2019,criminal proceedings,,,,,,,114997.0
2020,criminal proceedings,,,,,,,104787.0
2021,criminal proceedings,,,,,,,120345.0
2022,criminal proceedings,,,,,,,111501.0
2023,criminal proceedings,,,,,,,101423.0
2024,criminal proceedings,,,,,,,96813.0
2025,criminal proceedings,,,,,,,98186.0
2010,criminal proceedings,construction sector,,,,,,
2011,criminal proceedings,construction sector,,,,,,
2012,criminal proceedings,construction sector,,,,,,
2013,criminal proceedings,construction sector,,,,,,
2014,criminal proceedings,construction sector,,,,,,
2015,criminal proceedings,construction sector,,,,,,
2016,criminal proceedings,construction sector,,,,,,
2017,criminal proceedings,construction sector,,,,,,
2018,criminal proceedings,construction sector,,,,,,
2019,criminal proceedings,construction sector,,,,,,
2020,criminal proceedings,construction sector,,,,,,
2021,criminal proceedings,construction sector,,,,,,
2022,criminal proceedings,construction sector,,,,,,
2023,criminal proceedings,construction sector,,,,,,
2024,criminal proceedings,construction sector,,,,,,9946.0
2025,criminal proceedings,construction sector,,,,,,9075.0
2010,criminal proceedings,catering and hotel sector,,,,,,
2011,criminal proceedings,catering and hotel sector,,,,,,
2012,criminal proceedings,catering and hotel sector,,,,,,
2013,criminal proceedings,catering and hotel sector,,,,,,
2014,criminal proceedings,catering and hotel sector,,,,,,
2015,criminal proceedings,catering and hotel sector,,,,,,
2016,criminal proceedings,catering and hotel sector,,,,,,
2017,criminal proceedings,catering and hotel sector,,,,,,
2018,criminal proceedings,catering and hotel sector,,,,,,
2019,criminal proceedings,catering and hotel sector,,,,,,
2020,criminal proceedings,catering and hotel sector,,,,,,
2021,criminal proceedings,catering and hotel sector,,,,,,
2022,criminal proceedings,catering and hotel sector,,,,,,
2023,criminal proceedings,catering and hotel sector,,,,,,
2024,criminal proceedings,catering and hotel sector,,,,,,10019.0
2025,criminal proceedings,catering and hotel sector,,,,,,9568.0
2010,criminal proceedings,hairdressing and beauty sector,,,,,,
2011,criminal proceedings,hairdressing and beauty sector,,,,,,
2012,criminal proceedings,hairdressing and beauty sector,,,,,,
2013,criminal proceedings,hairdressing and beauty sector,,,,,,
2014,criminal proceedings,hairdressing and beauty sector,,,,,,
2015,criminal proceedings,hairdressing and beauty sector,,,,,,
2016,criminal proceedings,hairdressing and beauty sector,,,,,,
2017,criminal proceedings,hairdressing and beauty sector,,,,,,
2018,criminal proceedings,hairdressing and beauty sector,,,,,,
2019,criminal proceedings,hairdressing and beauty sector,,,,,,
2020,criminal proceedings,hairdressing and beauty sector,,,,,,
2021,criminal proceedings,hairdressing and beauty sector,,,,,,
2022,criminal proceedings,hairdressing and beauty sector,,,,,,
2023,criminal proceedings,hairdressing and beauty sector,,,,,,
2024,criminal proceedings,hairdressing and beauty sector,,,,,,1353.0
2025,criminal proceedings,hairdressing and beauty sector,,,,,,1720.0
2010,criminal proceedings,"haulage, transport and associated logistics sector",,,,,,
2011,criminal proceedings,"haulage, transport and associated logistics sector",,,,,,
2012,criminal proceedings,"haulage, transport and associated logistics sector",,,,,,
2013,criminal proceedings,"haulage, transport and associated logistics sector",,,,,,
2014,criminal proceedings,"haulage, transport and associated logistics sector",,,,,,
2015,criminal proceedings,"haulage, transport and associated logistics sector",,,,,,
2016,criminal proceedings,"haulage, transport and associated logistics sector",,,,,,
2017,criminal proceedings,"haulage, transport and associated logistics sector",,,,,,
2018,criminal proceedings,"haulage, transport and associated logistics sector",,,,,,
2019,criminal proceedings,"haulage, transport and associated logistics sector",,,,,,
2020,criminal proceedings,"haulage, transport and associated logistics sector",,,,,,
2021,criminal proceedings,"haulage, transport and associated logistics sector",,,,,,
2022,criminal proceedings,"haulage, transport and associated logistics sector",,,,,,
2023,criminal proceedings,"haulage, transport and associated logistics sector",,,,,,
2024,criminal proceedings,"haulage, transport and associated logistics sector",,,,,,4176.0
2025,criminal proceedings,"haulage, transport and associated logistics sector",,,,,,4735.0
2010,criminal proceedings,,baden-württemberg,code08,,,,
2011,criminal proceedings,,baden-württemberg,code08,,,,
2012,criminal proceedings,,baden-württemberg,code08,,,,
2013,criminal proceedings,,baden-württemberg,code08,,,,
2014,criminal proceedings,,baden-württemberg,code08,,,,
2015,criminal proceedings,,baden-württemberg,code08,,,,
2016,criminal proceedings,,baden-württemberg,code08,,,,
2017,criminal proceedings,,baden-württemberg,code08,,,,
2018,criminal proceedings,,baden-württemberg,code08,,,,
2019,criminal proceedings,,baden-württemberg,code08,,,,
2020,criminal proceedings,,baden-württemberg,code08,,,,
2021,criminal proceedings,,baden-württemberg,code08,,,,
2022,criminal proceedings,,baden-württemberg,code08,,,,
2023,criminal proceedings,,baden-württemberg,code08,,,,
2024,criminal proceedings,,baden-württemberg,code08,,,,11522.0
2025,criminal proceedings,,baden-württemberg,code08,,,,11395.0
2010,criminal proceedings,construction sector,baden-württemberg,code08,,,,
2011,criminal proceedings,construction sector,baden-württemberg,code08,,,,
2012,criminal proceedings,construction sector,baden-württemberg,code08,,,,
2013,criminal proceedings,construction sector,baden-württemberg,code08,,,,
2014,criminal proceedings,construction sector,baden-württemberg,code08,,,,
2015,criminal proceedings,construction sector,baden-württemberg,code08,,,,
2016,criminal proceedings,construction sector,baden-württemberg,code08,,,,
2017,criminal proceedings,construction sector,baden-württemberg,code08,,,,
2018,criminal proceedings,construction sector,baden-württemberg,code08,,,,
2019,criminal proceedings,construction sector,baden-württemberg,code08,,,,
2020,criminal proceedings,construction sector,baden-württemberg,code08,,,,
2021,criminal proceedings,construction sector,baden-württemberg,code08,,,,
2022,criminal proceedings,construction sector,baden-württemberg,code08,,,,
2023,criminal proceedings,construction sector,baden-württemberg,code08,,,,
2024,criminal proceedings,construction sector,baden-württemberg,code08,,,,1338.0
2025,criminal proceedings,construction sector,baden-württemberg,code08,,,,1239.0
2010,criminal proceedings,catering and hotel sector,baden-württemberg,code08,,,,
2011,criminal proceedings,catering and hotel sector,baden-württemberg,code08,,,,
2012,criminal proceedings,catering and hotel sector,baden-württemberg,code08,,,,
2013,criminal proceedings,catering and hotel sector,baden-württemberg,code08,,,,
2014,criminal proceedings,catering and hotel sector,baden-württemberg,code08,,,,
2015,criminal proceedings,catering and hotel sector,baden-württemberg,code08,,,,
2016,criminal proceedings,catering and hotel sector,baden-württemberg,code08,,,,
2017,criminal proceedings,catering and hotel sector,baden-württemberg,code08,,,,
2018,criminal proceedings,catering and hotel sector,baden-württemberg,code08,,,,
2019,criminal proceedings,catering and hotel sector,baden-württemberg,code08,,,,
2020,criminal proceedings,catering and hotel sector,baden-württemberg,code08,,,,
2021,criminal proceedings,catering and hotel sector,baden-württemberg,code08,,,,
2022,criminal proceedings,catering and hotel sector,baden-württemberg,code08,,,,
2023,criminal proceedings,catering and hotel sector,baden-württemberg,code08,,,,
2024,criminal proceedings,catering and hotel sector,baden-württemberg,code08,,,,1334.0
2025,criminal proceedings,catering and hotel sector,baden-württemberg,code08,,,,1168.0
2010,criminal proceedings,hairdressing and beauty sector,baden-württemberg,code08,,,,
2011,criminal proceedings,hairdressing and beauty sector,baden-württemberg,code08,,,,
2012,criminal proceedings,hairdressing and beauty sector,baden-württemberg,code08,,,,
2013,criminal proceedings,hairdressing and beauty sector,baden-württemberg,code08,,,,
2014,criminal proceedings,hairdressing and beauty sector,baden-württemberg,code08,,,,
2015,criminal proceedings,hairdressing and beauty sector,baden-württemberg,code08,,,,
2016,criminal proceedings,hairdressing and beauty sector,baden-württemberg,code08,,,,
2017,criminal proceedings,hairdressing and beauty sector,baden-württemberg,code08,,,,
2018,criminal proceedings,hairdressing and beauty sector,baden-württemberg,code08,,,,
2019,criminal proceedings,hairdressing and beauty sector,baden-württemberg,code08,,,,
2020,criminal proceedings,hairdressing and beauty sector,baden-württemberg,code08,,,,
2021,criminal proceedings,hairdressing and beauty sector,baden-württemberg,code08,,,,
2022,criminal proceedings,hairdressing and beauty sector,baden-württemberg,code08,,,,
2023,criminal proceedings,hairdressing and beauty sector,baden-württemberg,code08,,,,
2024,criminal proceedings,hairdressing and beauty sector,baden-württemberg,code08,,,,183.0
2025,criminal proceedings,hairdressing and beauty sector,baden-württemberg,code08,,,,227.0
2010,criminal proceedings,"haulage, transport and associated logistics sector",baden-württemberg,code08,,,,
2011,criminal proceedings,"haulage, transport and associated logistics sector",baden-württemberg,code08,,,,
2012,criminal proceedings,"haulage, transport and associated logistics sector",baden-württemberg,code08,,,,
2013,criminal proceedings,"haulage, transport and associated logistics sector",baden-württemberg,code08,,,,
2014,criminal proceedings,"haulage, transport and associated logistics sector",baden-württemberg,code08,,,,
2015,criminal proceedings,"haulage, transport and associated logistics sector",baden-württemberg,code08,,,,
2016,criminal proceedings,"haulage, transport and associated logistics sector",baden-württemberg,code08,,,,
2017,criminal proceedings,"haulage, transport and associated logistics sector",baden-württemberg,code08,,,,
2018,criminal proceedings,"haulage, transport and associated logistics sector",baden-württemberg,code08,,,,
2019,criminal proceedings,"haulage, transport and associated logistics sector",baden-württemberg,code08,,,,
2020,criminal proceedings,"haulage, transport and associated logistics sector",baden-württemberg,code08,,,,
2021,criminal proceedings,"haulage, transport and associated logistics sector",baden-württemberg,code08,,,,
2022,criminal proceedings,"haulage, transport and associated logistics sector",baden-württemberg,code08,,,,
2023,criminal proceedings,"haulage, transport and associated logistics sector",baden-württemberg,code08,,,,
2024,criminal proceedings,"haulage, transport and associated logistics sector",baden-württemberg,code08,,,,462.0
2025,criminal proceedings,"haulage, transport and associated logistics sector",baden-württemberg,code08,,,,461.0
2010,criminal proceedings,,bavaria,code09,,,,
2011,criminal proceedings,,bavaria,code09,,,,
2012,criminal proceedings,,bavaria,code09,,,,
2013,criminal proceedings,,bavaria,code09,,,,
2014,criminal proceedings,,bavaria,code09,,,,
2015,criminal proceedings,,bavaria,code09,,,,
2016,criminal proceedings,,bavaria,code09,,,,
2017,criminal proceedings,,bavaria,code09,,,,
2018,criminal proceedings,,bavaria,code09,,,,
2019,criminal proceedings,,bavaria,code09,,,,
2020,criminal proceedings,,bavaria,code09,,,,
2021,criminal proceedings,,bavaria,code09,,,,
2022,criminal proceedings,,bavaria,code09,,,,
2023,criminal proceedings,,bavaria,code09,,,,
2024,criminal proceedings,,bavaria,code09,,,,12558.0
2025,criminal proceedings,,bavaria,code09,,,,12441.0
2010,criminal proceedings,construction sector,bavaria,code09,,,,
2011,criminal proceedings,construction sector,bavaria,code09,,,,
2012,criminal proceedings,construction sector,bavaria,code09,,,,
2013,criminal proceedings,construction sector,bavaria,code09,,,,
2014,criminal proceedings,construction sector,bavaria,code09,,,,
2015,criminal proceedings,construction sector,bavaria,code09,,,,
2016,criminal proceedings,construction sector,bavaria,code09,,,,
2017,criminal proceedings,construction sector,bavaria,code09,,,,
2018,criminal proceedings,construction sector,bavaria,code09,,,,
2019,criminal proceedings,construction sector,bavaria,code09,,,,
2020,criminal proceedings,construction sector,bavaria,code09,,,,
2021,criminal proceedings,construction sector,bavaria,code09,,,,
2022,criminal proceedings,construction sector,bavaria,code09,,,,
2023,criminal proceedings,construction sector,bavaria,code09,,,,
2024,criminal proceedings,construction sector,bavaria,code09,,,,1228.0
2025,criminal proceedings,construction sector,bavaria,code09,,,,1235.0
2010,criminal proceedings,catering and hotel sector,bavaria,code09,,,,
2011,criminal proceedings,catering and hotel sector,bavaria,code09,,,,
2012,criminal proceedings,catering and hotel sector,bavaria,code09,,,,
2013,criminal proceedings,catering and hotel sector,bavaria,code09,,,,
2014,criminal proceedings,catering and hotel sector,bavaria,code09,,,,
2015,criminal proceedings,catering and hotel sector,bavaria,code09,,,,
2016,criminal proceedings,catering and hotel sector,bavaria,code09,,,,
2017,criminal proceedings,catering and hotel sector,bavaria,code09,,,,
2018,criminal proceedings,catering and hotel sector,bavaria,code09,,,,
2019,criminal proceedings,catering and hotel sector,bavaria,code09,,,,
2020,criminal proceedings,catering and hotel sector,bavaria,code09,,,,
2021,criminal proceedings,catering and hotel sector,bavaria,code09,,,,
2022,criminal proceedings,catering and hotel sector,bavaria,code09,,,,
2023,criminal proceedings,catering and hotel sector,bavaria,code09,,,,
2024,criminal proceedings,catering and hotel sector,bavaria,code09,,,,1774.0
2025,criminal proceedings,catering and hotel sector,bavaria,code09,,,,1614.0
2010,criminal proceedings,hairdressing and beauty sector,bavaria,code09,,,,
2011,criminal proceedings,hairdressing and beauty sector,bavaria,code09,,,,
2012,criminal proceedings,hairdressing and beauty sector,bavaria,code09,,,,
2013,criminal proceedings,hairdressing and beauty sector,bavaria,code09,,,,
2014,criminal proceedings,hairdressing and beauty sector,bavaria,code09,,,,
2015,criminal proceedings,hairdressing and beauty sector,bavaria,code09,,,,
2016,criminal proceedings,hairdressing and beauty sector,bavaria,code09,,,,
2017,criminal proceedings,hairdressing and beauty sector,bavaria,code09,,,,
2018,criminal proceedings,hairdressing and beauty sector,bavaria,code09,,,,
2019,criminal proceedings,hairdressing and beauty sector,bavaria,code09,,,,
2020,criminal proceedings,hairdressing and beauty sector,bavaria,code09,,,,
2021,criminal proceedings,hairdressing and beauty sector,bavaria,code09,,,,
2022,criminal proceedings,hairdressing and beauty sector,bavaria,code09,,,,
2023,criminal proceedings,hairdressing and beauty sector,bavaria,code09,,,,
2024,criminal proceedings,hairdressing and beauty sector,bavaria,code09,,,,126.0
2025,criminal proceedings,hairdressing and beauty sector,bavaria,code09,,,,149.0
2010,criminal proceedings,"haulage, transport and associated logistics sector",bavaria,code09,,,,
2011,criminal proceedings,"haulage, transport and associated logistics sector",bavaria,code09,,,,
2012,criminal proceedings,"haulage, transport and associated logistics sector",bavaria,code09,,,,
2013,criminal proceedings,"haulage, transport and associated logistics sector",bavaria,code09,,,,
2014,criminal proceedings,"haulage, transport and associated logistics sector",bavaria,code09,,,,
2015,criminal proceedings,"haulage, transport and associated logistics sector",bavaria,code09,,,,
2016,criminal proceedings,"haulage, transport and associated logistics sector",bavaria,code09,,,,
2017,criminal proceedings,"haulage, transport and associated logistics sector",bavaria,code09,,,,
2018,criminal proceedings,"haulage, transport and associated logistics sector",bavaria,code09,,,,
2019,criminal proceedings,"haulage, transport and associated logistics sector",bavaria,code09,,,,
2020,criminal proceedings,"haulage, transport and associated logistics sector",bavaria,code09,,,,
2021,criminal proceedings,"haulage, transport and associated logistics sector",bavaria,code09,,,,
2022,criminal proceedings,"haulage, transport and associated logistics sector",bavaria,code09,,,,
2023,criminal proceedings,"haulage, transport and associated logistics sector",bavaria,code09,,,,
2024,criminal proceedings,"haulage, transport and associated logistics sector",bavaria,code09,,,,530.0
2025,criminal proceedings,"haulage, transport and associated logistics sector",bavaria,code09,,,,581.0
2010,criminal proceedings,,berlin,code11,,,,
2011,criminal proceedings,,berlin,code11,,,,
2012,criminal proceedings,,berlin,code11,,,,
2013,criminal proceedings,,berlin,code11,,,,
2014,criminal proceedings,,berlin,code11,,,,
2015,criminal proceedings,,berlin,code11,,,,
2016,criminal proceedings,,berlin,code11,,,,
2017,criminal proceedings,,berlin,code11,,,,
2018,criminal proceedings,,berlin,code11,,,,
2019,criminal proceedings,,berlin,code11,,,,
2020,criminal proceedings,,berlin,code11,,,,
2021,criminal proceedings,,berlin,code11,,,,
2022,criminal proceedings,,berlin,code11,,,,
2023,criminal proceedings,,berlin,code11,,,,
2024,criminal proceedings,,berlin,code11,,,,4200.0
2025,criminal proceedings,,berlin,code11,,,,4530.0
2010,criminal proceedings,construction sector,berlin,code11,,,,
2011,criminal proceedings,construction sector,berlin,code11,,,,
2012,criminal proceedings,construction sector,berlin,code11,,,,
2013,criminal proceedings,construction sector,berlin,code11,,,,
2014,criminal proceedings,construction sector,berlin,code11,,,,
2015,criminal proceedings,construction sector,berlin,code11,,,,
2016,criminal proceedings,construction sector,berlin,code11,,,,
2017,criminal proceedings,construction sector,berlin,code11,,,,
2018,criminal proceedings,construction sector,berlin,code11,,,,
2019,criminal proceedings,construction sector,berlin,code11,,,,
2020,criminal proceedings,construction sector,berlin,code11,,,,
2021,criminal proceedings,construction sector,berlin,code11,,,,
2022,criminal proceedings,construction sector,berlin,code11,,,,
2023,criminal proceedings,construction sector,berlin,code11,,,,
2024,criminal proceedings,construction sector,berlin,code11,,,,216.0
2025,criminal proceedings,construction sector,berlin,code11,,,,208.0
2010,criminal proceedings,catering and hotel sector,berlin,code11,,,,
2011,criminal proceedings,catering and hotel sector,berlin,code11,,,,
2012,criminal proceedings,catering and hotel sector,berlin,code11,,,,
2013,criminal proceedings,catering and hotel sector,berlin,code11,,,,
2014,criminal proceedings,catering and hotel sector,berlin,code11,,,,
2015,criminal proceedings,catering and hotel sector,berlin,code11,,,,
2016,criminal proceedings,catering and hotel sector,berlin,code11,,,,
2017,criminal proceedings,catering and hotel sector,berlin,code11,,,,
2018,criminal proceedings,catering and hotel sector,berlin,code11,,,,
2019,criminal proceedings,catering and hotel sector,berlin,code11,,,,
2020,criminal proceedings,catering and hotel sector,berlin,code11,,,,
2021,criminal proceedings,catering and hotel sector,berlin,code11,,,,
2022,criminal proceedings,catering and hotel sector,berlin,code11,,,,
2023,criminal proceedings,catering and hotel sector,berlin,code11,,,,
2024,criminal proceedings,catering and hotel sector,berlin,code11,,,,493.0
2025,criminal proceedings,catering and hotel sector,berlin,code11,,,,487.0
2010,criminal proceedings,hairdressing and beauty sector,berlin,code11,,,,
2011,criminal proceedings,hairdressing and beauty sector,berlin,code11,,,,
2012,criminal proceedings,hairdressing and beauty sector,berlin,code11,,,,
2013,criminal proceedings,hairdressing and beauty sector,berlin,code11,,,,
2014,criminal proceedings,hairdressing and beauty sector,berlin,code11,,,,
2015,criminal proceedings,hairdressing and beauty sector,berlin,code11,,,,
2016,criminal proceedings,hairdressing and beauty sector,berlin,code11,,,,
2017,criminal proceedings,hairdressing and beauty sector,berlin,code11,,,,
2018,criminal proceedings,hairdressing and beauty sector,berlin,code11,,,,
2019,criminal proceedings,hairdressing and beauty sector,berlin,code11,,,,
2020,criminal proceedings,hairdressing and beauty sector,berlin,code11,,,,
2021,criminal proceedings,hairdressing and beauty sector,berlin,code11,,,,
2022,criminal proceedings,hairdressing and beauty sector,berlin,code11,,,,
2023,criminal proceedings,hairdressing and beauty sector,berlin,code11,,,,
2024,criminal proceedings,hairdressing and beauty sector,berlin,code11,,,,116.0
2025,criminal proceedings,hairdressing and beauty sector,berlin,code11,,,,161.0
2010,criminal proceedings,"haulage, transport and associated logistics sector",berlin,code11,,,,
2011,criminal proceedings,"haulage, transport and associated logistics sector",berlin,code11,,,,
2012,criminal proceedings,"haulage, transport and associated logistics sector",berlin,code11,,,,
2013,criminal proceedings,"haulage, transport and associated logistics sector",berlin,code11,,,,
2014,criminal proceedings,"haulage, transport and associated logistics sector",berlin,code11,,,,
2015,criminal proceedings,"haulage, transport and associated logistics sector",berlin,code11,,,,
2016,criminal proceedings,"haulage, transport and associated logistics sector",berlin,code11,,,,
2017,criminal proceedings,"haulage, transport and associated logistics sector",berlin,code11,,,,
2018,criminal proceedings,"haulage, transport and associated logistics sector",berlin,code11,,,,
2019,criminal proceedings,"haulage, transport and associated logistics sector",berlin,code11,,,,
2020,criminal proceedings,"haulage, transport and associated logistics sector",berlin,code11,,,,
2021,criminal proceedings,"haulage, transport and associated logistics sector",berlin,code11,,,,
2022,criminal proceedings,"haulage, transport and associated logistics sector",berlin,code11,,,,
2023,criminal proceedings,"haulage, transport and associated logistics sector",berlin,code11,,,,
2024,criminal proceedings,"haulage, transport and associated logistics sector",berlin,code11,,,,108.0
2025,criminal proceedings,"haulage, transport and associated logistics sector",berlin,code11,,,,164.0
2010,criminal proceedings,,brandenburg,code12,,,,
2011,criminal proceedings,,brandenburg,code12,,,,
2012,criminal proceedings,,brandenburg,code12,,,,
2013,criminal proceedings,,brandenburg,code12,,,,
2014,criminal proceedings,,brandenburg,code12,,,,
2015,criminal proceedings,,brandenburg,code12,,,,
2016,criminal proceedings,,brandenburg,code12,,,,
2017,criminal proceedings,,brandenburg,code12,,,,
2018,criminal proceedings,,brandenburg,code12,,,,
2019,criminal proceedings,,brandenburg,code12,,,,
2020,criminal proceedings,,brandenburg,code12,,,,
2021,criminal proceedings,,brandenburg,code12,,,,
2022,criminal proceedings,,brandenburg,code12,,,,
2023,criminal proceedings,,brandenburg,code12,,,,
2024,criminal proceedings,,brandenburg,code12,,,,2794.0
2025,criminal proceedings,,brandenburg,code12,,,,2902.0
2010,criminal proceedings,construction sector,brandenburg,code12,,,,
2011,criminal proceedings,construction sector,brandenburg,code12,,,,
2012,criminal proceedings,construction sector,brandenburg,code12,,,,
2013,criminal proceedings,construction sector,brandenburg,code12,,,,
2014,criminal proceedings,construction sector,brandenburg,code12,,,,
2015,criminal proceedings,construction sector,brandenburg,code12,,,,
2016,criminal proceedings,construction sector,brandenburg,code12,,,,
2017,criminal proceedings,construction sector,brandenburg,code12,,,,
2018,criminal proceedings,construction sector,brandenburg,code12,,,,
2019,criminal proceedings,construction sector,brandenburg,code12,,,,
2020,criminal proceedings,construction sector,brandenburg,code12,,,,
2021,criminal proceedings,construction sector,brandenburg,code12,,,,
2022,criminal proceedings,construction sector,brandenburg,code12,,,,
2023,criminal proceedings,construction sector,brandenburg,code12,,,,
2024,criminal proceedings,construction sector,brandenburg,code12,,,,267.0
2025,criminal proceedings,construction sector,brandenburg,code12,,,,288.0
2010,criminal proceedings,catering and hotel sector,brandenburg,code12,,,,
2011,criminal proceedings,catering and hotel sector,brandenburg,code12,,,,
2012,criminal proceedings,catering and hotel sector,brandenburg,code12,,,,
2013,criminal proceedings,catering and hotel sector,brandenburg,code12,,,,
2014,criminal proceedings,catering and hotel sector,brandenburg,code12,,,,
2015,criminal proceedings,catering and hotel sector,brandenburg,code12,,,,
2016,criminal proceedings,catering and hotel sector,brandenburg,code12,,,,
2017,criminal proceedings,catering and hotel sector,brandenburg,code12,,,,
2018,criminal proceedings,catering and hotel sector,brandenburg,code12,,,,
2019,criminal proceedings,catering and hotel sector,brandenburg,code12,,,,
2020,criminal proceedings,catering and hotel sector,brandenburg,code12,,,,
2021,criminal proceedings,catering and hotel sector,brandenburg,code12,,,,
2022,criminal proceedings,catering and hotel sector,brandenburg,code12,,,,
2023,criminal proceedings,catering and hotel sector,brandenburg,code12,,,,
2024,criminal proceedings,catering and hotel sector,brandenburg,code12,,,,292.0
2025,criminal proceedings,catering and hotel sector,brandenburg,code12,,,,294.0
2010,criminal proceedings,hairdressing and beauty sector,brandenburg,code12,,,,
2011,criminal proceedings,hairdressing and beauty sector,brandenburg,code12,,,,
2012,criminal proceedings,hairdressing and beauty sector,brandenburg,code12,,,,
2013,criminal proceedings,hairdressing and beauty sector,brandenburg,code12,,,,
2014,criminal proceedings,hairdressing and beauty sector,brandenburg,code12,,,,
2015,criminal proceedings,hairdressing and beauty sector,brandenburg,code12,,,,
2016,criminal proceedings,hairdressing and beauty sector,brandenburg,code12,,,,
2017,criminal proceedings,hairdressing and beauty sector,brandenburg,code12,,,,
2018,criminal proceedings,hairdressing and beauty sector,brandenburg,code12,,,,
2019,criminal proceedings,hairdressing and beauty sector,brandenburg,code12,,,,
2020,criminal proceedings,hairdressing and beauty sector,brandenburg,code12,,,,
2021,criminal proceedings,hairdressing and beauty sector,brandenburg,code12,,,,
2022,criminal proceedings,hairdressing and beauty sector,brandenburg,code12,,,,
2023,criminal proceedings,hairdressing and beauty sector,brandenburg,code12,,,,
2024,criminal proceedings,hairdressing and beauty sector,brandenburg,code12,,,,37.0
2025,criminal proceedings,hairdressing and beauty sector,brandenburg,code12,,,,55.0
2010,criminal proceedings,"haulage, transport and associated logistics sector",brandenburg,code12,,,,
2011,criminal proceedings,"haulage, transport and associated logistics sector",brandenburg,code12,,,,
2012,criminal proceedings,"haulage, transport and associated logistics sector",brandenburg,code12,,,,
2013,criminal proceedings,"haulage, transport and associated logistics sector",brandenburg,code12,,,,
2014,criminal proceedings,"haulage, transport and associated logistics sector",brandenburg,code12,,,,
2015,criminal proceedings,"haulage, transport and associated logistics sector",brandenburg,code12,,,,
2016,criminal proceedings,"haulage, transport and associated logistics sector",brandenburg,code12,,,,
2017,criminal proceedings,"haulage, transport and associated logistics sector",brandenburg,code12,,,,
2018,criminal proceedings,"haulage, transport and associated logistics sector",brandenburg,code12,,,,
2019,criminal proceedings,"haulage, transport and associated logistics sector",brandenburg,code12,,,,
2020,criminal proceedings,"haulage, transport and associated logistics sector",brandenburg,code12,,,,
2021,criminal proceedings,"haulage, transport and associated logistics sector",brandenburg,code12,,,,
2022,criminal proceedings,"haulage, transport and associated logistics sector",brandenburg,code12,,,,
2023,criminal proceedings,"haulage, transport and associated logistics sector",brandenburg,code12,,,,
2024,criminal proceedings,"haulage, transport and associated logistics sector",brandenburg,code12,,,,66.0
2025,criminal proceedings,"haulage, transport and associated logistics sector",brandenburg,code12,,,,117.0
2010,criminal proceedings,,bremen,code04,,,,
2011,criminal proceedings,,bremen,code04,,,,
2012,criminal proceedings,,bremen,code04,,,,
2013,criminal proceedings,,bremen,code04,,,,
2014,criminal proceedings,,bremen,code04,,,,
2015,criminal proceedings,,bremen,code04,,,,
2016,criminal proceedings,,bremen,code04,,,,
2017,criminal proceedings,,bremen,code04,,,,
2018,criminal proceedings,,bremen,code04,,,,
2019,criminal proceedings,,bremen,code04,,,,
2020,criminal proceedings,,bremen,code04,,,,
2021,criminal proceedings,,bremen,code04,,,,
2022,criminal proceedings,,bremen,code04,,,,
2023,criminal proceedings,,bremen,code04,,,,
2024,criminal proceedings,,bremen,code04,,,,3108.0
2025,criminal proceedings,,bremen,code04,,,,3493.0
2010,criminal proceedings,construction sector,bremen,code04,,,,
2011,criminal proceedings,construction sector,bremen,code04,,,,
2012,criminal proceedings,construction sector,bremen,code04,,,,
2013,criminal proceedings,construction sector,bremen,code04,,,,
2014,criminal proceedings,construction sector,bremen,code04,,,,
2015,criminal proceedings,construction sector,bremen,code04,,,,
2016,criminal proceedings,construction sector,bremen,code04,,,,
2017,criminal proceedings,construction sector,bremen,code04,,,,
2018,criminal proceedings,construction sector,bremen,code04,,,,
2019,criminal proceedings,construction sector,bremen,code04,,,,
2020,criminal proceedings,construction sector,bremen,code04,,,,
2021,criminal proceedings,construction sector,bremen,code04,,,,
2022,criminal proceedings,construction sector,bremen,code04,,,,
2023,criminal proceedings,construction sector,bremen,code04,,,,
2024,criminal proceedings,construction sector,bremen,code04,,,,178.0
2025,criminal proceedings,construction sector,bremen,code04,,,,192.0
2010,criminal proceedings,catering and hotel sector,bremen,code04,,,,
2011,criminal proceedings,catering and hotel sector,bremen,code04,,,,
2012,criminal proceedings,catering and hotel sector,bremen,code04,,,,
2013,criminal proceedings,catering and hotel sector,bremen,code04,,,,
2014,criminal proceedings,catering and hotel sector,bremen,code04,,,,
2015,criminal proceedings,catering and hotel sector,bremen,code04,,,,
2016,criminal proceedings,catering and hotel sector,bremen,code04,,,,
2017,criminal proceedings,catering and hotel sector,bremen,code04,,,,
2018,criminal proceedings,catering and hotel sector,bremen,code04,,,,
2019,criminal proceedings,catering and hotel sector,bremen,code04,,,,
2020,criminal proceedings,catering and hotel sector,bremen,code04,,,,
2021,criminal proceedings,catering and hotel sector,bremen,code04,,,,
2022,criminal proceedings,catering and hotel sector,bremen,code04,,,,
2023,criminal proceedings,catering and hotel sector,bremen,code04,,,,
2024,criminal proceedings,catering and hotel sector,bremen,code04,,,,268.0
2025,criminal proceedings,catering and hotel sector,bremen,code04,,,,299.0
2010,criminal proceedings,hairdressing and beauty sector,bremen,code04,,,,
2011,criminal proceedings,hairdressing and beauty sector,bremen,code04,,,,
2012,criminal proceedings,hairdressing and beauty sector,bremen,code04,,,,
2013,criminal proceedings,hairdressing and beauty sector,bremen,code04,,,,
2014,criminal proceedings,hairdressing and beauty sector,bremen,code04,,,,
2015,criminal proceedings,hairdressing and beauty sector,bremen,code04,,,,
2016,criminal proceedings,hairdressing and beauty sector,bremen,code04,,,,
2017,criminal proceedings,hairdressing and beauty sector,bremen,code04,,,,
2018,criminal proceedings,hairdressing and beauty sector,bremen,code04,,,,
2019,criminal proceedings,hairdressing and beauty sector,bremen,code04,,,,
2020,criminal proceedings,hairdressing and beauty sector,bremen,code04,,,,
2021,criminal proceedings,hairdressing and beauty sector,bremen,code04,,,,
2022,criminal proceedings,hairdressing and beauty sector,bremen,code04,,,,
2023,criminal proceedings,hairdressing and beauty sector,bremen,code04,,,,
2024,criminal proceedings,hairdressing and beauty sector,bremen,code04,,,,47.0
2025,criminal proceedings,hairdressing and beauty sector,bremen,code04,,,,62.0
2010,criminal proceedings,"haulage, transport and associated logistics sector",bremen,code04,,,,
2011,criminal proceedings,"haulage, transport and associated logistics sector",bremen,code04,,,,
2012,criminal proceedings,"haulage, transport and associated logistics sector",bremen,code04,,,,
2013,criminal proceedings,"haulage, transport and associated logistics sector",bremen,code04,,,,
2014,criminal proceedings,"haulage, transport and associated logistics sector",bremen,code04,,,,
2015,criminal proceedings,"haulage, transport and associated logistics sector",bremen,code04,,,,
2016,criminal proceedings,"haulage, transport and associated logistics sector",bremen,code04,,,,
2017,criminal proceedings,"haulage, transport and associated logistics sector",bremen,code04,,,,
2018,criminal proceedings,"haulage, transport and associated logistics sector",bremen,code04,,,,
2019,criminal proceedings,"haulage, transport and associated logistics sector",bremen,code04,,,,
2020,criminal proceedings,"haulage, transport and associated logistics sector",bremen,code04,,,,
2021,criminal proceedings,"haulage, transport and associated logistics sector",bremen,code04,,,,
2022,criminal proceedings,"haulage, transport and associated logistics sector",bremen,code04,,,,
2023,criminal proceedings,"haulage, transport and associated logistics sector",bremen,code04,,,,
2024,criminal proceedings,"haulage, transport and associated logistics sector",bremen,code04,,,,131.0
2025,criminal proceedings,"haulage, transport and associated logistics sector",bremen,code04,,,,109.0
2010,criminal proceedings,,hamburg,code02,,,,
2011,criminal proceedings,,hamburg,code02,,,,
2012,criminal proceedings,,hamburg,code02,,,,
2013,criminal proceedings,,hamburg,code02,,,,
2014,criminal proceedings,,hamburg,code02,,,,
2015,criminal proceedings,,hamburg,code02,,,,
2016,criminal proceedings,,hamburg,code02,,,,
2017,criminal proceedings,,hamburg,code02,,,,
2018,criminal proceedings,,hamburg,code02,,,,
2019,criminal proceedings,,hamburg,code02,,,,
2020,criminal proceedings,,hamburg,code02,,,,
2021,criminal proceedings,,hamburg,code02,,,,
2022,criminal proceedings,,hamburg,code02,,,,
2023,criminal proceedings,,hamburg,code02,,,,
2024,criminal proceedings,,hamburg,code02,,,,3817.0
2025,criminal proceedings,,hamburg,code02,,,,2896.0
2010,criminal proceedings,construction sector,hamburg,code02,,,,
2011,criminal proceedings,construction sector,hamburg,code02,,,,
2012,criminal proceedings,construction sector,hamburg,code02,,,,
2013,criminal proceedings,construction sector,hamburg,code02,,,,
2014,criminal proceedings,construction sector,hamburg,code02,,,,
2015,criminal proceedings,construction sector,hamburg,code02,,,,
2016,criminal proceedings,construction sector,hamburg,code02,,,,
2017,criminal proceedings,construction sector,hamburg,code02,,,,
2018,criminal proceedings,construction sector,hamburg,code02,,,,
2019,criminal proceedings,construction sector,hamburg,code02,,,,
2020,criminal proceedings,construction sector,hamburg,code02,,,,
2021,criminal proceedings,construction sector,hamburg,code02,,,,
2022,criminal proceedings,construction sector,hamburg,code02,,,,
2023,criminal proceedings,construction sector,hamburg,code02,,,,
2024,criminal proceedings,construction sector,hamburg,code02,,,,348.0
2025,criminal proceedings,construction sector,hamburg,code02,,,,285.0
2010,criminal proceedings,catering and hotel sector,hamburg,code02,,,,
2011,criminal proceedings,catering and hotel sector,hamburg,code02,,,,
2012,criminal proceedings,catering and hotel sector,hamburg,code02,,,,
2013,criminal proceedings,catering and hotel sector,hamburg,code02,,,,
2014,criminal proceedings,catering and hotel sector,hamburg,code02,,,,
2015,criminal proceedings,catering and hotel sector,hamburg,code02,,,,
2016,criminal proceedings,catering and hotel sector,hamburg,code02,,,,
2017,criminal proceedings,catering and hotel sector,hamburg,code02,,,,
2018,criminal proceedings,catering and hotel sector,hamburg,code02,,,,
2019,criminal proceedings,catering and hotel sector,hamburg,code02,,,,
2020,criminal proceedings,catering and hotel sector,hamburg,code02,,,,
2021,criminal proceedings,catering and hotel sector,hamburg,code02,,,,
2022,criminal proceedings,catering and hotel sector,hamburg,code02,,,,
2023,criminal proceedings,catering and hotel sector,hamburg,code02,,,,
2024,criminal proceedings,catering and hotel sector,hamburg,code02,,,,549.0
2025,criminal proceedings,catering and hotel sector,hamburg,code02,,,,404.0
2010,criminal proceedings,hairdressing and beauty sector,hamburg,code02,,,,
2011,criminal proceedings,hairdressing and beauty sector,hamburg,code02,,,,
2012,criminal proceedings,hairdressing and beauty sector,hamburg,code02,,,,
2013,criminal proceedings,hairdressing and beauty sector,hamburg,code02,,,,
2014,criminal proceedings,hairdressing and beauty sector,hamburg,code02,,,,
2015,criminal proceedings,hairdressing and beauty sector,hamburg,code02,,,,
2016,criminal proceedings,hairdressing and beauty sector,hamburg,code02,,,,
2017,criminal proceedings,hairdressing and beauty sector,hamburg,code02,,,,
2018,criminal proceedings,hairdressing and beauty sector,hamburg,code02,,,,
2019,criminal proceedings,hairdressing and beauty sector,hamburg,code02,,,,
2020,criminal proceedings,hairdressing and beauty sector,hamburg,code02,,,,
2021,criminal proceedings,hairdressing and beauty sector,hamburg,code02,,,,
2022,criminal proceedings,hairdressing and beauty sector,hamburg,code02,,,,
2023,criminal proceedings,hairdressing and beauty sector,hamburg,code02,,,,
2024,criminal proceedings,hairdressing and beauty sector,hamburg,code02,,,,104.0
2025,criminal proceedings,hairdressing and beauty sector,hamburg,code02,,,,104.0
2010,criminal proceedings,"haulage, transport and associated logistics sector",hamburg,code02,,,,
2011,criminal proceedings,"haulage, transport and associated logistics sector",hamburg,code02,,,,
2012,criminal proceedings,"haulage, transport and associated logistics sector",hamburg,code02,,,,
2013,criminal proceedings,"haulage, transport and associated logistics sector",hamburg,code02,,,,
2014,criminal proceedings,"haulage, transport and associated logistics sector",hamburg,code02,,,,
2015,criminal proceedings,"haulage, transport and associated logistics sector",hamburg,code02,,,,
2016,criminal proceedings,"haulage, transport and associated logistics sector",hamburg,code02,,,,
2017,criminal proceedings,"haulage, transport and associated logistics sector",hamburg,code02,,,,
2018,criminal proceedings,"haulage, transport and associated logistics sector",hamburg,code02,,,,
2019,criminal proceedings,"haulage, transport and associated logistics sector",hamburg,code02,,,,
2020,criminal proceedings,"haulage, transport and associated logistics sector",hamburg,code02,,,,
2021,criminal proceedings,"haulage, transport and associated logistics sector",hamburg,code02,,,,
2022,criminal proceedings,"haulage, transport and associated logistics sector",hamburg,code02,,,,
2023,criminal proceedings,"haulage, transport and associated logistics sector",hamburg,code02,,,,
2024,criminal proceedings,"haulage, transport and associated logistics sector",hamburg,code02,,,,292.0
2025,criminal proceedings,"haulage, transport and associated logistics sector",hamburg,code02,,,,212.0
2010,criminal proceedings,,hesse,code06,,,,
2011,criminal proceedings,,hesse,code06,,,,
2012,criminal proceedings,,hesse,code06,,,,
2013,criminal proceedings,,hesse,code06,,,,
2014,criminal proceedings,,hesse,code06,,,,
2015,criminal proceedings,,hesse,code06,,,,
2016,criminal proceedings,,hesse,code06,,,,
2017,criminal proceedings,,hesse,code06,,,,
2018,criminal proceedings,,hesse,code06,,,,
2019,criminal proceedings,,hesse,code06,,,,
2020,criminal proceedings,,hesse,code06,,,,
2021,criminal proceedings,,hesse,code06,,,,
2022,criminal proceedings,,hesse,code06,,,,
2023,criminal proceedings,,hesse,code06,,,,
2024,criminal proceedings,,hesse,code06,,,,7411.0
2025,criminal proceedings,,hesse,code06,,,,7984.0
2010,criminal proceedings,construction sector,hesse,code06,,,,
2011,criminal proceedings,construction sector,hesse,code06,,,,
2012,criminal proceedings,construction sector,hesse,code06,,,,
2013,criminal proceedings,construction sector,hesse,code06,,,,
2014,criminal proceedings,construction sector,hesse,code06,,,,
2015,criminal proceedings,construction sector,hesse,code06,,,,
2016,criminal proceedings,construction sector,hesse,code06,,,,
2017,criminal proceedings,construction sector,hesse,code06,,,,
2018,criminal proceedings,construction sector,hesse,code06,,,,
2019,criminal proceedings,construction sector,hesse,code06,,,,
2020,criminal proceedings,construction sector,hesse,code06,,,,
2021,criminal proceedings,construction sector,hesse,code06,,,,
2022,criminal proceedings,construction sector,hesse,code06,,,,
2023,criminal proceedings,construction sector,hesse,code06,,,,
2024,criminal proceedings,construction sector,hesse,code06,,,,1209.0
2025,criminal proceedings,construction sector,hesse,code06,,,,1028.0
2010,criminal proceedings,catering and hotel sector,hesse,code06,,,,
2011,criminal proceedings,catering and hotel sector,hesse,code06,,,,
2012,criminal proceedings,catering and hotel sector,hesse,code06,,,,
2013,criminal proceedings,catering and hotel sector,hesse,code06,,,,
2014,criminal proceedings,catering and hotel sector,hesse,code06,,,,
2015,criminal proceedings,catering and hotel sector,hesse,code06,,,,
2016,criminal proceedings,catering and hotel sector,hesse,code06,,,,
2017,criminal proceedings,catering and hotel sector,hesse,code06,,,,
2018,criminal proceedings,catering and hotel sector,hesse,code06,,,,
2019,criminal proceedings,catering and hotel sector,hesse,code06,,,,
2020,criminal proceedings,catering and hotel sector,hesse,code06,,,,
2021,criminal proceedings,catering and hotel sector,hesse,code06,,,,
2022,criminal proceedings,catering and hotel sector,hesse,code06,,,,
2023,criminal proceedings,catering and hotel sector,hesse,code06,,,,
2024,criminal proceedings,catering and hotel sector,hesse,code06,,,,556.0
2025,criminal proceedings,catering and hotel sector,hesse,code06,,,,590.0
2010,criminal proceedings,hairdressing and beauty sector,hesse,code06,,,,
2011,criminal proceedings,hairdressing and beauty sector,hesse,code06,,,,
2012,criminal proceedings,hairdressing and beauty sector,hesse,code06,,,,
2013,criminal proceedings,hairdressing and beauty sector,hesse,code06,,,,
2014,criminal proceedings,hairdressing and beauty sector,hesse,code06,,,,
2015,criminal proceedings,hairdressing and beauty sector,hesse,code06,,,,
2016,criminal proceedings,hairdressing and beauty sector,hesse,code06,,,,
2017,criminal proceedings,hairdressing and beauty sector,hesse,code06,,,,
2018,criminal proceedings,hairdressing and beauty sector,hesse,code06,,,,
2019,criminal proceedings,hairdressing and beauty sector,hesse,code06,,,,
2020,criminal proceedings,hairdressing and beauty sector,hesse,code06,,,,
2021,criminal proceedings,hairdressing and beauty sector,hesse,code06,,,,
2022,criminal proceedings,hairdressing and beauty sector,hesse,code06,,,,
2023,criminal proceedings,hairdressing and beauty sector,hesse,code06,,,,
2024,criminal proceedings,hairdressing and beauty sector,hesse,code06,,,,80.0
2025,criminal proceedings,hairdressing and beauty sector,hesse,code06,,,,154.0
2010,criminal proceedings,"haulage, transport and associated logistics sector",hesse,code06,,,,
2011,criminal proceedings,"haulage, transport and associated logistics sector",hesse,code06,,,,
2012,criminal proceedings,"haulage, transport and associated logistics sector",hesse,code06,,,,
2013,criminal proceedings,"haulage, transport and associated logistics sector",hesse,code06,,,,
2014,criminal proceedings,"haulage, transport and associated logistics sector",hesse,code06,,,,
2015,criminal proceedings,"haulage, transport and associated logistics sector",hesse,code06,,,,
2016,criminal proceedings,"haulage, transport and associated logistics sector",hesse,code06,,,,
2017,criminal proceedings,"haulage, transport and associated logistics sector",hesse,code06,,,,
2018,criminal proceedings,"haulage, transport and associated logistics sector",hesse,code06,,,,
2019,criminal proceedings,"haulage, transport and associated logistics sector",hesse,code06,,,,
2020,criminal proceedings,"haulage, transport and associated logistics sector",hesse,code06,,,,
2021,criminal proceedings,"haulage, transport and associated logistics sector",hesse,code06,,,,
2022,criminal proceedings,"haulage, transport and associated logistics sector",hesse,code06,,,,
2023,criminal proceedings,"haulage, transport and associated logistics sector",hesse,code06,,,,
2024,criminal proceedings,"haulage, transport and associated logistics sector",hesse,code06,,,,225.0
2025,criminal proceedings,"haulage, transport and associated logistics sector",hesse,code06,,,,266.0
2010,criminal proceedings,,mecklenburg western pomerania,code13,,,,
2011,criminal proceedings,,mecklenburg western pomerania,code13,,,,
2012,criminal proceedings,,mecklenburg western pomerania,code13,,,,
2013,criminal proceedings,,mecklenburg western pomerania,code13,,,,
2014,criminal proceedings,,mecklenburg western pomerania,code13,,,,
2015,criminal proceedings,,mecklenburg western pomerania,code13,,,,
2016,criminal proceedings,,mecklenburg western pomerania,code13,,,,
2017,criminal proceedings,,mecklenburg western pomerania,code13,,,,
2018,criminal proceedings,,mecklenburg western pomerania,code13,,,,
2019,criminal proceedings,,mecklenburg western pomerania,code13,,,,
2020,criminal proceedings,,mecklenburg western pomerania,code13,,,,
2021,criminal proceedings,,mecklenburg western pomerania,code13,,,,
2022,criminal proceedings,,mecklenburg western pomerania,code13,,,,
2023,criminal proceedings,,mecklenburg western pomerania,code13,,,,
2024,criminal proceedings,,mecklenburg western pomerania,code13,,,,2375.0
2025,criminal proceedings,,mecklenburg western pomerania,code13,,,,2287.0
2010,criminal proceedings,construction sector,mecklenburg western pomerania,code13,,,,
2011,criminal proceedings,construction sector,mecklenburg western pomerania,code13,,,,
2012,criminal proceedings,construction sector,mecklenburg western pomerania,code13,,,,
2013,criminal proceedings,construction sector,mecklenburg western pomerania,code13,,,,
2014,criminal proceedings,construction sector,mecklenburg western pomerania,code13,,,,
2015,criminal proceedings,construction sector,mecklenburg western pomerania,code13,,,,
2016,criminal proceedings,construction sector,mecklenburg western pomerania,code13,,,,
2017,criminal proceedings,construction sector,mecklenburg western pomerania,code13,,,,
2018,criminal proceedings,construction sector,mecklenburg western pomerania,code13,,,,
2019,criminal proceedings,construction sector,mecklenburg western pomerania,code13,,,,
2020,criminal proceedings,construction sector,mecklenburg western pomerania,code13,,,,
2021,criminal proceedings,construction sector,mecklenburg western pomerania,code13,,,,
2022,criminal proceedings,construction sector,mecklenburg western pomerania,code13,,,,
2023,criminal proceedings,construction sector,mecklenburg western pomerania,code13,,,,
2024,criminal proceedings,construction sector,mecklenburg western pomerania,code13,,,,111.0
2025,criminal proceedings,construction sector,mecklenburg western pomerania,code13,,,,86.0
2010,criminal proceedings,catering and hotel sector,mecklenburg western pomerania,code13,,,,
2011,criminal proceedings,catering and hotel sector,mecklenburg western pomerania,code13,,,,
2012,criminal proceedings,catering and hotel sector,mecklenburg western pomerania,code13,,,,
2013,criminal proceedings,catering and hotel sector,mecklenburg western pomerania,code13,,,,
2014,criminal proceedings,catering and hotel sector,mecklenburg western pomerania,code13,,,,
2015,criminal proceedings,catering and hotel sector,mecklenburg western pomerania,code13,,,,
2016,criminal proceedings,catering and hotel sector,mecklenburg western pomerania,code13,,,,
2017,criminal proceedings,catering and hotel sector,mecklenburg western pomerania,code13,,,,
2018,criminal proceedings,catering and hotel sector,mecklenburg western pomerania,code13,,,,
2019,criminal proceedings,catering and hotel sector,mecklenburg western pomerania,code13,,,,
2020,criminal proceedings,catering and hotel sector,mecklenburg western pomerania,code13,,,,
2021,criminal proceedings,catering and hotel sector,mecklenburg western pomerania,code13,,,,
2022,criminal proceedings,catering and hotel sector,mecklenburg western pomerania,code13,,,,
2023,criminal proceedings,catering and hotel sector,mecklenburg western pomerania,code13,,,,
2024,criminal proceedings,catering and hotel sector,mecklenburg western pomerania,code13,,,,127.0
2025,criminal proceedings,catering and hotel sector,mecklenburg western pomerania,code13,,,,117.0
2010,criminal proceedings,hairdressing and beauty sector,mecklenburg western pomerania,code13,,,,
2011,criminal proceedings,hairdressing and beauty sector,mecklenburg western pomerania,code13,,,,
2012,criminal proceedings,hairdressing and beauty sector,mecklenburg western pomerania,code13,,,,
2013,criminal proceedings,hairdressing and beauty sector,mecklenburg western pomerania,code13,,,,
2014,criminal proceedings,hairdressing and beauty sector,mecklenburg western pomerania,code13,,,,
2015,criminal proceedings,hairdressing and beauty sector,mecklenburg western pomerania,code13,,,,
2016,criminal proceedings,hairdressing and beauty sector,mecklenburg western pomerania,code13,,,,
2017,criminal proceedings,hairdressing and beauty sector,mecklenburg western pomerania,code13,,,,
2018,criminal proceedings,hairdressing and beauty sector,mecklenburg western pomerania,code13,,,,
2019,criminal proceedings,hairdressing and beauty sector,mecklenburg western pomerania,code13,,,,
2020,criminal proceedings,hairdressing and beauty sector,mecklenburg western pomerania,code13,,,,
2021,criminal proceedings,hairdressing and beauty sector,mecklenburg western pomerania,code13,,,,
2022,criminal proceedings,hairdressing and beauty sector,mecklenburg western pomerania,code13,,,,
2023,criminal proceedings,hairdressing and beauty sector,mecklenburg western pomerania,code13,,,,
2024,criminal proceedings,hairdressing and beauty sector,mecklenburg western pomerania,code13,,,,20.0
2025,criminal proceedings,hairdressing and beauty sector,mecklenburg western pomerania,code13,,,,19.0
2010,criminal proceedings,"haulage, transport and associated logistics sector",mecklenburg western pomerania,code13,,,,
2011,criminal proceedings,"haulage, transport and associated logistics sector",mecklenburg western pomerania,code13,,,,
2012,criminal proceedings,"haulage, transport and associated logistics sector",mecklenburg western pomerania,code13,,,,
2013,criminal proceedings,"haulage, transport and associated logistics sector",mecklenburg western pomerania,code13,,,,
2014,criminal proceedings,"haulage, transport and associated logistics sector",mecklenburg western pomerania,code13,,,,
2015,criminal proceedings,"haulage, transport and associated logistics sector",mecklenburg western pomerania,code13,,,,
2016,criminal proceedings,"haulage, transport and associated logistics sector",mecklenburg western pomerania,code13,,,,
2017,criminal proceedings,"haulage, transport and associated logistics sector",mecklenburg western pomerania,code13,,,,
2018,criminal proceedings,"haulage, transport and associated logistics sector",mecklenburg western pomerania,code13,,,,
2019,criminal proceedings,"haulage, transport and associated logistics sector",mecklenburg western pomerania,code13,,,,
2020,criminal proceedings,"haulage, transport and associated logistics sector",mecklenburg western pomerania,code13,,,,
2021,criminal proceedings,"haulage, transport and associated logistics sector",mecklenburg western pomerania,code13,,,,
2022,criminal proceedings,"haulage, transport and associated logistics sector",mecklenburg western pomerania,code13,,,,
2023,criminal proceedings,"haulage, transport and associated logistics sector",mecklenburg western pomerania,code13,,,,
2024,criminal proceedings,"haulage, transport and associated logistics sector",mecklenburg western pomerania,code13,,,,12.0
2025,criminal proceedings,"haulage, transport and associated logistics sector",mecklenburg western pomerania,code13,,,,16.0
2010,criminal proceedings,,lower saxony,code03,,,,
2011,criminal proceedings,,lower saxony,code03,,,,
2012,criminal proceedings,,lower saxony,code03,,,,
2013,criminal proceedings,,lower saxony,code03,,,,
2014,criminal proceedings,,lower saxony,code03,,,,
2015,criminal proceedings,,lower saxony,code03,,,,
2016,criminal proceedings,,lower saxony,code03,,,,
2017,criminal proceedings,,lower saxony,code03,,,,
2018,criminal proceedings,,lower saxony,code03,,,,
2019,criminal proceedings,,lower saxony,code03,,,,
2020,criminal proceedings,,lower saxony,code03,,,,
2021,criminal proceedings,,lower saxony,code03,,,,
2022,criminal proceedings,,lower saxony,code03,,,,
2023,criminal proceedings,,lower saxony,code03,,,,
2024,criminal proceedings,,lower saxony,code03,,,,9076.0
2025,criminal proceedings,,lower saxony,code03,,,,8306.0
2010,criminal proceedings,construction sector,lower saxony,code03,,,,
2011,criminal proceedings,construction sector,lower saxony,code03,,,,
2012,criminal proceedings,construction sector,lower saxony,code03,,,,
2013,criminal proceedings,construction sector,lower saxony,code03,,,,
2014,criminal proceedings,construction sector,lower saxony,code03,,,,
2015,criminal proceedings,construction sector,lower saxony,code03,,,,
2016,criminal proceedings,construction sector,lower saxony,code03,,,,
2017,criminal proceedings,construction sector,lower saxony,code03,,,,
2018,criminal proceedings,construction sector,lower saxony,code03,,,,
2019,criminal proceedings,construction sector,lower saxony,code03,,,,
2020,criminal proceedings,construction sector,lower saxony,code03,,,,
2021,criminal proceedings,construction sector,lower saxony,code03,,,,
2022,criminal proceedings,construction sector,lower saxony,code03,,,,
2023,criminal proceedings,construction sector,lower saxony,code03,,,,
2024,criminal proceedings,construction sector,lower saxony,code03,,,,851.0
2025,criminal proceedings,construction sector,lower saxony,code03,,,,618.0
2010,criminal proceedings,catering and hotel sector,lower saxony,code03,,,,
2011,criminal proceedings,catering and hotel sector,lower saxony,code03,,,,
2012,criminal proceedings,catering and hotel sector,lower saxony,code03,,,,
2013,criminal proceedings,catering and hotel sector,lower saxony,code03,,,,
2014,criminal proceedings,catering and hotel sector,lower saxony,code03,,,,
2015,criminal proceedings,catering and hotel sector,lower saxony,code03,,,,
2016,criminal proceedings,catering and hotel sector,lower saxony,code03,,,,
2017,criminal proceedings,catering and hotel sector,lower saxony,code03,,,,
2018,criminal proceedings,catering and hotel sector,lower saxony,code03,,,,
2019,criminal proceedings,catering and hotel sector,lower saxony,code03,,,,
2020,criminal proceedings,catering and hotel sector,lower saxony,code03,,,,
2021,criminal proceedings,catering and hotel sector,lower saxony,code03,,,,
2022,criminal proceedings,catering and hotel sector,lower saxony,code03,,,,
2023,criminal proceedings,catering and hotel sector,lower saxony,code03,,,,
2024,criminal proceedings,catering and hotel sector,lower saxony,code03,,,,781.0
2025,criminal proceedings,catering and hotel sector,lower saxony,code03,,,,746.0
2010,criminal proceedings,hairdressing and beauty sector,lower saxony,code03,,,,
2011,criminal proceedings,hairdressing and beauty sector,lower saxony,code03,,,,
2012,criminal proceedings,hairdressing and beauty sector,lower saxony,code03,,,,
2013,criminal proceedings,hairdressing and beauty sector,lower saxony,code03,,,,
2014,criminal proceedings,hairdressing and beauty sector,lower saxony,code03,,,,
2015,criminal proceedings,hairdressing and beauty sector,lower saxony,code03,,,,
2016,criminal proceedings,hairdressing and beauty sector,lower saxony,code03,,,,
2017,criminal proceedings,hairdressing and beauty sector,lower saxony,code03,,,,
2018,criminal proceedings,hairdressing and beauty sector,lower saxony,code03,,,,
2019,criminal proceedings,hairdressing and beauty sector,lower saxony,code03,,,,
2020,criminal proceedings,hairdressing and beauty sector,lower saxony,code03,,,,
2021,criminal proceedings,hairdressing and beauty sector,lower saxony,code03,,,,
2022,criminal proceedings,hairdressing and beauty sector,lower saxony,code03,,,,
2023,criminal proceedings,hairdressing and beauty sector,lower saxony,code03,,,,
2024,criminal proceedings,hairdressing and beauty sector,lower saxony,code03,,,,56.0
2025,criminal proceedings,hairdressing and beauty sector,lower saxony,code03,,,,58.0
2010,criminal proceedings,"haulage, transport and associated logistics sector",lower saxony,code03,,,,
2011,criminal proceedings,"haulage, transport and associated logistics sector",lower saxony,code03,,,,
2012,criminal proceedings,"haulage, transport and associated logistics sector",lower saxony,code03,,,,
2013,criminal proceedings,"haulage, transport and associated logistics sector",lower saxony,code03,,,,
2014,criminal proceedings,"haulage, transport and associated logistics sector",lower saxony,code03,,,,
2015,criminal proceedings,"haulage, transport and associated logistics sector",lower saxony,code03,,,,
2016,criminal proceedings,"haulage, transport and associated logistics sector",lower saxony,code03,,,,
2017,criminal proceedings,"haulage, transport and associated logistics sector",lower saxony,code03,,,,
2018,criminal proceedings,"haulage, transport and associated logistics sector",lower saxony,code03,,,,
2019,criminal proceedings,"haulage, transport and associated logistics sector",lower saxony,code03,,,,
2020,criminal proceedings,"haulage, transport and associated logistics sector",lower saxony,code03,,,,
2021,criminal proceedings,"haulage, transport and associated logistics sector",lower saxony,code03,,,,
2022,criminal proceedings,"haulage, transport and associated logistics sector",lower saxony,code03,,,,
2023,criminal proceedings,"haulage, transport and associated logistics sector",lower saxony,code03,,,,
2024,criminal proceedings,"haulage, transport and associated logistics sector",lower saxony,code03,,,,323.0
2025,criminal proceedings,"haulage, transport and associated logistics sector",lower saxony,code03,,,,353.0
2010,criminal proceedings,,north rhine-westphalia,code05,,,,
2011,criminal proceedings,,north rhine-westphalia,code05,,,,
2012,criminal proceedings,,north rhine-westphalia,code05,,,,
2013,criminal proceedings,,north rhine-westphalia,code05,,,,
2014,criminal proceedings,,north rhine-westphalia,code05,,,,
2015,criminal proceedings,,north rhine-westphalia,code05,,,,
2016,criminal proceedings,,north rhine-westphalia,code05,,,,
2017,criminal proceedings,,north rhine-westphalia,code05,,,,
2018,criminal proceedings,,north rhine-westphalia,code05,,,,
2019,criminal proceedings,,north rhine-westphalia,code05,,,,
2020,criminal proceedings,,north rhine-westphalia,code05,,,,
2021,criminal proceedings,,north rhine-westphalia,code05,,,,
2022,criminal proceedings,,north rhine-westphalia,code05,,,,
2023,criminal proceedings,,north rhine-westphalia,code05,,,,
2024,criminal proceedings,,north rhine-westphalia,code05,,,,21974.0
2025,criminal proceedings,,north rhine-westphalia,code05,,,,24301.0
2010,criminal proceedings,construction sector,north rhine-westphalia,code05,,,,
2011,criminal proceedings,construction sector,north rhine-westphalia,code05,,,,
2012,criminal proceedings,construction sector,north rhine-westphalia,code05,,,,
2013,criminal proceedings,construction sector,north rhine-westphalia,code05,,,,
2014,criminal proceedings,construction sector,north rhine-westphalia,code05,,,,
2015,criminal proceedings,construction sector,north rhine-westphalia,code05,,,,
2016,criminal proceedings,construction sector,north rhine-westphalia,code05,,,,
2017,criminal proceedings,construction sector,north rhine-westphalia,code05,,,,
2018,criminal proceedings,construction sector,north rhine-westphalia,code05,,,,
2019,criminal proceedings,construction sector,north rhine-westphalia,code05,,,,
2020,criminal proceedings,construction sector,north rhine-westphalia,code05,,,,
2021,criminal proceedings,construction sector,north rhine-westphalia,code05,,,,
2022,criminal proceedings,construction sector,north rhine-westphalia,code05,,,,
2023,criminal proceedings,construction sector,north rhine-westphalia,code05,,,,
2024,criminal proceedings,construction sector,north rhine-westphalia,code05,,,,2109.0
2025,criminal proceedings,construction sector,north rhine-westphalia,code05,,,,2121.0
2010,criminal proceedings,catering and hotel sector,north rhine-westphalia,code05,,,,
2011,criminal proceedings,catering and hotel sector,north rhine-westphalia,code05,,,,
2012,criminal proceedings,catering and hotel sector,north rhine-westphalia,code05,,,,
2013,criminal proceedings,catering and hotel sector,north rhine-westphalia,code05,,,,
2014,criminal proceedings,catering and hotel sector,north rhine-westphalia,code05,,,,
2015,criminal proceedings,catering and hotel sector,north rhine-westphalia,code05,,,,
2016,criminal proceedings,catering and hotel sector,north rhine-westphalia,code05,,,,
2017,criminal proceedings,catering and hotel sector,north rhine-westphalia,code05,,,,
2018,criminal proceedings,catering and hotel sector,north rhine-westphalia,code05,,,,
2019,criminal proceedings,catering and hotel sector,north rhine-westphalia,code05,,,,
2020,criminal proceedings,catering and hotel sector,north rhine-westphalia,code05,,,,
2021,criminal proceedings,catering and hotel sector,north rhine-westphalia,code05,,,,
2022,criminal proceedings,catering and hotel sector,north rhine-westphalia,code05,,,,
2023,criminal proceedings,catering and hotel sector,north rhine-westphalia,code05,,,,
2024,criminal proceedings,catering and hotel sector,north rhine-westphalia,code05,,,,1887.0
2025,criminal proceedings,catering and hotel sector,north rhine-westphalia,code05,,,,1962.0
2010,criminal proceedings,hairdressing and beauty sector,north rhine-westphalia,code05,,,,
2011,criminal proceedings,hairdressing and beauty sector,north rhine-westphalia,code05,,,,
2012,criminal proceedings,hairdressing and beauty sector,north rhine-westphalia,code05,,,,
2013,criminal proceedings,hairdressing and beauty sector,north rhine-westphalia,code05,,,,
2014,criminal proceedings,hairdressing and beauty sector,north rhine-westphalia,code05,,,,
2015,criminal proceedings,hairdressing and beauty sector,north rhine-westphalia,code05,,,,
2016,criminal proceedings,hairdressing and beauty sector,north rhine-westphalia,code05,,,,
2017,criminal proceedings,hairdressing and beauty sector,north rhine-westphalia,code05,,,,
2018,criminal proceedings,hairdressing and beauty sector,north rhine-westphalia,code05,,,,
2019,criminal proceedings,hairdressing and beauty sector,north rhine-westphalia,code05,,,,
2020,criminal proceedings,hairdressing and beauty sector,north rhine-westphalia,code05,,,,
2021,criminal proceedings,hairdressing and beauty sector,north rhine-westphalia,code05,,,,
2022,criminal proceedings,hairdressing and beauty sector,north rhine-westphalia,code05,,,,
2023,criminal proceedings,hairdressing and beauty sector,north rhine-westphalia,code05,,,,
2024,criminal proceedings,hairdressing and beauty sector,north rhine-westphalia,code05,,,,382.0
2025,criminal proceedings,hairdressing and beauty sector,north rhine-westphalia,code05,,,,456.0
2010,criminal proceedings,"haulage, transport and associated logistics sector",north rhine-westphalia,code05,,,,
2011,criminal proceedings,"haulage, transport and associated logistics sector",north rhine-westphalia,code05,,,,
2012,criminal proceedings,"haulage, transport and associated logistics sector",north rhine-westphalia,code05,,,,
2013,criminal proceedings,"haulage, transport and associated logistics sector",north rhine-westphalia,code05,,,,
2014,criminal proceedings,"haulage, transport and associated logistics sector",north rhine-westphalia,code05,,,,
2015,criminal proceedings,"haulage, transport and associated logistics sector",north rhine-westphalia,code05,,,,
2016,criminal proceedings,"haulage, transport and associated logistics sector",north rhine-westphalia,code05,,,,
2017,criminal proceedings,"haulage, transport and associated logistics sector",north rhine-westphalia,code05,,,,
2018,criminal proceedings,"haulage, transport and associated logistics sector",north rhine-westphalia,code05,,,,
2019,criminal proceedings,"haulage, transport and associated logistics sector",north rhine-westphalia,code05,,,,
2020,criminal proceedings,"haulage, transport and associated logistics sector",north rhine-westphalia,code05,,,,
2021,criminal proceedings,"haulage, transport and associated logistics sector",north rhine-westphalia,code05,,,,
2022,criminal proceedings,"haulage, transport and associated logistics sector",north rhine-westphalia,code05,,,,
2023,criminal proceedings,"haulage, transport and associated logistics sector",north rhine-westphalia,code05,,,,
2024,criminal proceedings,"haulage, transport and associated logistics sector",north rhine-westphalia,code05,,,,1391.0
2025,criminal proceedings,"haulage, transport and associated logistics sector",north rhine-westphalia,code05,,,,1847.0
2010,criminal proceedings,,rhineland palatinate,code07,,,,
2011,criminal proceedings,,rhineland palatinate,code07,,,,
2012,criminal proceedings,,rhineland palatinate,code07,,,,
2013,criminal proceedings,,rhineland palatinate,code07,,,,
2014,criminal proceedings,,rhineland palatinate,code07,,,,
2015,criminal proceedings,,rhineland palatinate,code07,,,,
2016,criminal proceedings,,rhineland palatinate,code07,,,,
2017,criminal proceedings,,rhineland palatinate,code07,,,,
2018,criminal proceedings,,rhineland palatinate,code07,,,,
2019,criminal proceedings,,rhineland palatinate,code07,,,,
2020,criminal proceedings,,rhineland palatinate,code07,,,,
2021,criminal proceedings,,rhineland palatinate,code07,,,,
2022,criminal proceedings,,rhineland palatinate,code07,,,,
2023,criminal proceedings,,rhineland palatinate,code07,,,,
2024,criminal proceedings,,rhineland palatinate,code07,,,,3690.0
2025,criminal proceedings,,rhineland palatinate,code07,,,,3529.0
2010,criminal proceedings,construction sector,rhineland palatinate,code07,,,,
2011,criminal proceedings,construction sector,rhineland palatinate,code07,,,,
2012,criminal proceedings,construction sector,rhineland palatinate,code07,,,,
2013,criminal proceedings,construction sector,rhineland palatinate,code07,,,,
2014,criminal proceedings,construction sector,rhineland palatinate,code07,,,,
2015,criminal proceedings,construction sector,rhineland palatinate,code07,,,,
2016,criminal proceedings,construction sector,rhineland palatinate,code07,,,,
2017,criminal proceedings,construction sector,rhineland palatinate,code07,,,,
2018,criminal proceedings,construction sector,rhineland palatinate,code07,,,,
2019,criminal proceedings,construction sector,rhineland palatinate,code07,,,,
2020,criminal proceedings,construction sector,rhineland palatinate,code07,,,,
2021,criminal proceedings,construction sector,rhineland palatinate,code07,,,,
2022,criminal proceedings,construction sector,rhineland palatinate,code07,,,,
2023,criminal proceedings,construction sector,rhineland palatinate,code07,,,,
2024,criminal proceedings,construction sector,rhineland palatinate,code07,,,,703.0
2025,criminal proceedings,construction sector,rhineland palatinate,code07,,,,588.0
2010,criminal proceedings,catering and hotel sector,rhineland palatinate,code07,,,,
2011,criminal proceedings,catering and hotel sector,rhineland palatinate,code07,,,,
2012,criminal proceedings,catering and hotel sector,rhineland palatinate,code07,,,,
2013,criminal proceedings,catering and hotel sector,rhineland palatinate,code07,,,,
2014,criminal proceedings,catering and hotel sector,rhineland palatinate,code07,,,,
2015,criminal proceedings,catering and hotel sector,rhineland palatinate,code07,,,,
2016,criminal proceedings,catering and hotel sector,rhineland palatinate,code07,,,,
2017,criminal proceedings,catering and hotel sector,rhineland palatinate,code07,,,,
2018,criminal proceedings,catering and hotel sector,rhineland palatinate,code07,,,,
2019,criminal proceedings,catering and hotel sector,rhineland palatinate,code07,,,,
2020,criminal proceedings,catering and hotel sector,rhineland palatinate,code07,,,,
2021,criminal proceedings,catering and hotel sector,rhineland palatinate,code07,,,,
2022,criminal proceedings,catering and hotel sector,rhineland palatinate,code07,,,,
2023,criminal proceedings,catering and hotel sector,rhineland palatinate,code07,,,,
2024,criminal proceedings,catering and hotel sector,rhineland palatinate,code07,,,,339.0
2025,criminal proceedings,catering and hotel sector,rhineland palatinate,code07,,,,347.0
2010,criminal proceedings,hairdressing and beauty sector,rhineland palatinate,code07,,,,
2011,criminal proceedings,hairdressing and beauty sector,rhineland palatinate,code07,,,,
2012,criminal proceedings,hairdressing and beauty sector,rhineland palatinate,code07,,,,
2013,criminal proceedings,hairdressing and beauty sector,rhineland palatinate,code07,,,,
2014,criminal proceedings,hairdressing and beauty sector,rhineland palatinate,code07,,,,
2015,criminal proceedings,hairdressing and beauty sector,rhineland palatinate,code07,,,,
2016,criminal proceedings,hairdressing and beauty sector,rhineland palatinate,code07,,,,
2017,criminal proceedings,hairdressing and beauty sector,rhineland palatinate,code07,,,,
2018,criminal proceedings,hairdressing and beauty sector,rhineland palatinate,code07,,,,
2019,criminal proceedings,hairdressing and beauty sector,rhineland palatinate,code07,,,,
2020,criminal proceedings,hairdressing and beauty sector,rhineland palatinate,code07,,,,
2021,criminal proceedings,hairdressing and beauty sector,rhineland palatinate,code07,,,,
2022,criminal proceedings,hairdressing and beauty sector,rhineland palatinate,code07,,,,
2023,criminal proceedings,hairdressing and beauty sector,rhineland palatinate,code07,,,,
2024,criminal proceedings,hairdressing and beauty sector,rhineland palatinate,code07,,,,65.0
2025,criminal proceedings,hairdressing and beauty sector,rhineland palatinate,code07,,,,82.0
2010,criminal proceedings,"haulage, transport and associated logistics sector",rhineland palatinate,code07,,,,
2011,criminal proceedings,"haulage, transport and associated logistics sector",rhineland palatinate,code07,,,,
2012,criminal proceedings,"haulage, transport and associated logistics sector",rhineland palatinate,code07,,,,
2013,criminal proceedings,"haulage, transport and associated logistics sector",rhineland palatinate,code07,,,,
2014,criminal proceedings,"haulage, transport and associated logistics sector",rhineland palatinate,code07,,,,
2015,criminal proceedings,"haulage, transport and associated logistics sector",rhineland palatinate,code07,,,,
2016,criminal proceedings,"haulage, transport and associated logistics sector",rhineland palatinate,code07,,,,
2017,criminal proceedings,"haulage, transport and associated logistics sector",rhineland palatinate,code07,,,,
2018,criminal proceedings,"haulage, transport and associated logistics sector",rhineland palatinate,code07,,,,
2019,criminal proceedings,"haulage, transport and associated logistics sector",rhineland palatinate,code07,,,,
2020,criminal proceedings,"haulage, transport and associated logistics sector",rhineland palatinate,code07,,,,
2021,criminal proceedings,"haulage, transport and associated logistics sector",rhineland palatinate,code07,,,,
2022,criminal proceedings,"haulage, transport and associated logistics sector",rhineland palatinate,code07,,,,
2023,criminal proceedings,"haulage, transport and associated logistics sector",rhineland palatinate,code07,,,,
2024,criminal proceedings,"haulage, transport and associated logistics sector",rhineland palatinate,code07,,,,121.0
2025,criminal proceedings,"haulage, transport and associated logistics sector",rhineland palatinate,code07,,,,125.0
2010,criminal proceedings,,saarland,code10,,,,
2011,criminal proceedings,,saarland,code10,,,,
2012,criminal proceedings,,saarland,code10,,,,
2013,criminal proceedings,,saarland,code10,,,,
2014,criminal proceedings,,saarland,code10,,,,
2015,criminal proceedings,,saarland,code10,,,,
2016,criminal proceedings,,saarland,code10,,,,
2017,criminal proceedings,,saarland,code10,,,,
2018,criminal proceedings,,saarland,code10,,,,
2019,criminal proceedings,,saarland,code10,,,,
2020,criminal proceedings,,saarland,code10,,,,
2021,criminal proceedings,,saarland,code10,,,,
2022,criminal proceedings,,saarland,code10,,,,
2023,criminal proceedings,,saarland,code10,,,,
2024,criminal proceedings,,saarland,code10,,,,2257.0
2025,criminal proceedings,,saarland,code10,,,,2032.0
2010,criminal proceedings,construction sector,saarland,code10,,,,
2011,criminal proceedings,construction sector,saarland,code10,,,,
2012,criminal proceedings,construction sector,saarland,code10,,,,
2013,criminal proceedings,construction sector,saarland,code10,,,,
2014,criminal proceedings,construction sector,saarland,code10,,,,
2015,criminal proceedings,construction sector,saarland,code10,,,,
2016,criminal proceedings,construction sector,saarland,code10,,,,
2017,criminal proceedings,construction sector,saarland,code10,,,,
2018,criminal proceedings,construction sector,saarland,code10,,,,
2019,criminal proceedings,construction sector,saarland,code10,,,,
2020,criminal proceedings,construction sector,saarland,code10,,,,
2021,criminal proceedings,construction sector,saarland,code10,,,,
2022,criminal proceedings,construction sector,saarland,code10,,,,
2023,criminal proceedings,construction sector,saarland,code10,,,,
2024,criminal proceedings,construction sector,saarland,code10,,,,147.0
2025,criminal proceedings,construction sector,saarland,code10,,,,166.0
2010,criminal proceedings,catering and hotel sector,saarland,code10,,,,
2011,criminal proceedings,catering and hotel sector,saarland,code10,,,,
2012,criminal proceedings,catering and hotel sector,saarland,code10,,,,
2013,criminal proceedings,catering and hotel sector,saarland,code10,,,,
2014,criminal proceedings,catering and hotel sector,saarland,code10,,,,
2015,criminal proceedings,catering and hotel sector,saarland,code10,,,,
2016,criminal proceedings,catering and hotel sector,saarland,code10,,,,
2017,criminal proceedings,catering and hotel sector,saarland,code10,,,,
2018,criminal proceedings,catering and hotel sector,saarland,code10,,,,
2019,criminal proceedings,catering and hotel sector,saarland,code10,,,,
2020,criminal proceedings,catering and hotel sector,saarland,code10,,,,
2021,criminal proceedings,catering and hotel sector,saarland,code10,,,,
2022,criminal proceedings,catering and hotel sector,saarland,code10,,,,
2023,criminal proceedings,catering and hotel sector,saarland,code10,,,,
2024,criminal proceedings,catering and hotel sector,saarland,code10,,,,317.0
2025,criminal proceedings,catering and hotel sector,saarland,code10,,,,249.0
2010,criminal proceedings,hairdressing and beauty sector,saarland,code10,,,,
2011,criminal proceedings,hairdressing and beauty sector,saarland,code10,,,,
2012,criminal proceedings,hairdressing and beauty sector,saarland,code10,,,,
2013,criminal proceedings,hairdressing and beauty sector,saarland,code10,,,,
2014,criminal proceedings,hairdressing and beauty sector,saarland,code10,,,,
2015,criminal proceedings,hairdressing and beauty sector,saarland,code10,,,,
2016,criminal proceedings,hairdressing and beauty sector,saarland,code10,,,,
2017,criminal proceedings,hairdressing and beauty sector,saarland,code10,,,,
2018,criminal proceedings,hairdressing and beauty sector,saarland,code10,,,,
2019,criminal proceedings,hairdressing and beauty sector,saarland,code10,,,,
2020,criminal proceedings,hairdressing and beauty sector,saarland,code10,,,,
2021,criminal proceedings,hairdressing and beauty sector,saarland,code10,,,,
2022,criminal proceedings,hairdressing and beauty sector,saarland,code10,,,,
2023,criminal proceedings,hairdressing and beauty sector,saarland,code10,,,,
2024,criminal proceedings,hairdressing and beauty sector,saarland,code10,,,,14.0
2025,criminal proceedings,hairdressing and beauty sector,saarland,code10,,,,27.0
2010,criminal proceedings,"haulage, transport and associated logistics sector",saarland,code10,,,,
2011,criminal proceedings,"haulage, transport and associated logistics sector",saarland,code10,,,,
2012,criminal proceedings,"haulage, transport and associated logistics sector",saarland,code10,,,,
2013,criminal proceedings,"haulage, transport and associated logistics sector",saarland,code10,,,,
2014,criminal proceedings,"haulage, transport and associated logistics sector",saarland,code10,,,,
2015,criminal proceedings,"haulage, transport and associated logistics sector",saarland,code10,,,,
2016,criminal proceedings,"haulage, transport and associated logistics sector",saarland,code10,,,,
2017,criminal proceedings,"haulage, transport and associated logistics sector",saarland,code10,,,,
2018,criminal proceedings,"haulage, transport and associated logistics sector",saarland,code10,,,,
2019,criminal proceedings,"haulage, transport and associated logistics sector",saarland,code10,,,,
2020,criminal proceedings,"haulage, transport and associated logistics sector",saarland,code10,,,,
2021,criminal proceedings,"haulage, transport and associated logistics sector",saarland,code10,,,,
2022,criminal proceedings,"haulage, transport and associated logistics sector",saarland,code10,,,,
2023,criminal proceedings,"haulage, transport and associated logistics sector",saarland,code10,,,,
2024,criminal proceedings,"haulage, transport and associated logistics sector",saarland,code10,,,,124.0
2025,criminal proceedings,"haulage, transport and associated logistics sector",saarland,code10,,,,132.0
2010,criminal proceedings,,saxony,code14,,,,
2011,criminal proceedings,,saxony,code14,,,,
2012,criminal proceedings,,saxony,code14,,,,
2013,criminal proceedings,,saxony,code14,,,,
2014,criminal proceedings,,saxony,code14,,,,
2015,criminal proceedings,,saxony,code14,,,,
2016,criminal proceedings,,saxony,code14,,,,
2017,criminal proceedings,,saxony,code14,,,,
2018,criminal proceedings,,saxony,code14,,,,
2019,criminal proceedings,,saxony,code14,,,,
2020,criminal proceedings,,saxony,code14,,,,
2021,criminal proceedings,,saxony,code14,,,,
2022,criminal proceedings,,saxony,code14,,,,
2023,criminal proceedings,,saxony,code14,,,,
2024,criminal proceedings,,saxony,code14,,,,4108.0
2025,criminal proceedings,,saxony,code14,,,,3795.0
2010,criminal proceedings,construction sector,saxony,code14,,,,
2011,criminal proceedings,construction sector,saxony,code14,,,,
2012,criminal proceedings,construction sector,saxony,code14,,,,
2013,criminal proceedings,construction sector,saxony,code14,,,,
2014,criminal proceedings,construction sector,saxony,code14,,,,
2015,criminal proceedings,construction sector,saxony,code14,,,,
2016,criminal proceedings,construction sector,saxony,code14,,,,
2017,criminal proceedings,construction sector,saxony,code14,,,,
2018,criminal proceedings,construction sector,saxony,code14,,,,
2019,criminal proceedings,construction sector,saxony,code14,,,,
2020,criminal proceedings,construction sector,saxony,code14,,,,
2021,criminal proceedings,construction sector,saxony,code14,,,,
2022,criminal proceedings,construction sector,saxony,code14,,,,
2023,criminal proceedings,construction sector,saxony,code14,,,,
2024,criminal proceedings,construction sector,saxony,code14,,,,499.0
2025,criminal proceedings,construction sector,saxony,code14,,,,409.0
2010,criminal proceedings,catering and hotel sector,saxony,code14,,,,
2011,criminal proceedings,catering and hotel sector,saxony,code14,,,,
2012,criminal proceedings,catering and hotel sector,saxony,code14,,,,
2013,criminal proceedings,catering and hotel sector,saxony,code14,,,,
2014,criminal proceedings,catering and hotel sector,saxony,code14,,,,
2015,criminal proceedings,catering and hotel sector,saxony,code14,,,,
2016,criminal proceedings,catering and hotel sector,saxony,code14,,,,
2017,criminal proceedings,catering and hotel sector,saxony,code14,,,,
2018,criminal proceedings,catering and hotel sector,saxony,code14,,,,
2019,criminal proceedings,catering and hotel sector,saxony,code14,,,,
2020,criminal proceedings,catering and hotel sector,saxony,code14,,,,
2021,criminal proceedings,catering and hotel sector,saxony,code14,,,,
2022,criminal proceedings,catering and hotel sector,saxony,code14,,,,
2023,criminal proceedings,catering and hotel sector,saxony,code14,,,,
2024,criminal proceedings,catering and hotel sector,saxony,code14,,,,480.0
2025,criminal proceedings,catering and hotel sector,saxony,code14,,,,434.0
2010,criminal proceedings,hairdressing and beauty sector,saxony,code14,,,,
2011,criminal proceedings,hairdressing and beauty sector,saxony,code14,,,,
2012,criminal proceedings,hairdressing and beauty sector,saxony,code14,,,,
2013,criminal proceedings,hairdressing and beauty sector,saxony,code14,,,,
2014,criminal proceedings,hairdressing and beauty sector,saxony,code14,,,,
2015,criminal proceedings,hairdressing and beauty sector,saxony,code14,,,,
2016,criminal proceedings,hairdressing and beauty sector,saxony,code14,,,,
2017,criminal proceedings,hairdressing and beauty sector,saxony,code14,,,,
2018,criminal proceedings,hairdressing and beauty sector,saxony,code14,,,,
2019,criminal proceedings,hairdressing and beauty sector,saxony,code14,,,,
2020,criminal proceedings,hairdressing and beauty sector,saxony,code14,,,,
2021,criminal proceedings,hairdressing and beauty sector,saxony,code14,,,,
2022,criminal proceedings,hairdressing and beauty sector,saxony,code14,,,,
2023,criminal proceedings,hairdressing and beauty sector,saxony,code14,,,,
2024,criminal proceedings,hairdressing and beauty sector,saxony,code14,,,,34.0
2025,criminal proceedings,hairdressing and beauty sector,saxony,code14,,,,57.0
2010,criminal proceedings,"haulage, transport and associated logistics sector",saxony,code14,,,,
2011,criminal proceedings,"haulage, transport and associated logistics sector",saxony,code14,,,,
2012,criminal proceedings,"haulage, transport and associated logistics sector",saxony,code14,,,,
2013,criminal proceedings,"haulage, transport and associated logistics sector",saxony,code14,,,,
2014,criminal proceedings,"haulage, transport and associated logistics sector",saxony,code14,,,,
2015,criminal proceedings,"haulage, transport and associated logistics sector",saxony,code14,,,,
2016,criminal proceedings,"haulage, transport and associated logistics sector",saxony,code14,,,,
2017,criminal proceedings,"haulage, transport and associated logistics sector",saxony,code14,,,,
2018,criminal proceedings,"haulage, transport and associated logistics sector",saxony,code14,,,,
2019,criminal proceedings,"haulage, transport and associated logistics sector",saxony,code14,,,,
2020,criminal proceedings,"haulage, transport and associated logistics sector",saxony,code14,,,,
2021,criminal proceedings,"haulage, transport and associated logistics sector",saxony,code14,,,,
2022,criminal proceedings,"haulage, transport and associated logistics sector",saxony,code14,,,,
2023,criminal proceedings,"haulage, transport and associated logistics sector",saxony,code14,,,,
2024,criminal proceedings,"haulage, transport and associated logistics sector",saxony,code14,,,,109.0
2025,criminal proceedings,"haulage, transport and associated logistics sector",saxony,code14,,,,96.0
2010,criminal proceedings,,saxony-anhalt,code15,,,,
2011,criminal proceedings,,saxony-anhalt,code15,,,,
2012,criminal proceedings,,saxony-anhalt,code15,,,,
2013,criminal proceedings,,saxony-anhalt,code15,,,,
2014,criminal proceedings,,saxony-anhalt,code15,,,,
2015,criminal proceedings,,saxony-anhalt,code15,,,,
2016,criminal proceedings,,saxony-anhalt,code15,,,,
2017,criminal proceedings,,saxony-anhalt,code15,,,,
2018,criminal proceedings,,saxony-anhalt,code15,,,,
2019,criminal proceedings,,saxony-anhalt,code15,,,,
2020,criminal proceedings,,saxony-anhalt,code15,,,,
2021,criminal proceedings,,saxony-anhalt,code15,,,,
2022,criminal proceedings,,saxony-anhalt,code15,,,,
2023,criminal proceedings,,saxony-anhalt,code15,,,,
2024,criminal proceedings,,saxony-anhalt,code15,,,,2092.0
2025,criminal proceedings,,saxony-anhalt,code15,,,,2343.0
2010,criminal proceedings,construction sector,saxony-anhalt,code15,,,,
2011,criminal proceedings,construction sector,saxony-anhalt,code15,,,,
2012,criminal proceedings,construction sector,saxony-anhalt,code15,,,,
2013,criminal proceedings,construction sector,saxony-anhalt,code15,,,,
2014,criminal proceedings,construction sector,saxony-anhalt,code15,,,,
2015,criminal proceedings,construction sector,saxony-anhalt,code15,,,,
2016,criminal proceedings,construction sector,saxony-anhalt,code15,,,,
2017,criminal proceedings,construction sector,saxony-anhalt,code15,,,,
2018,criminal proceedings,construction sector,saxony-anhalt,code15,,,,
2019,criminal proceedings,construction sector,saxony-anhalt,code15,,,,
2020,criminal proceedings,construction sector,saxony-anhalt,code15,,,,
2021,criminal proceedings,construction sector,saxony-anhalt,code15,,,,
2022,criminal proceedings,construction sector,saxony-anhalt,code15,,,,
2023,criminal proceedings,construction sector,saxony-anhalt,code15,,,,
2024,criminal proceedings,construction sector,saxony-anhalt,code15,,,,157.0
2025,criminal proceedings,construction sector,saxony-anhalt,code15,,,,88.0
2010,criminal proceedings,catering and hotel sector,saxony-anhalt,code15,,,,
2011,criminal proceedings,catering and hotel sector,saxony-anhalt,code15,,,,
2012,criminal proceedings,catering and hotel sector,saxony-anhalt,code15,,,,
2013,criminal proceedings,catering and hotel sector,saxony-anhalt,code15,,,,
2014,criminal proceedings,catering and hotel sector,saxony-anhalt,code15,,,,
2015,criminal proceedings,catering and hotel sector,saxony-anhalt,code15,,,,
2016,criminal proceedings,catering and hotel sector,saxony-anhalt,code15,,,,
2017,criminal proceedings,catering and hotel sector,saxony-anhalt,code15,,,,
2018,criminal proceedings,catering and hotel sector,saxony-anhalt,code15,,,,
2019,criminal proceedings,catering and hotel sector,saxony-anhalt,code15,,,,
2020,criminal proceedings,catering and hotel sector,saxony-anhalt,code15,,,,
2021,criminal proceedings,catering and hotel sector,saxony-anhalt,code15,,,,
2022,criminal proceedings,catering and hotel sector,saxony-anhalt,code15,,,,
2023,criminal proceedings,catering and hotel sector,saxony-anhalt,code15,,,,
2024,criminal proceedings,catering and hotel sector,saxony-anhalt,code15,,,,89.0
2025,criminal proceedings,catering and hotel sector,saxony-anhalt,code15,,,,73.0
2010,criminal proceedings,hairdressing and beauty sector,saxony-anhalt,code15,,,,
2011,criminal proceedings,hairdressing and beauty sector,saxony-anhalt,code15,,,,
2012,criminal proceedings,hairdressing and beauty sector,saxony-anhalt,code15,,,,
2013,criminal proceedings,hairdressing and beauty sector,saxony-anhalt,code15,,,,
2014,criminal proceedings,hairdressing and beauty sector,saxony-anhalt,code15,,,,
2015,criminal proceedings,hairdressing and beauty sector,saxony-anhalt,code15,,,,
2016,criminal proceedings,hairdressing and beauty sector,saxony-anhalt,code15,,,,
2017,criminal proceedings,hairdressing and beauty sector,saxony-anhalt,code15,,,,
2018,criminal proceedings,hairdressing and beauty sector,saxony-anhalt,code15,,,,
2019,criminal proceedings,hairdressing and beauty sector,saxony-anhalt,code15,,,,
2020,criminal proceedings,hairdressing and beauty sector,saxony-anhalt,code15,,,,
2021,criminal proceedings,hairdressing and beauty sector,saxony-anhalt,code15,,,,
2022,criminal proceedings,hairdressing and beauty sector,saxony-anhalt,code15,,,,
2023,criminal proceedings,hairdressing and beauty sector,saxony-anhalt,code15,,,,
2024,criminal proceedings,hairdressing and beauty sector,saxony-anhalt,code15,,,,9.0
2025,criminal proceedings,hairdressing and beauty sector,saxony-anhalt,code15,,,,29.0
2010,criminal proceedings,"haulage, transport and associated logistics sector",saxony-anhalt,code15,,,,
2011,criminal proceedings,"haulage, transport and associated logistics sector",saxony-anhalt,code15,,,,
2012,criminal proceedings,"haulage, transport and associated logistics sector",saxony-anhalt,code15,,,,
2013,criminal proceedings,"haulage, transport and associated logistics sector",saxony-anhalt,code15,,,,
2014,criminal proceedings,"haulage, transport and associated logistics sector",saxony-anhalt,code15,,,,
2015,criminal proceedings,"haulage, transport and associated logistics sector",saxony-anhalt,code15,,,,
2016,criminal proceedings,"haulage, transport and associated logistics sector",saxony-anhalt,code15,,,,
2017,criminal proceedings,"haulage, transport and associated logistics sector",saxony-anhalt,code15,,,,
2018,criminal proceedings,"haulage, transport and associated logistics sector",saxony-anhalt,code15,,,,
2019,criminal proceedings,"haulage, transport and associated logistics sector",saxony-anhalt,code15,,,,
2020,criminal proceedings,"haulage, transport and associated logistics sector",saxony-anhalt,code15,,,,
2021,criminal proceedings,"haulage, transport and associated logistics sector",saxony-anhalt,code15,,,,
2022,criminal proceedings,"haulage, transport and associated logistics sector",saxony-anhalt,code15,,,,
2023,criminal proceedings,"haulage, transport and associated logistics sector",saxony-anhalt,code15,,,,
2024,criminal proceedings,"haulage, transport and associated logistics sector",saxony-anhalt,code15,,,,34.0
2025,criminal proceedings,"haulage, transport and associated logistics sector",saxony-anhalt,code15,,,,18.0
2010,criminal proceedings,,schleswig-holstein,code01,,,,
2011,criminal proceedings,,schleswig-holstein,code01,,,,
2012,criminal proceedings,,schleswig-holstein,code01,,,,
2013,criminal proceedings,,schleswig-holstein,code01,,,,
2014,criminal proceedings,,schleswig-holstein,code01,,,,
2015,criminal proceedings,,schleswig-holstein,code01,,,,
2016,criminal proceedings,,schleswig-holstein,code01,,,,
2017,criminal proceedings,,schleswig-holstein,code01,,,,
2018,criminal proceedings,,schleswig-holstein,code01,,,,
2019,criminal proceedings,,schleswig-holstein,code01,,,,
2020,criminal proceedings,,schleswig-holstein,code01,,,,
2021,criminal proceedings,,schleswig-holstein,code01,,,,
2022,criminal proceedings,,schleswig-holstein,code01,,,,
2023,criminal proceedings,,schleswig-holstein,code01,,,,
2024,criminal proceedings,,schleswig-holstein,code01,,,,3020.0
2025,criminal proceedings,,schleswig-holstein,code01,,,,2683.0
2010,criminal proceedings,construction sector,schleswig-holstein,code01,,,,
2011,criminal proceedings,construction sector,schleswig-holstein,code01,,,,
2012,criminal proceedings,construction sector,schleswig-holstein,code01,,,,
2013,criminal proceedings,construction sector,schleswig-holstein,code01,,,,
2014,criminal proceedings,construction sector,schleswig-holstein,code01,,,,
2015,criminal proceedings,construction sector,schleswig-holstein,code01,,,,
2016,criminal proceedings,construction sector,schleswig-holstein,code01,,,,
2017,criminal proceedings,construction sector,schleswig-holstein,code01,,,,
2018,criminal proceedings,construction sector,schleswig-holstein,code01,,,,
2019,criminal proceedings,construction sector,schleswig-holstein,code01,,,,
2020,criminal proceedings,construction sector,schleswig-holstein,code01,,,,
2021,criminal proceedings,construction sector,schleswig-holstein,code01,,,,
2022,criminal proceedings,construction sector,schleswig-holstein,code01,,,,
2023,criminal proceedings,construction sector,schleswig-holstein,code01,,,,
2024,criminal proceedings,construction sector,schleswig-holstein,code01,,,,319.0
2025,criminal proceedings,construction sector,schleswig-holstein,code01,,,,219.0
2010,criminal proceedings,catering and hotel sector,schleswig-holstein,code01,,,,
2011,criminal proceedings,catering and hotel sector,schleswig-holstein,code01,,,,
2012,criminal proceedings,catering and hotel sector,schleswig-holstein,code01,,,,
2013,criminal proceedings,catering and hotel sector,schleswig-holstein,code01,,,,
2014,criminal proceedings,catering and hotel sector,schleswig-holstein,code01,,,,
2015,criminal proceedings,catering and hotel sector,schleswig-holstein,code01,,,,
2016,criminal proceedings,catering and hotel sector,schleswig-holstein,code01,,,,
2017,criminal proceedings,catering and hotel sector,schleswig-holstein,code01,,,,
2018,criminal proceedings,catering and hotel sector,schleswig-holstein,code01,,,,
2019,criminal proceedings,catering and hotel sector,schleswig-holstein,code01,,,,
2020,criminal proceedings,catering and hotel sector,schleswig-holstein,code01,,,,
2021,criminal proceedings,catering and hotel sector,schleswig-holstein,code01,,,,
2022,criminal proceedings,catering and hotel sector,schleswig-holstein,code01,,,,
2023,criminal proceedings,catering and hotel sector,schleswig-holstein,code01,,,,
2024,criminal proceedings,catering and hotel sector,schleswig-holstein,code01,,,,454.0
2025,criminal proceedings,catering and hotel sector,schleswig-holstein,code01,,,,438.0
2010,criminal proceedings,hairdressing and beauty sector,schleswig-holstein,code01,,,,
2011,criminal proceedings,hairdressing and beauty sector,schleswig-holstein,code01,,,,
2012,criminal proceedings,hairdressing and beauty sector,schleswig-holstein,code01,,,,
2013,criminal proceedings,hairdressing and beauty sector,schleswig-holstein,code01,,,,
2014,criminal proceedings,hairdressing and beauty sector,schleswig-holstein,code01,,,,
2015,criminal proceedings,hairdressing and beauty sector,schleswig-holstein,code01,,,,
2016,criminal proceedings,hairdressing and beauty sector,schleswig-holstein,code01,,,,
2017,criminal proceedings,hairdressing and beauty sector,schleswig-holstein,code01,,,,
2018,criminal proceedings,hairdressing and beauty sector,schleswig-holstein,code01,,,,
2019,criminal proceedings,hairdressing and beauty sector,schleswig-holstein,code01,,,,
2020,criminal proceedings,hairdressing and beauty sector,schleswig-holstein,code01,,,,
2021,criminal proceedings,hairdressing and beauty sector,schleswig-holstein,code01,,,,
2022,criminal proceedings,hairdressing and beauty sector,schleswig-holstein,code01,,,,
2023,criminal proceedings,hairdressing and beauty sector,schleswig-holstein,code01,,,,
2024,criminal proceedings,hairdressing and beauty sector,schleswig-holstein,code01,,,,40.0
2025,criminal proceedings,hairdressing and beauty sector,schleswig-holstein,code01,,,,36.0
2010,criminal proceedings,"haulage, transport and associated logistics sector",schleswig-holstein,code01,,,,
2011,criminal proceedings,"haulage, transport and associated logistics sector",schleswig-holstein,code01,,,,
2012,criminal proceedings,"haulage, transport and associated logistics sector",schleswig-holstein,code01,,,,
2013,criminal proceedings,"haulage, transport and associated logistics sector",schleswig-holstein,code01,,,,
2014,criminal proceedings,"haulage, transport and associated logistics sector",schleswig-holstein,code01,,,,
2015,criminal proceedings,"haulage, transport and associated logistics sector",schleswig-holstein,code01,,,,
2016,criminal proceedings,"haulage, transport and associated logistics sector",schleswig-holstein,code01,,,,
2017,criminal proceedings,"haulage, transport and associated logistics sector",schleswig-holstein,code01,,,,
2018,criminal proceedings,"haulage, transport and associated logistics sector",schleswig-holstein,code01,,,,
2019,criminal proceedings,"haulage, transport and associated logistics sector",schleswig-holstein,code01,,,,
2020,criminal proceedings,"haulage, transport and associated logistics sector",schleswig-holstein,code01,,,,
2021,criminal proceedings,"haulage, transport and associated logistics sector",schleswig-holstein,code01,,,,
2022,criminal proceedings,"haulage, transport and associated logistics sector",schleswig-holstein,code01,,,,
2023,criminal proceedings,"haulage, transport and associated logistics sector",schleswig-holstein,code01,,,,
2024,criminal proceedings,"haulage, transport and associated logistics sector",schleswig-holstein,code01,,,,148.0
2025,criminal proceedings,"haulage, transport and associated logistics sector",schleswig-holstein,code01,,,,124.0
2010,criminal proceedings,,thuringia,code16,,,,
2011,criminal proceedings,,thuringia,code16,,,,
2012,criminal proceedings,,thuringia,code16,,,,
2013,criminal proceedings,,thuringia,code16,,,,
2014,criminal proceedings,,thuringia,code16,,,,
2015,criminal proceedings,,thuringia,code16,,,,
2016,criminal proceedings,,thuringia,code16,,,,
2017,criminal proceedings,,thuringia,code16,,,,
2018,criminal proceedings,,thuringia,code16,,,,
2019,criminal proceedings,,thuringia,code16,,,,
2020,criminal proceedings,,thuringia,code16,,,,
2021,criminal proceedings,,thuringia,code16,,,,
2022,criminal proceedings,,thuringia,code16,,,,
2023,criminal proceedings,,thuringia,code16,,,,
2024,criminal proceedings,,thuringia,code16,,,,2754.0
2025,criminal proceedings,,thuringia,code16,,,,3213.0
2010,criminal proceedings,construction sector,thuringia,code16,,,,
2011,criminal proceedings,construction sector,thuringia,code16,,,,
2012,criminal proceedings,construction sector,thuringia,code16,,,,
2013,criminal proceedings,construction sector,thuringia,code16,,,,
2014,criminal proceedings,construction sector,thuringia,code16,,,,
2015,criminal proceedings,construction sector,thuringia,code16,,,,
2016,criminal proceedings,construction sector,thuringia,code16,,,,
2017,criminal proceedings,construction sector,thuringia,code16,,,,
2018,criminal proceedings,construction sector,thuringia,code16,,,,
2019,criminal proceedings,construction sector,thuringia,code16,,,,
2020,criminal proceedings,construction sector,thuringia,code16,,,,
2021,criminal proceedings,construction sector,thuringia,code16,,,,
2022,criminal proceedings,construction sector,thuringia,code16,,,,
2023,criminal proceedings,construction sector,thuringia,code16,,,,
2024,criminal proceedings,construction sector,thuringia,code16,,,,253.0
2025,criminal proceedings,construction sector,thuringia,code16,,,,290.0
2010,criminal proceedings,catering and hotel sector,thuringia,code16,,,,
2011,criminal proceedings,catering and hotel sector,thuringia,code16,,,,
2012,criminal proceedings,catering and hotel sector,thuringia,code16,,,,
2013,criminal proceedings,catering and hotel sector,thuringia,code16,,,,
2014,criminal proceedings,catering and hotel sector,thuringia,code16,,,,
2015,criminal proceedings,catering and hotel sector,thuringia,code16,,,,
2016,criminal proceedings,catering and hotel sector,thuringia,code16,,,,
2017,criminal proceedings,catering and hotel sector,thuringia,code16,,,,
2018,criminal proceedings,catering and hotel sector,thuringia,code16,,,,
2019,criminal proceedings,catering and hotel sector,thuringia,code16,,,,
2020,criminal proceedings,catering and hotel sector,thuringia,code16,,,,
2021,criminal proceedings,catering and hotel sector,thuringia,code16,,,,
2022,criminal proceedings,catering and hotel sector,thuringia,code16,,,,
2023,criminal proceedings,catering and hotel sector,thuringia,code16,,,,
2024,criminal proceedings,catering and hotel sector,thuringia,code16,,,,267.0
2025,criminal proceedings,catering and hotel sector,thuringia,code16,,,,331.0
2010,criminal proceedings,hairdressing and beauty sector,thuringia,code16,,,,
2011,criminal proceedings,hairdressing and beauty sector,thuringia,code16,,,,
2012,criminal proceedings,hairdressing and beauty sector,thuringia,code16,,,,
2013,criminal proceedings,hairdressing and beauty sector,thuringia,code16,,,,
2014,criminal proceedings,hairdressing and beauty sector,thuringia,code16,,,,
2015,criminal proceedings,hairdressing and beauty sector,thuringia,code16,,,,
2016,criminal proceedings,hairdressing and beauty sector,thuringia,code16,,,,
2017,criminal proceedings,hairdressing and beauty sector,thuringia,code16,,,,
2018,criminal proceedings,hairdressing and beauty sector,thuringia,code16,,,,
2019,criminal proceedings,hairdressing and beauty sector,thuringia,code16,,,,
2020,criminal proceedings,hairdressing and beauty sector,thuringia,code16,,,,
2021,criminal proceedings,hairdressing and beauty sector,thuringia,code16,,,,
2022,criminal proceedings,hairdressing and beauty sector,thuringia,code16,,,,
2023,criminal proceedings,hairdressing and beauty sector,thuringia,code16,,,,
2024,criminal proceedings,hairdressing and beauty sector,thuringia,code16,,,,34.0
2025,criminal proceedings,hairdressing and beauty sector,thuringia,code16,,,,34.0
2010,criminal proceedings,"haulage, transport and associated logistics sector",thuringia,code16,,,,
2011,criminal proceedings,"haulage, transport and associated logistics sector",thuringia,code16,,,,
2012,criminal proceedings,"haulage, transport and associated logistics sector",thuringia,code16,,,,
2013,criminal proceedings,"haulage, transport and associated logistics sector",thuringia,code16,,,,
2014,criminal proceedings,"haulage, transport and associated logistics sector",thuringia,code16,,,,
2015,criminal proceedings,"haulage, transport and associated logistics sector",thuringia,code16,,,,
2016,criminal proceedings,"haulage, transport and associated logistics sector",thuringia,code16,,,,
2017,criminal proceedings,"haulage, transport and associated logistics sector",thuringia,code16,,,,
2018,criminal proceedings,"haulage, transport and associated logistics sector",thuringia,code16,,,,
2019,criminal proceedings,"haulage, transport and associated logistics sector",thuringia,code16,,,,
2020,criminal proceedings,"haulage, transport and associated logistics sector",thuringia,code16,,,,
2021,criminal proceedings,"haulage, transport and associated logistics sector",thuringia,code16,,,,
2022,criminal proceedings,"haulage, transport and associated logistics sector",thuringia,code16,,,,
2023,criminal proceedings,"haulage, transport and associated logistics sector",thuringia,code16,,,,
2024,criminal proceedings,"haulage, transport and associated logistics sector",thuringia,code16,,,,100.0
2025,criminal proceedings,"haulage, transport and associated logistics sector",thuringia,code16,,,,109.0
