Year,Units,Zeitreihe,Altersklasse,Geschlecht,COMMENT_OBS_0,COMMENT_OBS_1,COMMENT_OBS_2,Value
2010,Anzahl,Opfer nicht-sexueller Belästigung,,,.,,,
2011,Anzahl,Opfer nicht-sexueller Belästigung,,,.,,,
2012,Anzahl,Opfer nicht-sexueller Belästigung,,,.,,,
2013,Anzahl,Opfer nicht-sexueller Belästigung,,,.,,,
2014,Anzahl,Opfer nicht-sexueller Belästigung,,,.,,,
2015,Anzahl,Opfer nicht-sexueller Belästigung,,,.,,,
2016,Anzahl,Opfer nicht-sexueller Belästigung,,,,,,70.9
2017,Anzahl,Opfer nicht-sexueller Belästigung,,,.,,,
2018,Anzahl,Opfer nicht-sexueller Belästigung,,,,,,71.7
2019,Anzahl,Opfer nicht-sexueller Belästigung,,,.,,,
2020,Anzahl,Opfer nicht-sexueller Belästigung,,,,,,73.6
2021,Anzahl,Opfer nicht-sexueller Belästigung,,,…,,,
2022,Anzahl,Opfer nicht-sexueller Belästigung,,,…,,,
2023,Anzahl,Opfer nicht-sexueller Belästigung,,,…,,,
2024,Anzahl,Opfer nicht-sexueller Belästigung,,,…,,,
2010,Anzahl,Opfer nicht-sexueller Belästigung,,Weiblich,.,,,
2011,Anzahl,Opfer nicht-sexueller Belästigung,,Weiblich,.,,,
2012,Anzahl,Opfer nicht-sexueller Belästigung,,Weiblich,.,,,
2013,Anzahl,Opfer nicht-sexueller Belästigung,,Weiblich,.,,,
2014,Anzahl,Opfer nicht-sexueller Belästigung,,Weiblich,.,,,
2015,Anzahl,Opfer nicht-sexueller Belästigung,,Weiblich,.,,,
2016,Anzahl,Opfer nicht-sexueller Belästigung,,Weiblich,,,,88.4
2017,Anzahl,Opfer nicht-sexueller Belästigung,,Weiblich,.,,,
2018,Anzahl,Opfer nicht-sexueller Belästigung,,Weiblich,,,,88.8
2019,Anzahl,Opfer nicht-sexueller Belästigung,,Weiblich,.,,,
2020,Anzahl,Opfer nicht-sexueller Belästigung,,Weiblich,,,,89.4
2021,Anzahl,Opfer nicht-sexueller Belästigung,,Weiblich,…,,,
2022,Anzahl,Opfer nicht-sexueller Belästigung,,Weiblich,…,,,
2023,Anzahl,Opfer nicht-sexueller Belästigung,,Weiblich,…,,,
2024,Anzahl,Opfer nicht-sexueller Belästigung,,Weiblich,…,,,
2010,Anzahl,Opfer nicht-sexueller Belästigung,,Männlich,.,,,
2011,Anzahl,Opfer nicht-sexueller Belästigung,,Männlich,.,,,
2012,Anzahl,Opfer nicht-sexueller Belästigung,,Männlich,.,,,
2013,Anzahl,Opfer nicht-sexueller Belästigung,,Männlich,.,,,
2014,Anzahl,Opfer nicht-sexueller Belästigung,,Männlich,.,,,
2015,Anzahl,Opfer nicht-sexueller Belästigung,,Männlich,.,,,
2016,Anzahl,Opfer nicht-sexueller Belästigung,,Männlich,,,,79.7
2017,Anzahl,Opfer nicht-sexueller Belästigung,,Männlich,.,,,
2018,Anzahl,Opfer nicht-sexueller Belästigung,,Männlich,,,,80.7
2019,Anzahl,Opfer nicht-sexueller Belästigung,,Männlich,.,,,
2020,Anzahl,Opfer nicht-sexueller Belästigung,,Männlich,,,,81.7
2021,Anzahl,Opfer nicht-sexueller Belästigung,,Männlich,…,,,
2022,Anzahl,Opfer nicht-sexueller Belästigung,,Männlich,…,,,
2023,Anzahl,Opfer nicht-sexueller Belästigung,,Männlich,…,,,
2024,Anzahl,Opfer nicht-sexueller Belästigung,,Männlich,…,,,
2010,Anzahl,Opfer nicht-sexueller Belästigung,13 Jahre und jünger,,.,,,
2011,Anzahl,Opfer nicht-sexueller Belästigung,13 Jahre und jünger,,.,,,
2012,Anzahl,Opfer nicht-sexueller Belästigung,13 Jahre und jünger,,.,,,
2013,Anzahl,Opfer nicht-sexueller Belästigung,13 Jahre und jünger,,.,,,
2014,Anzahl,Opfer nicht-sexueller Belästigung,13 Jahre und jünger,,.,,,
2015,Anzahl,Opfer nicht-sexueller Belästigung,13 Jahre und jünger,,.,,,
2016,Anzahl,Opfer nicht-sexueller Belästigung,13 Jahre und jünger,,,,,74.9
2017,Anzahl,Opfer nicht-sexueller Belästigung,13 Jahre und jünger,,.,,,
2018,Anzahl,Opfer nicht-sexueller Belästigung,13 Jahre und jünger,,,,,75.9
2019,Anzahl,Opfer nicht-sexueller Belästigung,13 Jahre und jünger,,.,,,
2020,Anzahl,Opfer nicht-sexueller Belästigung,13 Jahre und jünger,,,,,72.4
2021,Anzahl,Opfer nicht-sexueller Belästigung,13 Jahre und jünger,,…,,,
2022,Anzahl,Opfer nicht-sexueller Belästigung,13 Jahre und jünger,,…,,,
2023,Anzahl,Opfer nicht-sexueller Belästigung,13 Jahre und jünger,,…,,,
2024,Anzahl,Opfer nicht-sexueller Belästigung,13 Jahre und jünger,,…,,,
2010,Anzahl,Opfer nicht-sexueller Belästigung,13 Jahre und jünger,Weiblich,.,,,
2011,Anzahl,Opfer nicht-sexueller Belästigung,13 Jahre und jünger,Weiblich,.,,,
2012,Anzahl,Opfer nicht-sexueller Belästigung,13 Jahre und jünger,Weiblich,.,,,
2013,Anzahl,Opfer nicht-sexueller Belästigung,13 Jahre und jünger,Weiblich,.,,,
2014,Anzahl,Opfer nicht-sexueller Belästigung,13 Jahre und jünger,Weiblich,.,,,
2015,Anzahl,Opfer nicht-sexueller Belästigung,13 Jahre und jünger,Weiblich,.,,,
2016,Anzahl,Opfer nicht-sexueller Belästigung,13 Jahre und jünger,Weiblich,,,,71.8
2017,Anzahl,Opfer nicht-sexueller Belästigung,13 Jahre und jünger,Weiblich,.,,,
2018,Anzahl,Opfer nicht-sexueller Belästigung,13 Jahre und jünger,Weiblich,,,,74.2
2019,Anzahl,Opfer nicht-sexueller Belästigung,13 Jahre und jünger,Weiblich,.,,,
2020,Anzahl,Opfer nicht-sexueller Belästigung,13 Jahre und jünger,Weiblich,,,,75.4
2021,Anzahl,Opfer nicht-sexueller Belästigung,13 Jahre und jünger,Weiblich,…,,,
2022,Anzahl,Opfer nicht-sexueller Belästigung,13 Jahre und jünger,Weiblich,…,,,
2023,Anzahl,Opfer nicht-sexueller Belästigung,13 Jahre und jünger,Weiblich,…,,,
2024,Anzahl,Opfer nicht-sexueller Belästigung,13 Jahre und jünger,Weiblich,…,,,
2010,Anzahl,Opfer nicht-sexueller Belästigung,13 Jahre und jünger,Männlich,.,,,
2011,Anzahl,Opfer nicht-sexueller Belästigung,13 Jahre und jünger,Männlich,.,,,
2012,Anzahl,Opfer nicht-sexueller Belästigung,13 Jahre und jünger,Männlich,.,,,
2013,Anzahl,Opfer nicht-sexueller Belästigung,13 Jahre und jünger,Männlich,.,,,
2014,Anzahl,Opfer nicht-sexueller Belästigung,13 Jahre und jünger,Männlich,.,,,
2015,Anzahl,Opfer nicht-sexueller Belästigung,13 Jahre und jünger,Männlich,.,,,
2016,Anzahl,Opfer nicht-sexueller Belästigung,13 Jahre und jünger,Männlich,,,,71.6
2017,Anzahl,Opfer nicht-sexueller Belästigung,13 Jahre und jünger,Männlich,.,,,
2018,Anzahl,Opfer nicht-sexueller Belästigung,13 Jahre und jünger,Männlich,,,,71.7
2019,Anzahl,Opfer nicht-sexueller Belästigung,13 Jahre und jünger,Männlich,.,,,
2020,Anzahl,Opfer nicht-sexueller Belästigung,13 Jahre und jünger,Männlich,,,,72.7
2021,Anzahl,Opfer nicht-sexueller Belästigung,13 Jahre und jünger,Männlich,…,,,
2022,Anzahl,Opfer nicht-sexueller Belästigung,13 Jahre und jünger,Männlich,…,,,
2023,Anzahl,Opfer nicht-sexueller Belästigung,13 Jahre und jünger,Männlich,…,,,
2024,Anzahl,Opfer nicht-sexueller Belästigung,13 Jahre und jünger,Männlich,…,,,
2010,Anzahl,Opfer nicht-sexueller Belästigung,14 bis unter 18 Jahre,,,,,94.3
2011,Anzahl,Opfer nicht-sexueller Belästigung,14 bis unter 18 Jahre,,,,,94.0
2012,Anzahl,Opfer nicht-sexueller Belästigung,14 bis unter 18 Jahre,,,,,94.4
2013,Anzahl,Opfer nicht-sexueller Belästigung,14 bis unter 18 Jahre,,,,,92.8
2014,Anzahl,Opfer nicht-sexueller Belästigung,14 bis unter 18 Jahre,,,,,94.3
2015,Anzahl,Opfer nicht-sexueller Belästigung,14 bis unter 18 Jahre,,,,,93.6
2016,Anzahl,Opfer nicht-sexueller Belästigung,14 bis unter 18 Jahre,,,,,93.6
2017,Anzahl,Opfer nicht-sexueller Belästigung,14 bis unter 18 Jahre,,,,,94.2
2018,Anzahl,Opfer nicht-sexueller Belästigung,14 bis unter 18 Jahre,,,,,94.5
2019,Anzahl,Opfer nicht-sexueller Belästigung,14 bis unter 18 Jahre,,,,,93.7
2020,Anzahl,Opfer nicht-sexueller Belästigung,14 bis unter 18 Jahre,,,,,94.5
2021,Anzahl,Opfer nicht-sexueller Belästigung,14 bis unter 18 Jahre,,,,,94.4
2022,Anzahl,Opfer nicht-sexueller Belästigung,14 bis unter 18 Jahre,,,,,94.8
2023,Anzahl,Opfer nicht-sexueller Belästigung,14 bis unter 18 Jahre,,…,,,
2024,Anzahl,Opfer nicht-sexueller Belästigung,14 bis unter 18 Jahre,,…,,,
2010,Anzahl,Opfer nicht-sexueller Belästigung,14 bis unter 18 Jahre,Weiblich,,,,93.3
2011,Anzahl,Opfer nicht-sexueller Belästigung,14 bis unter 18 Jahre,Weiblich,,,,91.6
2012,Anzahl,Opfer nicht-sexueller Belästigung,14 bis unter 18 Jahre,Weiblich,,,,92.7
2013,Anzahl,Opfer nicht-sexueller Belästigung,14 bis unter 18 Jahre,Weiblich,,,,90.2
2014,Anzahl,Opfer nicht-sexueller Belästigung,14 bis unter 18 Jahre,Weiblich,,,,95.2
2015,Anzahl,Opfer nicht-sexueller Belästigung,14 bis unter 18 Jahre,Weiblich,,,,91.5
2016,Anzahl,Opfer nicht-sexueller Belästigung,14 bis unter 18 Jahre,Weiblich,,,,91.3
2017,Anzahl,Opfer nicht-sexueller Belästigung,14 bis unter 18 Jahre,Weiblich,,,,92.2
2018,Anzahl,Opfer nicht-sexueller Belästigung,14 bis unter 18 Jahre,Weiblich,,,,90.3
2019,Anzahl,Opfer nicht-sexueller Belästigung,14 bis unter 18 Jahre,Weiblich,,,,90.2
2020,Anzahl,Opfer nicht-sexueller Belästigung,14 bis unter 18 Jahre,Weiblich,,,,89.7
2021,Anzahl,Opfer nicht-sexueller Belästigung,14 bis unter 18 Jahre,Weiblich,,,,89.0
2022,Anzahl,Opfer nicht-sexueller Belästigung,14 bis unter 18 Jahre,Weiblich,,,,95.1
2023,Anzahl,Opfer nicht-sexueller Belästigung,14 bis unter 18 Jahre,Weiblich,…,,,
2024,Anzahl,Opfer nicht-sexueller Belästigung,14 bis unter 18 Jahre,Weiblich,…,,,
2010,Anzahl,Opfer nicht-sexueller Belästigung,14 bis unter 18 Jahre,Männlich,,,,97.5
2011,Anzahl,Opfer nicht-sexueller Belästigung,14 bis unter 18 Jahre,Männlich,,,,98.4
2012,Anzahl,Opfer nicht-sexueller Belästigung,14 bis unter 18 Jahre,Männlich,,,,96.7
2013,Anzahl,Opfer nicht-sexueller Belästigung,14 bis unter 18 Jahre,Männlich,,,,89.5
2014,Anzahl,Opfer nicht-sexueller Belästigung,14 bis unter 18 Jahre,Männlich,,,,96.3
2015,Anzahl,Opfer nicht-sexueller Belästigung,14 bis unter 18 Jahre,Männlich,,,,98.1
2016,Anzahl,Opfer nicht-sexueller Belästigung,14 bis unter 18 Jahre,Männlich,,,,95.8
2017,Anzahl,Opfer nicht-sexueller Belästigung,14 bis unter 18 Jahre,Männlich,,,,95.6
2018,Anzahl,Opfer nicht-sexueller Belästigung,14 bis unter 18 Jahre,Männlich,,,,96.4
2019,Anzahl,Opfer nicht-sexueller Belästigung,14 bis unter 18 Jahre,Männlich,,,,97.0
2020,Anzahl,Opfer nicht-sexueller Belästigung,14 bis unter 18 Jahre,Männlich,,,,98.8
2021,Anzahl,Opfer nicht-sexueller Belästigung,14 bis unter 18 Jahre,Männlich,,,,97.6
2022,Anzahl,Opfer nicht-sexueller Belästigung,14 bis unter 18 Jahre,Männlich,,,,99.4
2023,Anzahl,Opfer nicht-sexueller Belästigung,14 bis unter 18 Jahre,Männlich,…,,,
2024,Anzahl,Opfer nicht-sexueller Belästigung,14 bis unter 18 Jahre,Männlich,…,,,
2010,Anzahl,Opfer nicht-sexueller Belästigung,18 bis unter 21 Jahre,,,,,97.7
2011,Anzahl,Opfer nicht-sexueller Belästigung,18 bis unter 21 Jahre,,,,,96.1
2012,Anzahl,Opfer nicht-sexueller Belästigung,18 bis unter 21 Jahre,,,,,94.6
2013,Anzahl,Opfer nicht-sexueller Belästigung,18 bis unter 21 Jahre,,,,,94.8
2014,Anzahl,Opfer nicht-sexueller Belästigung,18 bis unter 21 Jahre,,,,,97.1
2015,Anzahl,Opfer nicht-sexueller Belästigung,18 bis unter 21 Jahre,,,,,96.7
2016,Anzahl,Opfer nicht-sexueller Belästigung,18 bis unter 21 Jahre,,,,,96.7
2017,Anzahl,Opfer nicht-sexueller Belästigung,18 bis unter 21 Jahre,,,,,95.4
2018,Anzahl,Opfer nicht-sexueller Belästigung,18 bis unter 21 Jahre,,,,,96.3
2019,Anzahl,Opfer nicht-sexueller Belästigung,18 bis unter 21 Jahre,,,,,95.5
2020,Anzahl,Opfer nicht-sexueller Belästigung,18 bis unter 21 Jahre,,,,,95.1
2021,Anzahl,Opfer nicht-sexueller Belästigung,18 bis unter 21 Jahre,,,,,97.6
2022,Anzahl,Opfer nicht-sexueller Belästigung,18 bis unter 21 Jahre,,,,,93.5
2023,Anzahl,Opfer nicht-sexueller Belästigung,18 bis unter 21 Jahre,,…,,,
2024,Anzahl,Opfer nicht-sexueller Belästigung,18 bis unter 21 Jahre,,…,,,
2010,Anzahl,Opfer nicht-sexueller Belästigung,18 bis unter 21 Jahre,Weiblich,,,,95.2
2011,Anzahl,Opfer nicht-sexueller Belästigung,18 bis unter 21 Jahre,Weiblich,,,,96.2
2012,Anzahl,Opfer nicht-sexueller Belästigung,18 bis unter 21 Jahre,Weiblich,,,,97.8
2013,Anzahl,Opfer nicht-sexueller Belästigung,18 bis unter 21 Jahre,Weiblich,,,,96.2
2014,Anzahl,Opfer nicht-sexueller Belästigung,18 bis unter 21 Jahre,Weiblich,,,,94.1
2015,Anzahl,Opfer nicht-sexueller Belästigung,18 bis unter 21 Jahre,Weiblich,,,,92.9
2016,Anzahl,Opfer nicht-sexueller Belästigung,18 bis unter 21 Jahre,Weiblich,,,,96.1
2017,Anzahl,Opfer nicht-sexueller Belästigung,18 bis unter 21 Jahre,Weiblich,,,,96.1
2018,Anzahl,Opfer nicht-sexueller Belästigung,18 bis unter 21 Jahre,Weiblich,,,,95.3
2019,Anzahl,Opfer nicht-sexueller Belästigung,18 bis unter 21 Jahre,Weiblich,,,,96.2
2020,Anzahl,Opfer nicht-sexueller Belästigung,18 bis unter 21 Jahre,Weiblich,,,,97.1
2021,Anzahl,Opfer nicht-sexueller Belästigung,18 bis unter 21 Jahre,Weiblich,,,,96.8
2022,Anzahl,Opfer nicht-sexueller Belästigung,18 bis unter 21 Jahre,Weiblich,,,,97.5
2023,Anzahl,Opfer nicht-sexueller Belästigung,18 bis unter 21 Jahre,Weiblich,…,,,
2024,Anzahl,Opfer nicht-sexueller Belästigung,18 bis unter 21 Jahre,Weiblich,…,,,
2010,Anzahl,Opfer nicht-sexueller Belästigung,18 bis unter 21 Jahre,Männlich,,,,93.2
2011,Anzahl,Opfer nicht-sexueller Belästigung,18 bis unter 21 Jahre,Männlich,,,,93.8
2012,Anzahl,Opfer nicht-sexueller Belästigung,18 bis unter 21 Jahre,Männlich,,,,93.8
2013,Anzahl,Opfer nicht-sexueller Belästigung,18 bis unter 21 Jahre,Männlich,,,,92.9
2014,Anzahl,Opfer nicht-sexueller Belästigung,18 bis unter 21 Jahre,Männlich,,,,94.2
2015,Anzahl,Opfer nicht-sexueller Belästigung,18 bis unter 21 Jahre,Männlich,,,,92.7
2016,Anzahl,Opfer nicht-sexueller Belästigung,18 bis unter 21 Jahre,Männlich,,,,92.6
2017,Anzahl,Opfer nicht-sexueller Belästigung,18 bis unter 21 Jahre,Männlich,,,,94.0
2018,Anzahl,Opfer nicht-sexueller Belästigung,18 bis unter 21 Jahre,Männlich,,,,95.0
2019,Anzahl,Opfer nicht-sexueller Belästigung,18 bis unter 21 Jahre,Männlich,,,,93.4
2020,Anzahl,Opfer nicht-sexueller Belästigung,18 bis unter 21 Jahre,Männlich,,,,96.0
2021,Anzahl,Opfer nicht-sexueller Belästigung,18 bis unter 21 Jahre,Männlich,,,,94.0
2022,Anzahl,Opfer nicht-sexueller Belästigung,18 bis unter 21 Jahre,Männlich,,,,93.4
2023,Anzahl,Opfer nicht-sexueller Belästigung,18 bis unter 21 Jahre,Männlich,…,,,
2024,Anzahl,Opfer nicht-sexueller Belästigung,18 bis unter 21 Jahre,Männlich,…,,,
2010,Anzahl,Opfer nicht-sexueller Belästigung,21 bis unter 60 Jahre,,,,,92.1
2011,Anzahl,Opfer nicht-sexueller Belästigung,21 bis unter 60 Jahre,,,,,89.6
2012,Anzahl,Opfer nicht-sexueller Belästigung,21 bis unter 60 Jahre,,,,,91.7
2013,Anzahl,Opfer nicht-sexueller Belästigung,21 bis unter 60 Jahre,,,,,90.0
2014,Anzahl,Opfer nicht-sexueller Belästigung,21 bis unter 60 Jahre,,,,,92.4
2015,Anzahl,Opfer nicht-sexueller Belästigung,21 bis unter 60 Jahre,,,,,92.2
2016,Anzahl,Opfer nicht-sexueller Belästigung,21 bis unter 60 Jahre,,,,,90.5
2017,Anzahl,Opfer nicht-sexueller Belästigung,21 bis unter 60 Jahre,,,,,91.6
2018,Anzahl,Opfer nicht-sexueller Belästigung,21 bis unter 60 Jahre,,,,,91.6
2019,Anzahl,Opfer nicht-sexueller Belästigung,21 bis unter 60 Jahre,,,,,90.4
2020,Anzahl,Opfer nicht-sexueller Belästigung,21 bis unter 60 Jahre,,,,,90.3
2021,Anzahl,Opfer nicht-sexueller Belästigung,21 bis unter 60 Jahre,,,,,90.7
2022,Anzahl,Opfer nicht-sexueller Belästigung,21 bis unter 60 Jahre,,,,,93.8
2023,Anzahl,Opfer nicht-sexueller Belästigung,21 bis unter 60 Jahre,,…,,,
2024,Anzahl,Opfer nicht-sexueller Belästigung,21 bis unter 60 Jahre,,…,,,
2010,Anzahl,Opfer nicht-sexueller Belästigung,21 bis unter 60 Jahre,Weiblich,,,,93.2
2011,Anzahl,Opfer nicht-sexueller Belästigung,21 bis unter 60 Jahre,Weiblich,,,,94.2
2012,Anzahl,Opfer nicht-sexueller Belästigung,21 bis unter 60 Jahre,Weiblich,,,,94.5
2013,Anzahl,Opfer nicht-sexueller Belästigung,21 bis unter 60 Jahre,Weiblich,,,,92.5
2014,Anzahl,Opfer nicht-sexueller Belästigung,21 bis unter 60 Jahre,Weiblich,,,,94.6
2015,Anzahl,Opfer nicht-sexueller Belästigung,21 bis unter 60 Jahre,Weiblich,,,,93.8
2016,Anzahl,Opfer nicht-sexueller Belästigung,21 bis unter 60 Jahre,Weiblich,,,,93.6
2017,Anzahl,Opfer nicht-sexueller Belästigung,21 bis unter 60 Jahre,Weiblich,,,,94.4
2018,Anzahl,Opfer nicht-sexueller Belästigung,21 bis unter 60 Jahre,Weiblich,,,,94.5
2019,Anzahl,Opfer nicht-sexueller Belästigung,21 bis unter 60 Jahre,Weiblich,,,,94.0
2020,Anzahl,Opfer nicht-sexueller Belästigung,21 bis unter 60 Jahre,Weiblich,,,,95.0
2021,Anzahl,Opfer nicht-sexueller Belästigung,21 bis unter 60 Jahre,Weiblich,,,,95.0
2022,Anzahl,Opfer nicht-sexueller Belästigung,21 bis unter 60 Jahre,Weiblich,,,,94.7
2023,Anzahl,Opfer nicht-sexueller Belästigung,21 bis unter 60 Jahre,Weiblich,…,,,
2024,Anzahl,Opfer nicht-sexueller Belästigung,21 bis unter 60 Jahre,Weiblich,…,,,
2010,Anzahl,Opfer nicht-sexueller Belästigung,21 bis unter 60 Jahre,Männlich,,,,95.6
2011,Anzahl,Opfer nicht-sexueller Belästigung,21 bis unter 60 Jahre,Männlich,,,,93.7
2012,Anzahl,Opfer nicht-sexueller Belästigung,21 bis unter 60 Jahre,Männlich,,,,94.4
2013,Anzahl,Opfer nicht-sexueller Belästigung,21 bis unter 60 Jahre,Männlich,,,,93.2
2014,Anzahl,Opfer nicht-sexueller Belästigung,21 bis unter 60 Jahre,Männlich,,,,94.0
2015,Anzahl,Opfer nicht-sexueller Belästigung,21 bis unter 60 Jahre,Männlich,,,,93.4
2016,Anzahl,Opfer nicht-sexueller Belästigung,21 bis unter 60 Jahre,Männlich,,,,93.6
2017,Anzahl,Opfer nicht-sexueller Belästigung,21 bis unter 60 Jahre,Männlich,,,,94.0
2018,Anzahl,Opfer nicht-sexueller Belästigung,21 bis unter 60 Jahre,Männlich,,,,94.5
2019,Anzahl,Opfer nicht-sexueller Belästigung,21 bis unter 60 Jahre,Männlich,,,,93.5
2020,Anzahl,Opfer nicht-sexueller Belästigung,21 bis unter 60 Jahre,Männlich,,,,94.7
2021,Anzahl,Opfer nicht-sexueller Belästigung,21 bis unter 60 Jahre,Männlich,,,,93.9
2022,Anzahl,Opfer nicht-sexueller Belästigung,21 bis unter 60 Jahre,Männlich,,,,95.0
2023,Anzahl,Opfer nicht-sexueller Belästigung,21 bis unter 60 Jahre,Männlich,,,,
2024,Anzahl,Opfer nicht-sexueller Belästigung,21 bis unter 60 Jahre,Männlich,,,,
2010,Anzahl,Opfer nicht-sexueller Belästigung,60 Jahre und älter,,x,,,
2011,Anzahl,Opfer nicht-sexueller Belästigung,60 Jahre und älter,,,,,6.845
2012,Anzahl,Opfer nicht-sexueller Belästigung,60 Jahre und älter,,,,,2.01
2013,Anzahl,Opfer nicht-sexueller Belästigung,60 Jahre und älter,,,,,1.565
2014,Anzahl,Opfer nicht-sexueller Belästigung,60 Jahre und älter,,,,,1.153
2015,Anzahl,Opfer nicht-sexueller Belästigung,60 Jahre und älter,,,,,0.293
2016,Anzahl,Opfer nicht-sexueller Belästigung,60 Jahre und älter,,|,,,0.91
2017,Anzahl,Opfer nicht-sexueller Belästigung,60 Jahre und älter,,,,,1.553
2018,Anzahl,Opfer nicht-sexueller Belästigung,60 Jahre und älter,,,,,2.317
2019,Anzahl,Opfer nicht-sexueller Belästigung,60 Jahre und älter,,,,,1.859
2020,Anzahl,Opfer nicht-sexueller Belästigung,60 Jahre und älter,,x,,,
2021,Anzahl,Opfer nicht-sexueller Belästigung,60 Jahre und älter,,,,,4.248
2022,Anzahl,Opfer nicht-sexueller Belästigung,60 Jahre und älter,,x,r,,
2023,Anzahl,Opfer nicht-sexueller Belästigung,60 Jahre und älter,,r,,,1.099
2024,Anzahl,Opfer nicht-sexueller Belästigung,60 Jahre und älter,,…,,,
2010,Anzahl,Opfer nicht-sexueller Belästigung,60 Jahre und älter,Weiblich,,,,99.587
2011,Anzahl,Opfer nicht-sexueller Belästigung,60 Jahre und älter,Weiblich,,,,100.353
2012,Anzahl,Opfer nicht-sexueller Belästigung,60 Jahre und älter,Weiblich,,,,100.599
2013,Anzahl,Opfer nicht-sexueller Belästigung,60 Jahre und älter,Weiblich,,,,100.77
2014,Anzahl,Opfer nicht-sexueller Belästigung,60 Jahre und älter,Weiblich,,,,100.85
2015,Anzahl,Opfer nicht-sexueller Belästigung,60 Jahre und älter,Weiblich,,,,100.0
2016,Anzahl,Opfer nicht-sexueller Belästigung,60 Jahre und älter,Weiblich,|,,,99.962
2017,Anzahl,Opfer nicht-sexueller Belästigung,60 Jahre und älter,Weiblich,,,,100.142
2018,Anzahl,Opfer nicht-sexueller Belästigung,60 Jahre und älter,Weiblich,,,,100.501
2019,Anzahl,Opfer nicht-sexueller Belästigung,60 Jahre und älter,Weiblich,,,,100.654
2020,Anzahl,Opfer nicht-sexueller Belästigung,60 Jahre und älter,Weiblich,,,,101.097
2021,Anzahl,Opfer nicht-sexueller Belästigung,60 Jahre und älter,Weiblich,,,,101.42
2022,Anzahl,Opfer nicht-sexueller Belästigung,60 Jahre und älter,Weiblich,r,,,101.881
2023,Anzahl,Opfer nicht-sexueller Belästigung,60 Jahre und älter,Weiblich,r,,,101.921
2024,Anzahl,Opfer nicht-sexueller Belästigung,60 Jahre und älter,Weiblich,…,,,
2010,Anzahl,Opfer nicht-sexueller Belästigung,60 Jahre und älter,Männlich,,,,0.591
2011,Anzahl,Opfer nicht-sexueller Belästigung,60 Jahre und älter,Männlich,,,,0.902
2012,Anzahl,Opfer nicht-sexueller Belästigung,60 Jahre und älter,Männlich,,,,0.489
2013,Anzahl,Opfer nicht-sexueller Belästigung,60 Jahre und älter,Männlich,,,,0.473
2014,Anzahl,Opfer nicht-sexueller Belästigung,60 Jahre und älter,Männlich,,,,0.612
2015,Anzahl,Opfer nicht-sexueller Belästigung,60 Jahre und älter,Männlich,r,,,0.351
2016,Anzahl,Opfer nicht-sexueller Belästigung,60 Jahre und älter,Männlich,|,,,0.382
2017,Anzahl,Opfer nicht-sexueller Belästigung,60 Jahre und älter,Männlich,,,,0.509
2018,Anzahl,Opfer nicht-sexueller Belästigung,60 Jahre und älter,Männlich,,,,0.634
2019,Anzahl,Opfer nicht-sexueller Belästigung,60 Jahre und älter,Männlich,,,,0.33
2020,Anzahl,Opfer nicht-sexueller Belästigung,60 Jahre und älter,Männlich,,,,0.426
2021,Anzahl,Opfer nicht-sexueller Belästigung,60 Jahre und älter,Männlich,,,,0.419
2022,Anzahl,Opfer nicht-sexueller Belästigung,60 Jahre und älter,Männlich,,,,0.312
2023,Anzahl,Opfer nicht-sexueller Belästigung,60 Jahre und älter,Männlich,,,,0.445
2024,Anzahl,Opfer nicht-sexueller Belästigung,60 Jahre und älter,Männlich,…,,,
2010,Anzahl,Opfer sexueller Belästigung,,,,,,-0.154
2011,Anzahl,Opfer sexueller Belästigung,,,,,,0.132
2012,Anzahl,Opfer sexueller Belästigung,,,,,,0.244
2013,Anzahl,Opfer sexueller Belästigung,,,,,,0.302
2014,Anzahl,Opfer sexueller Belästigung,,,,,,0.531
2015,Anzahl,Opfer sexueller Belästigung,,,,,,1.197
2016,Anzahl,Opfer sexueller Belästigung,,,|,,,0.42
2017,Anzahl,Opfer sexueller Belästigung,,,,,,0.327
2018,Anzahl,Opfer sexueller Belästigung,,,,,,0.274
2019,Anzahl,Opfer sexueller Belästigung,,,,,,0.178
2020,Anzahl,Opfer sexueller Belästigung,,,,,,-0.014
2021,Anzahl,Opfer sexueller Belästigung,,,,,,0.099
2022,Anzahl,Opfer sexueller Belästigung,,,r,,,-0.143
2023,Anzahl,Opfer sexueller Belästigung,,,r,,,0.405
2024,Anzahl,Opfer sexueller Belästigung,,,,,,0.145
2010,Anzahl,Opfer sexueller Belästigung,,Weiblich,,,,
2011,Anzahl,Opfer sexueller Belästigung,,Weiblich,,,,
2012,Anzahl,Opfer sexueller Belästigung,,Weiblich,,,,
2013,Anzahl,Opfer sexueller Belästigung,,Weiblich,,,,4.691
2014,Anzahl,Opfer sexueller Belästigung,,Weiblich,,,,2.046
2015,Anzahl,Opfer sexueller Belästigung,,Weiblich,,,,0.844
2016,Anzahl,Opfer sexueller Belästigung,,Weiblich,|,,,0.74
2017,Anzahl,Opfer sexueller Belästigung,,Weiblich,,,,0.747
2018,Anzahl,Opfer sexueller Belästigung,,Weiblich,,,,0.843
2019,Anzahl,Opfer sexueller Belästigung,,Weiblich,,,,1.545
2020,Anzahl,Opfer sexueller Belästigung,,Weiblich,,,,2.48
2021,Anzahl,Opfer sexueller Belästigung,,Weiblich,,,,3.373
2022,Anzahl,Opfer sexueller Belästigung,,Weiblich,r,,,12.432
2023,Anzahl,Opfer sexueller Belästigung,,Weiblich,r,,,4.61
2024,Anzahl,Opfer sexueller Belästigung,,Weiblich,…,,,
2010,Anzahl,Opfer sexueller Belästigung,,Männlich,,,,
2011,Anzahl,Opfer sexueller Belästigung,,Männlich,,,,98.632
2012,Anzahl,Opfer sexueller Belästigung,,Männlich,,,,99.299
2013,Anzahl,Opfer sexueller Belästigung,,Männlich,,,,99.777
2014,Anzahl,Opfer sexueller Belästigung,,Männlich,,,,100.091
2015,Anzahl,Opfer sexueller Belästigung,,Männlich,,,,100.0
2016,Anzahl,Opfer sexueller Belästigung,,Männlich,|,,,99.84
2017,Anzahl,Opfer sexueller Belästigung,,Männlich,,,,99.685
2018,Anzahl,Opfer sexueller Belästigung,,Männlich,,,,99.601
2019,Anzahl,Opfer sexueller Belästigung,,Männlich,,,,99.764
2020,Anzahl,Opfer sexueller Belästigung,,Männlich,,,,100.046
2021,Anzahl,Opfer sexueller Belästigung,,Männlich,,,,100.363
2022,Anzahl,Opfer sexueller Belästigung,,Männlich,r,,,100.706
2023,Anzahl,Opfer sexueller Belästigung,,Männlich,r,,,101.021
2024,Anzahl,Opfer sexueller Belästigung,,Männlich,…,,,
2010,Anzahl,Opfer sexueller Belästigung,13 Jahre und jünger,,,,,
2011,Anzahl,Opfer sexueller Belästigung,13 Jahre und jünger,,,,,
2012,Anzahl,Opfer sexueller Belästigung,13 Jahre und jünger,,,,,0.647
2013,Anzahl,Opfer sexueller Belästigung,13 Jahre und jünger,,,,,0.614
2014,Anzahl,Opfer sexueller Belästigung,13 Jahre und jünger,,,,,0.619
2015,Anzahl,Opfer sexueller Belästigung,13 Jahre und jünger,,,,,0.482
2016,Anzahl,Opfer sexueller Belästigung,13 Jahre und jünger,,|,,,0.455
2017,Anzahl,Opfer sexueller Belästigung,13 Jahre und jünger,,,,,0.464
2018,Anzahl,Opfer sexueller Belästigung,13 Jahre und jünger,,,,,0.469
2019,Anzahl,Opfer sexueller Belästigung,13 Jahre und jünger,,,,,0.464
2020,Anzahl,Opfer sexueller Belästigung,13 Jahre und jünger,,,,,0.474
2021,Anzahl,Opfer sexueller Belästigung,13 Jahre und jünger,,,,,0.452
2022,Anzahl,Opfer sexueller Belästigung,13 Jahre und jünger,,,,,0.372
2023,Anzahl,Opfer sexueller Belästigung,13 Jahre und jünger,,,,,0.4
2024,Anzahl,Opfer sexueller Belästigung,13 Jahre und jünger,,…,,,
2010,Anzahl,Opfer sexueller Belästigung,13 Jahre und jünger,Weiblich,.,,,
2011,Anzahl,Opfer sexueller Belästigung,13 Jahre und jünger,Weiblich,.,,,
2012,Anzahl,Opfer sexueller Belästigung,13 Jahre und jünger,Weiblich,,,,-0.03
2013,Anzahl,Opfer sexueller Belästigung,13 Jahre und jünger,Weiblich,,,,0.131
2014,Anzahl,Opfer sexueller Belästigung,13 Jahre und jünger,Weiblich,,,,0.303
2015,Anzahl,Opfer sexueller Belästigung,13 Jahre und jünger,Weiblich,,,,0.57
2016,Anzahl,Opfer sexueller Belästigung,13 Jahre und jünger,Weiblich,|,,,0.615
2017,Anzahl,Opfer sexueller Belästigung,13 Jahre und jünger,Weiblich,,,,0.621
2018,Anzahl,Opfer sexueller Belästigung,13 Jahre und jünger,Weiblich,,,,0.556
2019,Anzahl,Opfer sexueller Belästigung,13 Jahre und jünger,Weiblich,,,,0.3
2020,Anzahl,Opfer sexueller Belästigung,13 Jahre und jünger,Weiblich,,,,0.191
2021,Anzahl,Opfer sexueller Belästigung,13 Jahre und jünger,Weiblich,,,,0.134
2022,Anzahl,Opfer sexueller Belästigung,13 Jahre und jünger,Weiblich,r,,,0.03
2023,Anzahl,Opfer sexueller Belästigung,13 Jahre und jünger,Weiblich,r,,,0.087
2024,Anzahl,Opfer sexueller Belästigung,13 Jahre und jünger,Weiblich,,,,0.127
2010,Anzahl,Opfer sexueller Belästigung,13 Jahre und jünger,Männlich,,,,100.0
2011,Anzahl,Opfer sexueller Belästigung,13 Jahre und jünger,Männlich,,,,100.0
2012,Anzahl,Opfer sexueller Belästigung,13 Jahre und jünger,Männlich,,,,100.0
2013,Anzahl,Opfer sexueller Belästigung,13 Jahre und jünger,Männlich,,,,100.0
2014,Anzahl,Opfer sexueller Belästigung,13 Jahre und jünger,Männlich,,,,100.0
2015,Anzahl,Opfer sexueller Belästigung,13 Jahre und jünger,Männlich,,,,100.0
2016,Anzahl,Opfer sexueller Belästigung,13 Jahre und jünger,Männlich,,,,100.0
2017,Anzahl,Opfer sexueller Belästigung,13 Jahre und jünger,Männlich,,,,100.0
2018,Anzahl,Opfer sexueller Belästigung,13 Jahre und jünger,Männlich,,,,100.0
2019,Anzahl,Opfer sexueller Belästigung,13 Jahre und jünger,Männlich,,,,100.0
2020,Anzahl,Opfer sexueller Belästigung,13 Jahre und jünger,Männlich,,,,100.0
2021,Anzahl,Opfer sexueller Belästigung,13 Jahre und jünger,Männlich,,,,100.0
2022,Anzahl,Opfer sexueller Belästigung,13 Jahre und jünger,Männlich,,,,100.0
2023,Anzahl,Opfer sexueller Belästigung,13 Jahre und jünger,Männlich,,,,100.0
2024,Anzahl,Opfer sexueller Belästigung,13 Jahre und jünger,Männlich,,,,100.0
2010,Anzahl,Opfer sexueller Belästigung,14 bis unter 18 Jahre,,,,,1.084
2011,Anzahl,Opfer sexueller Belästigung,14 bis unter 18 Jahre,,,,,1.206
2012,Anzahl,Opfer sexueller Belästigung,14 bis unter 18 Jahre,,,,,1.231
2013,Anzahl,Opfer sexueller Belästigung,14 bis unter 18 Jahre,,,,,1.283
2014,Anzahl,Opfer sexueller Belästigung,14 bis unter 18 Jahre,,,,,1.408
2015,Anzahl,Opfer sexueller Belästigung,14 bis unter 18 Jahre,,,,,1.439
2016,Anzahl,Opfer sexueller Belästigung,14 bis unter 18 Jahre,,,,,1.491
2017,Anzahl,Opfer sexueller Belästigung,14 bis unter 18 Jahre,,,,,1.604
2018,Anzahl,Opfer sexueller Belästigung,14 bis unter 18 Jahre,,,,,1.602
2019,Anzahl,Opfer sexueller Belästigung,14 bis unter 18 Jahre,,,,,1.736
2020,Anzahl,Opfer sexueller Belästigung,14 bis unter 18 Jahre,,,,,1.715
2021,Anzahl,Opfer sexueller Belästigung,14 bis unter 18 Jahre,,p,,,1.843
2022,Anzahl,Opfer sexueller Belästigung,14 bis unter 18 Jahre,,p,,,1.955
2023,Anzahl,Opfer sexueller Belästigung,14 bis unter 18 Jahre,,p,,,2.376
2024,Anzahl,Opfer sexueller Belästigung,14 bis unter 18 Jahre,,p,,,2.517
2010,Anzahl,Opfer sexueller Belästigung,14 bis unter 18 Jahre,Weiblich,,,,9.804
2011,Anzahl,Opfer sexueller Belästigung,14 bis unter 18 Jahre,Weiblich,,,,10.427
2012,Anzahl,Opfer sexueller Belästigung,14 bis unter 18 Jahre,Weiblich,,,,10.417
2013,Anzahl,Opfer sexueller Belästigung,14 bis unter 18 Jahre,Weiblich,,,,10.838
2014,Anzahl,Opfer sexueller Belästigung,14 bis unter 18 Jahre,Weiblich,,,,11.458
2015,Anzahl,Opfer sexueller Belästigung,14 bis unter 18 Jahre,Weiblich,,,,11.58
2016,Anzahl,Opfer sexueller Belästigung,14 bis unter 18 Jahre,Weiblich,,,,11.82
2017,Anzahl,Opfer sexueller Belästigung,14 bis unter 18 Jahre,Weiblich,,,,12.407
2018,Anzahl,Opfer sexueller Belästigung,14 bis unter 18 Jahre,Weiblich,,,,12.791
2019,Anzahl,Opfer sexueller Belästigung,14 bis unter 18 Jahre,Weiblich,,,,13.688
2020,Anzahl,Opfer sexueller Belästigung,14 bis unter 18 Jahre,Weiblich,,,,14.137
2021,Anzahl,Opfer sexueller Belästigung,14 bis unter 18 Jahre,Weiblich,p,,,13.788
2022,Anzahl,Opfer sexueller Belästigung,14 bis unter 18 Jahre,Weiblich,p,,,14.51
2023,Anzahl,Opfer sexueller Belästigung,14 bis unter 18 Jahre,Weiblich,p,,,16.023
2024,Anzahl,Opfer sexueller Belästigung,14 bis unter 18 Jahre,Weiblich,p,,,17.595
2010,Anzahl,Opfer sexueller Belästigung,14 bis unter 18 Jahre,Männlich,s,,,100.0
2011,Anzahl,Opfer sexueller Belästigung,14 bis unter 18 Jahre,Männlich,s,,,100.0
2012,Anzahl,Opfer sexueller Belästigung,14 bis unter 18 Jahre,Männlich,s,,,100.0
2013,Anzahl,Opfer sexueller Belästigung,14 bis unter 18 Jahre,Männlich,s,,,100.0
2014,Anzahl,Opfer sexueller Belästigung,14 bis unter 18 Jahre,Männlich,s,,,100.0
2015,Anzahl,Opfer sexueller Belästigung,14 bis unter 18 Jahre,Männlich,s,,,100.0
2016,Anzahl,Opfer sexueller Belästigung,14 bis unter 18 Jahre,Männlich,s,,,100.0
2017,Anzahl,Opfer sexueller Belästigung,14 bis unter 18 Jahre,Männlich,s,,,100.0
2018,Anzahl,Opfer sexueller Belästigung,14 bis unter 18 Jahre,Männlich,s,,,100.0
2019,Anzahl,Opfer sexueller Belästigung,14 bis unter 18 Jahre,Männlich,s,,,100.0
2020,Anzahl,Opfer sexueller Belästigung,14 bis unter 18 Jahre,Männlich,s,,,100.0
2021,Anzahl,Opfer sexueller Belästigung,14 bis unter 18 Jahre,Männlich,s,,,100.0
2022,Anzahl,Opfer sexueller Belästigung,14 bis unter 18 Jahre,Männlich,s,,,100.0
2023,Anzahl,Opfer sexueller Belästigung,14 bis unter 18 Jahre,Männlich,s,,,100.0
2024,Anzahl,Opfer sexueller Belästigung,14 bis unter 18 Jahre,Männlich,…,,,
2010,Anzahl,Opfer sexueller Belästigung,18 bis unter 21 Jahre,,,,,49237.0
2011,Anzahl,Opfer sexueller Belästigung,18 bis unter 21 Jahre,,,,,50237.0
2012,Anzahl,Opfer sexueller Belästigung,18 bis unter 21 Jahre,,,,,49759.0
2013,Anzahl,Opfer sexueller Belästigung,18 bis unter 21 Jahre,,,,,49570.0
2014,Anzahl,Opfer sexueller Belästigung,18 bis unter 21 Jahre,,,,,51102.0
2015,Anzahl,Opfer sexueller Belästigung,18 bis unter 21 Jahre,,,,,51625.0
2016,Anzahl,Opfer sexueller Belästigung,18 bis unter 21 Jahre,,,,,52133.0
2017,Anzahl,Opfer sexueller Belästigung,18 bis unter 21 Jahre,,,,,51790.0
2018,Anzahl,Opfer sexueller Belästigung,18 bis unter 21 Jahre,,,,,50260.0
2019,Anzahl,Opfer sexueller Belästigung,18 bis unter 21 Jahre,,,,,50643.0
2020,Anzahl,Opfer sexueller Belästigung,18 bis unter 21 Jahre,,,,,50993.0
2021,Anzahl,Opfer sexueller Belästigung,18 bis unter 21 Jahre,,,,,51793.0
2022,Anzahl,Opfer sexueller Belästigung,18 bis unter 21 Jahre,,,,,48559.0
2023,Anzahl,Opfer sexueller Belästigung,18 bis unter 21 Jahre,,,,,48860.0
2024,Anzahl,Opfer sexueller Belästigung,18 bis unter 21 Jahre,,…,,,
2010,Anzahl,Opfer sexueller Belästigung,18 bis unter 21 Jahre,Weiblich,r,,,19.5
2011,Anzahl,Opfer sexueller Belästigung,18 bis unter 21 Jahre,Weiblich,r,,,19.4
2012,Anzahl,Opfer sexueller Belästigung,18 bis unter 21 Jahre,Weiblich,r,,,16.8
2013,Anzahl,Opfer sexueller Belästigung,18 bis unter 21 Jahre,Weiblich,r,,,17.5
2014,Anzahl,Opfer sexueller Belästigung,18 bis unter 21 Jahre,Weiblich,r,,,17.0
2015,Anzahl,Opfer sexueller Belästigung,18 bis unter 21 Jahre,Weiblich,r,,,15.8
2016,Anzahl,Opfer sexueller Belästigung,18 bis unter 21 Jahre,Weiblich,r,,,15.3
2017,Anzahl,Opfer sexueller Belästigung,18 bis unter 21 Jahre,Weiblich,r,,,14.4
2018,Anzahl,Opfer sexueller Belästigung,18 bis unter 21 Jahre,Weiblich,,,,15.4
2019,Anzahl,Opfer sexueller Belästigung,18 bis unter 21 Jahre,Weiblich,,,,13.2
2020,Anzahl,Opfer sexueller Belästigung,18 bis unter 21 Jahre,Weiblich,,,,12.3
2021,Anzahl,Opfer sexueller Belästigung,18 bis unter 21 Jahre,Weiblich,,,,13.0
2022,Anzahl,Opfer sexueller Belästigung,18 bis unter 21 Jahre,Weiblich,…,,,
2023,Anzahl,Opfer sexueller Belästigung,18 bis unter 21 Jahre,Weiblich,…,,,
2024,Anzahl,Opfer sexueller Belästigung,18 bis unter 21 Jahre,Weiblich,…,,,
2010,Anzahl,Opfer sexueller Belästigung,18 bis unter 21 Jahre,Männlich,r,,,15.9
2011,Anzahl,Opfer sexueller Belästigung,18 bis unter 21 Jahre,Männlich,r,,,15.2
2012,Anzahl,Opfer sexueller Belästigung,18 bis unter 21 Jahre,Männlich,r,,,12.4
2013,Anzahl,Opfer sexueller Belästigung,18 bis unter 21 Jahre,Männlich,r,,,13.2
2014,Anzahl,Opfer sexueller Belästigung,18 bis unter 21 Jahre,Männlich,r,,,13.0
2015,Anzahl,Opfer sexueller Belästigung,18 bis unter 21 Jahre,Männlich,r,,,11.7
2016,Anzahl,Opfer sexueller Belästigung,18 bis unter 21 Jahre,Männlich,r,,,11.4
2017,Anzahl,Opfer sexueller Belästigung,18 bis unter 21 Jahre,Männlich,r,,,10.9
2018,Anzahl,Opfer sexueller Belästigung,18 bis unter 21 Jahre,Männlich,r,,,11.2
2019,Anzahl,Opfer sexueller Belästigung,18 bis unter 21 Jahre,Männlich,r,,,9.4
2020,Anzahl,Opfer sexueller Belästigung,18 bis unter 21 Jahre,Männlich,r,,,8.8
2021,Anzahl,Opfer sexueller Belästigung,18 bis unter 21 Jahre,Männlich,,,,9.3
2022,Anzahl,Opfer sexueller Belästigung,18 bis unter 21 Jahre,Männlich,…,,,
2023,Anzahl,Opfer sexueller Belästigung,18 bis unter 21 Jahre,Männlich,…,,,
2024,Anzahl,Opfer sexueller Belästigung,18 bis unter 21 Jahre,Männlich,…,,,
2010,Anzahl,Opfer sexueller Belästigung,21 bis unter 60 Jahre,,,,,81.7
2011,Anzahl,Opfer sexueller Belästigung,21 bis unter 60 Jahre,,,,,80.3
2012,Anzahl,Opfer sexueller Belästigung,21 bis unter 60 Jahre,,,,,80.5
2013,Anzahl,Opfer sexueller Belästigung,21 bis unter 60 Jahre,,,,,80.8
2014,Anzahl,Opfer sexueller Belästigung,21 bis unter 60 Jahre,,,,,81.2
2015,Anzahl,Opfer sexueller Belästigung,21 bis unter 60 Jahre,,,,,82.2
2016,Anzahl,Opfer sexueller Belästigung,21 bis unter 60 Jahre,,,,,82.5
2017,Anzahl,Opfer sexueller Belästigung,21 bis unter 60 Jahre,,,,,82.8
2018,Anzahl,Opfer sexueller Belästigung,21 bis unter 60 Jahre,,,,,83.0
2019,Anzahl,Opfer sexueller Belästigung,21 bis unter 60 Jahre,,,,,83.2
2020,Anzahl,Opfer sexueller Belästigung,21 bis unter 60 Jahre,,,,,83.1
2021,Anzahl,Opfer sexueller Belästigung,21 bis unter 60 Jahre,,,,,83.2
2022,Anzahl,Opfer sexueller Belästigung,21 bis unter 60 Jahre,,…,,,
2023,Anzahl,Opfer sexueller Belästigung,21 bis unter 60 Jahre,,…,,,
2024,Anzahl,Opfer sexueller Belästigung,21 bis unter 60 Jahre,,…,,,
2010,Anzahl,Opfer sexueller Belästigung,21 bis unter 60 Jahre,Weiblich,,,,74.0
2011,Anzahl,Opfer sexueller Belästigung,21 bis unter 60 Jahre,Weiblich,,,,71.0
2012,Anzahl,Opfer sexueller Belästigung,21 bis unter 60 Jahre,Weiblich,,,,56.5
2013,Anzahl,Opfer sexueller Belästigung,21 bis unter 60 Jahre,Weiblich,,,,64.1
2014,Anzahl,Opfer sexueller Belästigung,21 bis unter 60 Jahre,Weiblich,,,,59.2
2015,Anzahl,Opfer sexueller Belästigung,21 bis unter 60 Jahre,Weiblich,,,,50.6
2016,Anzahl,Opfer sexueller Belästigung,21 bis unter 60 Jahre,Weiblich,,,,45.0
2017,Anzahl,Opfer sexueller Belästigung,21 bis unter 60 Jahre,Weiblich,,,,30.9
2018,Anzahl,Opfer sexueller Belästigung,21 bis unter 60 Jahre,Weiblich,,,,46.3
2019,Anzahl,Opfer sexueller Belästigung,21 bis unter 60 Jahre,Weiblich,,,,17.6
2020,Anzahl,Opfer sexueller Belästigung,21 bis unter 60 Jahre,Weiblich,,,,9.9
2021,Anzahl,Opfer sexueller Belästigung,21 bis unter 60 Jahre,Weiblich,,,,16.9
2022,Anzahl,Opfer sexueller Belästigung,21 bis unter 60 Jahre,Weiblich,…,,,
2023,Anzahl,Opfer sexueller Belästigung,21 bis unter 60 Jahre,Weiblich,…,,,
2024,Anzahl,Opfer sexueller Belästigung,21 bis unter 60 Jahre,Weiblich,…,,,
2010,Anzahl,Opfer sexueller Belästigung,21 bis unter 60 Jahre,Männlich,.,,,
2011,Anzahl,Opfer sexueller Belästigung,21 bis unter 60 Jahre,Männlich,.,,,
2012,Anzahl,Opfer sexueller Belästigung,21 bis unter 60 Jahre,Männlich,.,,,
2013,Anzahl,Opfer sexueller Belästigung,21 bis unter 60 Jahre,Männlich,.,,,
2014,Anzahl,Opfer sexueller Belästigung,21 bis unter 60 Jahre,Männlich,.,,,
2015,Anzahl,Opfer sexueller Belästigung,21 bis unter 60 Jahre,Männlich,,,,29.53
2016,Anzahl,Opfer sexueller Belästigung,21 bis unter 60 Jahre,Männlich,.,,,
2017,Anzahl,Opfer sexueller Belästigung,21 bis unter 60 Jahre,Männlich,.,,,
2018,Anzahl,Opfer sexueller Belästigung,21 bis unter 60 Jahre,Männlich,,,,29.61
2019,Anzahl,Opfer sexueller Belästigung,21 bis unter 60 Jahre,Männlich,.,,,
2020,Anzahl,Opfer sexueller Belästigung,21 bis unter 60 Jahre,Männlich,.,,,
2021,Anzahl,Opfer sexueller Belästigung,21 bis unter 60 Jahre,Männlich,,,,29.24
2022,Anzahl,Opfer sexueller Belästigung,21 bis unter 60 Jahre,Männlich,.,,,
2023,Anzahl,Opfer sexueller Belästigung,21 bis unter 60 Jahre,Männlich,.,,,
2024,Anzahl,Opfer sexueller Belästigung,21 bis unter 60 Jahre,Männlich,.,,,
2010,Anzahl,Opfer sexueller Belästigung,60 Jahre und älter,,,,,28870.0
2011,Anzahl,Opfer sexueller Belästigung,60 Jahre und älter,,,,,26876.0
2012,Anzahl,Opfer sexueller Belästigung,60 Jahre und älter,,,,,26360.0
2013,Anzahl,Opfer sexueller Belästigung,60 Jahre und älter,,,,,25517.0
2014,Anzahl,Opfer sexueller Belästigung,60 Jahre und älter,,,,,23303.0
2015,Anzahl,Opfer sexueller Belästigung,60 Jahre und älter,,,,,21070.0
2016,Anzahl,Opfer sexueller Belästigung,60 Jahre und älter,,,,,19949.0
2017,Anzahl,Opfer sexueller Belästigung,60 Jahre und älter,,r,,,19750.0
2018,Anzahl,Opfer sexueller Belästigung,60 Jahre und älter,,r,,,20280.0
2019,Anzahl,Opfer sexueller Belästigung,60 Jahre und älter,,r,,,20204.0
2020,Anzahl,Opfer sexueller Belästigung,60 Jahre und älter,,r,,,20997.0
2021,Anzahl,Opfer sexueller Belästigung,60 Jahre und älter,,r,,,22091.0
2022,Anzahl,Opfer sexueller Belästigung,60 Jahre und älter,,r,,,23082.0
2023,Anzahl,Opfer sexueller Belästigung,60 Jahre und älter,,r,,,25138.0
2024,Anzahl,Opfer sexueller Belästigung,60 Jahre und älter,,,,,26703.0
2010,Anzahl,Opfer sexueller Belästigung,60 Jahre und älter,Weiblich,,,,22909.0
2011,Anzahl,Opfer sexueller Belästigung,60 Jahre und älter,Weiblich,,,,21414.0
2012,Anzahl,Opfer sexueller Belästigung,60 Jahre und älter,Weiblich,,,,21217.0
2013,Anzahl,Opfer sexueller Belästigung,60 Jahre und älter,Weiblich,,,,20455.0
2014,Anzahl,Opfer sexueller Belästigung,60 Jahre und älter,Weiblich,,,,18682.0
2015,Anzahl,Opfer sexueller Belästigung,60 Jahre und älter,Weiblich,,,,16941.0
2016,Anzahl,Opfer sexueller Belästigung,60 Jahre und älter,Weiblich,,,,16115.0
2017,Anzahl,Opfer sexueller Belästigung,60 Jahre und älter,Weiblich,r,,,15999.0
2018,Anzahl,Opfer sexueller Belästigung,60 Jahre und älter,Weiblich,r,,,16456.0
2019,Anzahl,Opfer sexueller Belästigung,60 Jahre und älter,Weiblich,r,,,16432.0
2020,Anzahl,Opfer sexueller Belästigung,60 Jahre und älter,Weiblich,r,,,16974.0
2021,Anzahl,Opfer sexueller Belästigung,60 Jahre und älter,Weiblich,r,,,17693.0
2022,Anzahl,Opfer sexueller Belästigung,60 Jahre und älter,Weiblich,r,,,18628.0
2023,Anzahl,Opfer sexueller Belästigung,60 Jahre und älter,Weiblich,r,,,20089.0
2024,Anzahl,Opfer sexueller Belästigung,60 Jahre und älter,Weiblich,,,,21382.0
2010,Anzahl,Opfer sexueller Belästigung,60 Jahre und älter,Männlich,,,,5961.0
2011,Anzahl,Opfer sexueller Belästigung,60 Jahre und älter,Männlich,,,,5462.0
2012,Anzahl,Opfer sexueller Belästigung,60 Jahre und älter,Männlich,,,,5143.0
2013,Anzahl,Opfer sexueller Belästigung,60 Jahre und älter,Männlich,,,,5062.0
2014,Anzahl,Opfer sexueller Belästigung,60 Jahre und älter,Männlich,,,,4621.0
2015,Anzahl,Opfer sexueller Belästigung,60 Jahre und älter,Männlich,,,,4129.0
2016,Anzahl,Opfer sexueller Belästigung,60 Jahre und älter,Männlich,,,,3834.0
2017,Anzahl,Opfer sexueller Belästigung,60 Jahre und älter,Männlich,r,,,3751.0
2018,Anzahl,Opfer sexueller Belästigung,60 Jahre und älter,Männlich,r,,,3824.0
2019,Anzahl,Opfer sexueller Belästigung,60 Jahre und älter,Männlich,r,,,3772.0
2020,Anzahl,Opfer sexueller Belästigung,60 Jahre und älter,Männlich,r,,,4023.0
2021,Anzahl,Opfer sexueller Belästigung,60 Jahre und älter,Männlich,r,,,4398.0
2022,Anzahl,Opfer sexueller Belästigung,60 Jahre und älter,Männlich,r,,,4454.0
2023,Anzahl,Opfer sexueller Belästigung,60 Jahre und älter,Männlich,r,,,5049.0
2024,Anzahl,Opfer sexueller Belästigung,60 Jahre und älter,Männlich,,,,5321.0
2010,Je 100 000 Einwohner/-innen,Opfergefährdungszahl nicht-sexueller Belästigung,,,,,,443.0
2011,Je 100 000 Einwohner/-innen,Opfergefährdungszahl nicht-sexueller Belästigung,,,,,,416.0
2012,Je 100 000 Einwohner/-innen,Opfergefährdungszahl nicht-sexueller Belästigung,,,,,,432.0
2013,Je 100 000 Einwohner/-innen,Opfergefährdungszahl nicht-sexueller Belästigung,,,,,,427.0
2014,Je 100 000 Einwohner/-innen,Opfergefährdungszahl nicht-sexueller Belästigung,,,,,,377.0
2015,Je 100 000 Einwohner/-innen,Opfergefährdungszahl nicht-sexueller Belästigung,,,,,,343.0
2016,Je 100 000 Einwohner/-innen,Opfergefährdungszahl nicht-sexueller Belästigung,,,,,,336.0
2017,Je 100 000 Einwohner/-innen,Opfergefährdungszahl nicht-sexueller Belästigung,,,r,,,338.0
2018,Je 100 000 Einwohner/-innen,Opfergefährdungszahl nicht-sexueller Belästigung,,,r,,,346.0
2019,Je 100 000 Einwohner/-innen,Opfergefährdungszahl nicht-sexueller Belästigung,,,r,,,398.0
2020,Je 100 000 Einwohner/-innen,Opfergefährdungszahl nicht-sexueller Belästigung,,,r,,,380.0
2021,Je 100 000 Einwohner/-innen,Opfergefährdungszahl nicht-sexueller Belästigung,,,r,,,404.0
2022,Je 100 000 Einwohner/-innen,Opfergefährdungszahl nicht-sexueller Belästigung,,,r,,,460.0
2023,Je 100 000 Einwohner/-innen,Opfergefährdungszahl nicht-sexueller Belästigung,,,r,,,579.0
2024,Je 100 000 Einwohner/-innen,Opfergefährdungszahl nicht-sexueller Belästigung,,,,,,681.0
2010,Je 100 000 Einwohner/-innen,Opfergefährdungszahl nicht-sexueller Belästigung,,Weiblich,,,,272.0
2011,Je 100 000 Einwohner/-innen,Opfergefährdungszahl nicht-sexueller Belästigung,,Weiblich,,,,263.0
2012,Je 100 000 Einwohner/-innen,Opfergefährdungszahl nicht-sexueller Belästigung,,Weiblich,,,,310.0
2013,Je 100 000 Einwohner/-innen,Opfergefährdungszahl nicht-sexueller Belästigung,,Weiblich,,,,273.0
2014,Je 100 000 Einwohner/-innen,Opfergefährdungszahl nicht-sexueller Belästigung,,Weiblich,,,,260.0
2015,Je 100 000 Einwohner/-innen,Opfergefährdungszahl nicht-sexueller Belästigung,,Weiblich,,,,221.0
2016,Je 100 000 Einwohner/-innen,Opfergefährdungszahl nicht-sexueller Belästigung,,Weiblich,,,,221.0
2017,Je 100 000 Einwohner/-innen,Opfergefährdungszahl nicht-sexueller Belästigung,,Weiblich,r,,,212.0
2018,Je 100 000 Einwohner/-innen,Opfergefährdungszahl nicht-sexueller Belästigung,,Weiblich,r,,,239.0
2019,Je 100 000 Einwohner/-innen,Opfergefährdungszahl nicht-sexueller Belästigung,,Weiblich,r,,,241.0
2020,Je 100 000 Einwohner/-innen,Opfergefährdungszahl nicht-sexueller Belästigung,,Weiblich,r,,,226.0
2021,Je 100 000 Einwohner/-innen,Opfergefährdungszahl nicht-sexueller Belästigung,,Weiblich,r,,,264.0
2022,Je 100 000 Einwohner/-innen,Opfergefährdungszahl nicht-sexueller Belästigung,,Weiblich,r,,,313.0
2023,Je 100 000 Einwohner/-innen,Opfergefährdungszahl nicht-sexueller Belästigung,,Weiblich,r,,,353.0
2024,Je 100 000 Einwohner/-innen,Opfergefährdungszahl nicht-sexueller Belästigung,,Weiblich,,,,404.0
2010,Je 100 000 Einwohner/-innen,Opfergefährdungszahl nicht-sexueller Belästigung,,Männlich,,,,171.0
2011,Je 100 000 Einwohner/-innen,Opfergefährdungszahl nicht-sexueller Belästigung,,Männlich,,,,153.0
2012,Je 100 000 Einwohner/-innen,Opfergefährdungszahl nicht-sexueller Belästigung,,Männlich,,,,122.0
2013,Je 100 000 Einwohner/-innen,Opfergefährdungszahl nicht-sexueller Belästigung,,Männlich,,,,154.0
2014,Je 100 000 Einwohner/-innen,Opfergefährdungszahl nicht-sexueller Belästigung,,Männlich,,,,117.0
2015,Je 100 000 Einwohner/-innen,Opfergefährdungszahl nicht-sexueller Belästigung,,Männlich,,,,122.0
2016,Je 100 000 Einwohner/-innen,Opfergefährdungszahl nicht-sexueller Belästigung,,Männlich,,,,115.0
2017,Je 100 000 Einwohner/-innen,Opfergefährdungszahl nicht-sexueller Belästigung,,Männlich,r,,,126.0
2018,Je 100 000 Einwohner/-innen,Opfergefährdungszahl nicht-sexueller Belästigung,,Männlich,r,,,107.0
2019,Je 100 000 Einwohner/-innen,Opfergefährdungszahl nicht-sexueller Belästigung,,Männlich,r,,,157.0
2020,Je 100 000 Einwohner/-innen,Opfergefährdungszahl nicht-sexueller Belästigung,,Männlich,r,,,154.0
2021,Je 100 000 Einwohner/-innen,Opfergefährdungszahl nicht-sexueller Belästigung,,Männlich,r,,,140.0
2022,Je 100 000 Einwohner/-innen,Opfergefährdungszahl nicht-sexueller Belästigung,,Männlich,r,,,147.0
2023,Je 100 000 Einwohner/-innen,Opfergefährdungszahl nicht-sexueller Belästigung,,Männlich,r,,,226.0
2024,Je 100 000 Einwohner/-innen,Opfergefährdungszahl nicht-sexueller Belästigung,,Männlich,,,,277.0
2010,Je 100 000 Einwohner/-innen,Opfergefährdungszahl nicht-sexueller Belästigung,13 Jahre und jünger,,,,,1289.0
2011,Je 100 000 Einwohner/-innen,Opfergefährdungszahl nicht-sexueller Belästigung,13 Jahre und jünger,,,,,1227.0
2012,Je 100 000 Einwohner/-innen,Opfergefährdungszahl nicht-sexueller Belästigung,13 Jahre und jünger,,,,,1101.0
2013,Je 100 000 Einwohner/-innen,Opfergefährdungszahl nicht-sexueller Belästigung,13 Jahre und jünger,,,,,1143.0
2014,Je 100 000 Einwohner/-innen,Opfergefährdungszahl nicht-sexueller Belästigung,13 Jahre und jünger,,,,,1063.0
2015,Je 100 000 Einwohner/-innen,Opfergefährdungszahl nicht-sexueller Belästigung,13 Jahre und jünger,,,,,817.0
2016,Je 100 000 Einwohner/-innen,Opfergefährdungszahl nicht-sexueller Belästigung,13 Jahre und jünger,,,,,806.0
2017,Je 100 000 Einwohner/-innen,Opfergefährdungszahl nicht-sexueller Belästigung,13 Jahre und jünger,,r,,,829.0
2018,Je 100 000 Einwohner/-innen,Opfergefährdungszahl nicht-sexueller Belästigung,13 Jahre und jünger,,r,,,798.0
2019,Je 100 000 Einwohner/-innen,Opfergefährdungszahl nicht-sexueller Belästigung,13 Jahre und jünger,,r,,,821.0
2020,Je 100 000 Einwohner/-innen,Opfergefährdungszahl nicht-sexueller Belästigung,13 Jahre und jünger,,r,,,751.0
2021,Je 100 000 Einwohner/-innen,Opfergefährdungszahl nicht-sexueller Belästigung,13 Jahre und jünger,,r,,,803.0
2022,Je 100 000 Einwohner/-innen,Opfergefährdungszahl nicht-sexueller Belästigung,13 Jahre und jünger,,r,,,822.0
2023,Je 100 000 Einwohner/-innen,Opfergefährdungszahl nicht-sexueller Belästigung,13 Jahre und jünger,,r,,,928.0
2024,Je 100 000 Einwohner/-innen,Opfergefährdungszahl nicht-sexueller Belästigung,13 Jahre und jünger,,,,,1019.0
2010,Je 100 000 Einwohner/-innen,Opfergefährdungszahl nicht-sexueller Belästigung,13 Jahre und jünger,Weiblich,,,,1132.0
2011,Je 100 000 Einwohner/-innen,Opfergefährdungszahl nicht-sexueller Belästigung,13 Jahre und jünger,Weiblich,,,,1087.0
2012,Je 100 000 Einwohner/-innen,Opfergefährdungszahl nicht-sexueller Belästigung,13 Jahre und jünger,Weiblich,,,,991.0
2013,Je 100 000 Einwohner/-innen,Opfergefährdungszahl nicht-sexueller Belästigung,13 Jahre und jünger,Weiblich,,,,1015.0
2014,Je 100 000 Einwohner/-innen,Opfergefährdungszahl nicht-sexueller Belästigung,13 Jahre und jünger,Weiblich,,,,943.0
2015,Je 100 000 Einwohner/-innen,Opfergefährdungszahl nicht-sexueller Belästigung,13 Jahre und jünger,Weiblich,,,,716.0
2016,Je 100 000 Einwohner/-innen,Opfergefährdungszahl nicht-sexueller Belästigung,13 Jahre und jünger,Weiblich,,,,710.0
2017,Je 100 000 Einwohner/-innen,Opfergefährdungszahl nicht-sexueller Belästigung,13 Jahre und jünger,Weiblich,r,,,718.0
2018,Je 100 000 Einwohner/-innen,Opfergefährdungszahl nicht-sexueller Belästigung,13 Jahre und jünger,Weiblich,r,,,724.0
2019,Je 100 000 Einwohner/-innen,Opfergefährdungszahl nicht-sexueller Belästigung,13 Jahre und jünger,Weiblich,r,,,704.0
2020,Je 100 000 Einwohner/-innen,Opfergefährdungszahl nicht-sexueller Belästigung,13 Jahre und jünger,Weiblich,r,,,624.0
2021,Je 100 000 Einwohner/-innen,Opfergefährdungszahl nicht-sexueller Belästigung,13 Jahre und jünger,Weiblich,r,,,672.0
2022,Je 100 000 Einwohner/-innen,Opfergefährdungszahl nicht-sexueller Belästigung,13 Jahre und jünger,Weiblich,r,,,686.0
2023,Je 100 000 Einwohner/-innen,Opfergefährdungszahl nicht-sexueller Belästigung,13 Jahre und jünger,Weiblich,r,,,786.0
2024,Je 100 000 Einwohner/-innen,Opfergefährdungszahl nicht-sexueller Belästigung,13 Jahre und jünger,Weiblich,,,,820.0
2010,Je 100 000 Einwohner/-innen,Opfergefährdungszahl nicht-sexueller Belästigung,13 Jahre und jünger,Männlich,,,,157.0
2011,Je 100 000 Einwohner/-innen,Opfergefährdungszahl nicht-sexueller Belästigung,13 Jahre und jünger,Männlich,,,,140.0
2012,Je 100 000 Einwohner/-innen,Opfergefährdungszahl nicht-sexueller Belästigung,13 Jahre und jünger,Männlich,,,,110.0
2013,Je 100 000 Einwohner/-innen,Opfergefährdungszahl nicht-sexueller Belästigung,13 Jahre und jünger,Männlich,,,,128.0
2014,Je 100 000 Einwohner/-innen,Opfergefährdungszahl nicht-sexueller Belästigung,13 Jahre und jünger,Männlich,,,,120.0
2015,Je 100 000 Einwohner/-innen,Opfergefährdungszahl nicht-sexueller Belästigung,13 Jahre und jünger,Männlich,,,,101.0
2016,Je 100 000 Einwohner/-innen,Opfergefährdungszahl nicht-sexueller Belästigung,13 Jahre und jünger,Männlich,,,,96.0
2017,Je 100 000 Einwohner/-innen,Opfergefährdungszahl nicht-sexueller Belästigung,13 Jahre und jünger,Männlich,r,,,111.0
2018,Je 100 000 Einwohner/-innen,Opfergefährdungszahl nicht-sexueller Belästigung,13 Jahre und jünger,Männlich,r,,,74.0
2019,Je 100 000 Einwohner/-innen,Opfergefährdungszahl nicht-sexueller Belästigung,13 Jahre und jünger,Männlich,r,,,117.0
2020,Je 100 000 Einwohner/-innen,Opfergefährdungszahl nicht-sexueller Belästigung,13 Jahre und jünger,Männlich,r,,,127.0
2021,Je 100 000 Einwohner/-innen,Opfergefährdungszahl nicht-sexueller Belästigung,13 Jahre und jünger,Männlich,r,,,131.0
2022,Je 100 000 Einwohner/-innen,Opfergefährdungszahl nicht-sexueller Belästigung,13 Jahre und jünger,Männlich,r,,,136.0
2023,Je 100 000 Einwohner/-innen,Opfergefährdungszahl nicht-sexueller Belästigung,13 Jahre und jünger,Männlich,r,,,142.0
2024,Je 100 000 Einwohner/-innen,Opfergefährdungszahl nicht-sexueller Belästigung,13 Jahre und jünger,Männlich,,,,199.0
2010,Je 100 000 Einwohner/-innen,Opfergefährdungszahl nicht-sexueller Belästigung,14 bis unter 18 Jahre,,,,,2467.0
2011,Je 100 000 Einwohner/-innen,Opfergefährdungszahl nicht-sexueller Belästigung,14 bis unter 18 Jahre,,,,,2202.0
2012,Je 100 000 Einwohner/-innen,Opfergefährdungszahl nicht-sexueller Belästigung,14 bis unter 18 Jahre,,,,,2036.0
2013,Je 100 000 Einwohner/-innen,Opfergefährdungszahl nicht-sexueller Belästigung,14 bis unter 18 Jahre,,,,,1769.0
2014,Je 100 000 Einwohner/-innen,Opfergefährdungszahl nicht-sexueller Belästigung,14 bis unter 18 Jahre,,,,,1654.0
2015,Je 100 000 Einwohner/-innen,Opfergefährdungszahl nicht-sexueller Belästigung,14 bis unter 18 Jahre,,,,,1402.0
2016,Je 100 000 Einwohner/-innen,Opfergefährdungszahl nicht-sexueller Belästigung,14 bis unter 18 Jahre,,,,,1253.0
2017,Je 100 000 Einwohner/-innen,Opfergefährdungszahl nicht-sexueller Belästigung,14 bis unter 18 Jahre,,r,,,1340.0
2018,Je 100 000 Einwohner/-innen,Opfergefährdungszahl nicht-sexueller Belästigung,14 bis unter 18 Jahre,,r,,,1462.0
2019,Je 100 000 Einwohner/-innen,Opfergefährdungszahl nicht-sexueller Belästigung,14 bis unter 18 Jahre,,r,,,1279.0
2020,Je 100 000 Einwohner/-innen,Opfergefährdungszahl nicht-sexueller Belästigung,14 bis unter 18 Jahre,,r,,,1385.0
2021,Je 100 000 Einwohner/-innen,Opfergefährdungszahl nicht-sexueller Belästigung,14 bis unter 18 Jahre,,r,,,1393.0
2022,Je 100 000 Einwohner/-innen,Opfergefährdungszahl nicht-sexueller Belästigung,14 bis unter 18 Jahre,,r,,,1321.0
2023,Je 100 000 Einwohner/-innen,Opfergefährdungszahl nicht-sexueller Belästigung,14 bis unter 18 Jahre,,r,,,1421.0
2024,Je 100 000 Einwohner/-innen,Opfergefährdungszahl nicht-sexueller Belästigung,14 bis unter 18 Jahre,,,,,1593.0
2010,Je 100 000 Einwohner/-innen,Opfergefährdungszahl nicht-sexueller Belästigung,14 bis unter 18 Jahre,Weiblich,,,,2185.0
2011,Je 100 000 Einwohner/-innen,Opfergefährdungszahl nicht-sexueller Belästigung,14 bis unter 18 Jahre,Weiblich,,,,1946.0
2012,Je 100 000 Einwohner/-innen,Opfergefährdungszahl nicht-sexueller Belästigung,14 bis unter 18 Jahre,Weiblich,,,,1804.0
2013,Je 100 000 Einwohner/-innen,Opfergefährdungszahl nicht-sexueller Belästigung,14 bis unter 18 Jahre,Weiblich,,,,1586.0
2014,Je 100 000 Einwohner/-innen,Opfergefährdungszahl nicht-sexueller Belästigung,14 bis unter 18 Jahre,Weiblich,,,,1477.0
2015,Je 100 000 Einwohner/-innen,Opfergefährdungszahl nicht-sexueller Belästigung,14 bis unter 18 Jahre,Weiblich,,,,1265.0
2016,Je 100 000 Einwohner/-innen,Opfergefährdungszahl nicht-sexueller Belästigung,14 bis unter 18 Jahre,Weiblich,,,,1136.0
2017,Je 100 000 Einwohner/-innen,Opfergefährdungszahl nicht-sexueller Belästigung,14 bis unter 18 Jahre,Weiblich,r,,,1214.0
2018,Je 100 000 Einwohner/-innen,Opfergefährdungszahl nicht-sexueller Belästigung,14 bis unter 18 Jahre,Weiblich,r,,,1298.0
2019,Je 100 000 Einwohner/-innen,Opfergefährdungszahl nicht-sexueller Belästigung,14 bis unter 18 Jahre,Weiblich,r,,,1149.0
2020,Je 100 000 Einwohner/-innen,Opfergefährdungszahl nicht-sexueller Belästigung,14 bis unter 18 Jahre,Weiblich,r,,,1252.0
2021,Je 100 000 Einwohner/-innen,Opfergefährdungszahl nicht-sexueller Belästigung,14 bis unter 18 Jahre,Weiblich,r,,,1226.0
2022,Je 100 000 Einwohner/-innen,Opfergefährdungszahl nicht-sexueller Belästigung,14 bis unter 18 Jahre,Weiblich,r,,,1174.0
2023,Je 100 000 Einwohner/-innen,Opfergefährdungszahl nicht-sexueller Belästigung,14 bis unter 18 Jahre,Weiblich,r,,,1223.0
2024,Je 100 000 Einwohner/-innen,Opfergefährdungszahl nicht-sexueller Belästigung,14 bis unter 18 Jahre,Weiblich,,,,1388.0
2010,Je 100 000 Einwohner/-innen,Opfergefährdungszahl nicht-sexueller Belästigung,14 bis unter 18 Jahre,Männlich,,,,282.0
2011,Je 100 000 Einwohner/-innen,Opfergefährdungszahl nicht-sexueller Belästigung,14 bis unter 18 Jahre,Männlich,,,,256.0
2012,Je 100 000 Einwohner/-innen,Opfergefährdungszahl nicht-sexueller Belästigung,14 bis unter 18 Jahre,Männlich,,,,232.0
2013,Je 100 000 Einwohner/-innen,Opfergefährdungszahl nicht-sexueller Belästigung,14 bis unter 18 Jahre,Männlich,,,,183.0
2014,Je 100 000 Einwohner/-innen,Opfergefährdungszahl nicht-sexueller Belästigung,14 bis unter 18 Jahre,Männlich,,,,177.0
2015,Je 100 000 Einwohner/-innen,Opfergefährdungszahl nicht-sexueller Belästigung,14 bis unter 18 Jahre,Männlich,,,,137.0
2016,Je 100 000 Einwohner/-innen,Opfergefährdungszahl nicht-sexueller Belästigung,14 bis unter 18 Jahre,Männlich,,,,117.0
2017,Je 100 000 Einwohner/-innen,Opfergefährdungszahl nicht-sexueller Belästigung,14 bis unter 18 Jahre,Männlich,r,,,126.0
2018,Je 100 000 Einwohner/-innen,Opfergefährdungszahl nicht-sexueller Belästigung,14 bis unter 18 Jahre,Männlich,r,,,164.0
2019,Je 100 000 Einwohner/-innen,Opfergefährdungszahl nicht-sexueller Belästigung,14 bis unter 18 Jahre,Männlich,r,,,130.0
2020,Je 100 000 Einwohner/-innen,Opfergefährdungszahl nicht-sexueller Belästigung,14 bis unter 18 Jahre,Männlich,r,,,133.0
2021,Je 100 000 Einwohner/-innen,Opfergefährdungszahl nicht-sexueller Belästigung,14 bis unter 18 Jahre,Männlich,r,,,167.0
2022,Je 100 000 Einwohner/-innen,Opfergefährdungszahl nicht-sexueller Belästigung,14 bis unter 18 Jahre,Männlich,r,,,147.0
2023,Je 100 000 Einwohner/-innen,Opfergefährdungszahl nicht-sexueller Belästigung,14 bis unter 18 Jahre,Männlich,r,,,198.0
2024,Je 100 000 Einwohner/-innen,Opfergefährdungszahl nicht-sexueller Belästigung,14 bis unter 18 Jahre,Männlich,,,,205.0
2010,Je 100 000 Einwohner/-innen,Opfergefährdungszahl nicht-sexueller Belästigung,18 bis unter 21 Jahre,,,,,23019.0
2011,Je 100 000 Einwohner/-innen,Opfergefährdungszahl nicht-sexueller Belästigung,18 bis unter 21 Jahre,,,,,21536.0
2012,Je 100 000 Einwohner/-innen,Opfergefährdungszahl nicht-sexueller Belästigung,18 bis unter 21 Jahre,,,,,21296.0
2013,Je 100 000 Einwohner/-innen,Opfergefährdungszahl nicht-sexueller Belästigung,18 bis unter 21 Jahre,,,,,20738.0
2014,Je 100 000 Einwohner/-innen,Opfergefährdungszahl nicht-sexueller Belästigung,18 bis unter 21 Jahre,,,,,18814.0
2015,Je 100 000 Einwohner/-innen,Opfergefährdungszahl nicht-sexueller Belästigung,18 bis unter 21 Jahre,,,,,17239.0
2016,Je 100 000 Einwohner/-innen,Opfergefährdungszahl nicht-sexueller Belästigung,18 bis unter 21 Jahre,,,,,16303.0
2017,Je 100 000 Einwohner/-innen,Opfergefährdungszahl nicht-sexueller Belästigung,18 bis unter 21 Jahre,,r,,,16060.0
2018,Je 100 000 Einwohner/-innen,Opfergefährdungszahl nicht-sexueller Belästigung,18 bis unter 21 Jahre,,r,,,16423.0
2019,Je 100 000 Einwohner/-innen,Opfergefährdungszahl nicht-sexueller Belästigung,18 bis unter 21 Jahre,,r,,,16440.0
2020,Je 100 000 Einwohner/-innen,Opfergefährdungszahl nicht-sexueller Belästigung,18 bis unter 21 Jahre,,r,,,17193.0
2021,Je 100 000 Einwohner/-innen,Opfergefährdungszahl nicht-sexueller Belästigung,18 bis unter 21 Jahre,,r,,,18068.0
2022,Je 100 000 Einwohner/-innen,Opfergefährdungszahl nicht-sexueller Belästigung,18 bis unter 21 Jahre,,r,,,18925.0
2023,Je 100 000 Einwohner/-innen,Opfergefährdungszahl nicht-sexueller Belästigung,18 bis unter 21 Jahre,,r,,,20453.0
2024,Je 100 000 Einwohner/-innen,Opfergefährdungszahl nicht-sexueller Belästigung,18 bis unter 21 Jahre,,,,,21639.0
2010,Je 100 000 Einwohner/-innen,Opfergefährdungszahl nicht-sexueller Belästigung,18 bis unter 21 Jahre,Weiblich,,,,18342.0
2011,Je 100 000 Einwohner/-innen,Opfergefährdungszahl nicht-sexueller Belästigung,18 bis unter 21 Jahre,Weiblich,,,,17238.0
2012,Je 100 000 Einwohner/-innen,Opfergefährdungszahl nicht-sexueller Belästigung,18 bis unter 21 Jahre,Weiblich,,,,17207.0
2013,Je 100 000 Einwohner/-innen,Opfergefährdungszahl nicht-sexueller Belästigung,18 bis unter 21 Jahre,Weiblich,,,,16679.0
2014,Je 100 000 Einwohner/-innen,Opfergefährdungszahl nicht-sexueller Belästigung,18 bis unter 21 Jahre,Weiblich,,,,15118.0
2015,Je 100 000 Einwohner/-innen,Opfergefährdungszahl nicht-sexueller Belästigung,18 bis unter 21 Jahre,Weiblich,,,,13916.0
2016,Je 100 000 Einwohner/-innen,Opfergefährdungszahl nicht-sexueller Belästigung,18 bis unter 21 Jahre,Weiblich,,,,13260.0
2017,Je 100 000 Einwohner/-innen,Opfergefährdungszahl nicht-sexueller Belästigung,18 bis unter 21 Jahre,Weiblich,r,,,13064.0
2018,Je 100 000 Einwohner/-innen,Opfergefährdungszahl nicht-sexueller Belästigung,18 bis unter 21 Jahre,Weiblich,r,,,13403.0
2019,Je 100 000 Einwohner/-innen,Opfergefährdungszahl nicht-sexueller Belästigung,18 bis unter 21 Jahre,Weiblich,r,,,13504.0
2020,Je 100 000 Einwohner/-innen,Opfergefährdungszahl nicht-sexueller Belästigung,18 bis unter 21 Jahre,Weiblich,r,,,14027.0
2021,Je 100 000 Einwohner/-innen,Opfergefährdungszahl nicht-sexueller Belästigung,18 bis unter 21 Jahre,Weiblich,r,,,14625.0
2022,Je 100 000 Einwohner/-innen,Opfergefährdungszahl nicht-sexueller Belästigung,18 bis unter 21 Jahre,Weiblich,r,,,15432.0
2023,Je 100 000 Einwohner/-innen,Opfergefährdungszahl nicht-sexueller Belästigung,18 bis unter 21 Jahre,Weiblich,r,,,16583.0
2024,Je 100 000 Einwohner/-innen,Opfergefährdungszahl nicht-sexueller Belästigung,18 bis unter 21 Jahre,Weiblich,,,,17639.0
2010,Je 100 000 Einwohner/-innen,Opfergefährdungszahl nicht-sexueller Belästigung,18 bis unter 21 Jahre,Männlich,,,,4677.0
2011,Je 100 000 Einwohner/-innen,Opfergefährdungszahl nicht-sexueller Belästigung,18 bis unter 21 Jahre,Männlich,,,,4298.0
2012,Je 100 000 Einwohner/-innen,Opfergefährdungszahl nicht-sexueller Belästigung,18 bis unter 21 Jahre,Männlich,,,,4089.0
2013,Je 100 000 Einwohner/-innen,Opfergefährdungszahl nicht-sexueller Belästigung,18 bis unter 21 Jahre,Männlich,,,,4059.0
2014,Je 100 000 Einwohner/-innen,Opfergefährdungszahl nicht-sexueller Belästigung,18 bis unter 21 Jahre,Männlich,,,,3696.0
2015,Je 100 000 Einwohner/-innen,Opfergefährdungszahl nicht-sexueller Belästigung,18 bis unter 21 Jahre,Männlich,,,,3323.0
2016,Je 100 000 Einwohner/-innen,Opfergefährdungszahl nicht-sexueller Belästigung,18 bis unter 21 Jahre,Männlich,,,,3043.0
2017,Je 100 000 Einwohner/-innen,Opfergefährdungszahl nicht-sexueller Belästigung,18 bis unter 21 Jahre,Männlich,r,,,2996.0
2018,Je 100 000 Einwohner/-innen,Opfergefährdungszahl nicht-sexueller Belästigung,18 bis unter 21 Jahre,Männlich,r,,,3020.0
2019,Je 100 000 Einwohner/-innen,Opfergefährdungszahl nicht-sexueller Belästigung,18 bis unter 21 Jahre,Männlich,r,,,2936.0
2020,Je 100 000 Einwohner/-innen,Opfergefährdungszahl nicht-sexueller Belästigung,18 bis unter 21 Jahre,Männlich,r,,,3166.0
2021,Je 100 000 Einwohner/-innen,Opfergefährdungszahl nicht-sexueller Belästigung,18 bis unter 21 Jahre,Männlich,r,,,3443.0
2022,Je 100 000 Einwohner/-innen,Opfergefährdungszahl nicht-sexueller Belästigung,18 bis unter 21 Jahre,Männlich,r,,,3493.0
2023,Je 100 000 Einwohner/-innen,Opfergefährdungszahl nicht-sexueller Belästigung,18 bis unter 21 Jahre,Männlich,r,,,3870.0
2024,Je 100 000 Einwohner/-innen,Opfergefährdungszahl nicht-sexueller Belästigung,18 bis unter 21 Jahre,Männlich,,,,4000.0
2010,Je 100 000 Einwohner/-innen,Opfergefährdungszahl nicht-sexueller Belästigung,21 bis unter 60 Jahre,,,,,1652.0
2011,Je 100 000 Einwohner/-innen,Opfergefährdungszahl nicht-sexueller Belästigung,21 bis unter 60 Jahre,,,,,1495.0
2012,Je 100 000 Einwohner/-innen,Opfergefährdungszahl nicht-sexueller Belästigung,21 bis unter 60 Jahre,,,,,1495.0
2013,Je 100 000 Einwohner/-innen,Opfergefährdungszahl nicht-sexueller Belästigung,21 bis unter 60 Jahre,,,,,1440.0
2014,Je 100 000 Einwohner/-innen,Opfergefährdungszahl nicht-sexueller Belästigung,21 bis unter 60 Jahre,,,,,1395.0
2015,Je 100 000 Einwohner/-innen,Opfergefährdungszahl nicht-sexueller Belästigung,21 bis unter 60 Jahre,,,,,1269.0
2016,Je 100 000 Einwohner/-innen,Opfergefährdungszahl nicht-sexueller Belästigung,21 bis unter 60 Jahre,,,,,1251.0
2017,Je 100 000 Einwohner/-innen,Opfergefährdungszahl nicht-sexueller Belästigung,21 bis unter 60 Jahre,,r,,,1183.0
2018,Je 100 000 Einwohner/-innen,Opfergefährdungszahl nicht-sexueller Belästigung,21 bis unter 60 Jahre,,r,,,1251.0
2019,Je 100 000 Einwohner/-innen,Opfergefährdungszahl nicht-sexueller Belästigung,21 bis unter 60 Jahre,,r,,,1266.0
2020,Je 100 000 Einwohner/-innen,Opfergefährdungszahl nicht-sexueller Belästigung,21 bis unter 60 Jahre,,r,,,1288.0
2021,Je 100 000 Einwohner/-innen,Opfergefährdungszahl nicht-sexueller Belästigung,21 bis unter 60 Jahre,,r,,,1423.0
2022,Je 100 000 Einwohner/-innen,Opfergefährdungszahl nicht-sexueller Belästigung,21 bis unter 60 Jahre,,r,,,1554.0
2023,Je 100 000 Einwohner/-innen,Opfergefährdungszahl nicht-sexueller Belästigung,21 bis unter 60 Jahre,,r,,,1757.0
2024,Je 100 000 Einwohner/-innen,Opfergefährdungszahl nicht-sexueller Belästigung,21 bis unter 60 Jahre,,,,,1771.0
2010,Je 100 000 Einwohner/-innen,Opfergefährdungszahl nicht-sexueller Belästigung,21 bis unter 60 Jahre,Weiblich,,,,978.0
2011,Je 100 000 Einwohner/-innen,Opfergefährdungszahl nicht-sexueller Belästigung,21 bis unter 60 Jahre,Weiblich,,,,880.0
2012,Je 100 000 Einwohner/-innen,Opfergefährdungszahl nicht-sexueller Belästigung,21 bis unter 60 Jahre,Weiblich,,,,905.0
2013,Je 100 000 Einwohner/-innen,Opfergefährdungszahl nicht-sexueller Belästigung,21 bis unter 60 Jahre,Weiblich,,,,902.0
2014,Je 100 000 Einwohner/-innen,Opfergefährdungszahl nicht-sexueller Belästigung,21 bis unter 60 Jahre,Weiblich,,,,884.0
2015,Je 100 000 Einwohner/-innen,Opfergefährdungszahl nicht-sexueller Belästigung,21 bis unter 60 Jahre,Weiblich,,,,823.0
2016,Je 100 000 Einwohner/-innen,Opfergefährdungszahl nicht-sexueller Belästigung,21 bis unter 60 Jahre,Weiblich,,,,788.0
2017,Je 100 000 Einwohner/-innen,Opfergefährdungszahl nicht-sexueller Belästigung,21 bis unter 60 Jahre,Weiblich,r,,,791.0
2018,Je 100 000 Einwohner/-innen,Opfergefährdungszahl nicht-sexueller Belästigung,21 bis unter 60 Jahre,Weiblich,r,,,792.0
2019,Je 100 000 Einwohner/-innen,Opfergefährdungszahl nicht-sexueller Belästigung,21 bis unter 60 Jahre,Weiblich,r,,,834.0
2020,Je 100 000 Einwohner/-innen,Opfergefährdungszahl nicht-sexueller Belästigung,21 bis unter 60 Jahre,Weiblich,r,,,845.0
2021,Je 100 000 Einwohner/-innen,Opfergefährdungszahl nicht-sexueller Belästigung,21 bis unter 60 Jahre,Weiblich,r,,,906.0
2022,Je 100 000 Einwohner/-innen,Opfergefährdungszahl nicht-sexueller Belästigung,21 bis unter 60 Jahre,Weiblich,r,,,1023.0
2023,Je 100 000 Einwohner/-innen,Opfergefährdungszahl nicht-sexueller Belästigung,21 bis unter 60 Jahre,Weiblich,r,,,1144.0
2024,Je 100 000 Einwohner/-innen,Opfergefährdungszahl nicht-sexueller Belästigung,21 bis unter 60 Jahre,Weiblich,,,,1131.0
2010,Je 100 000 Einwohner/-innen,Opfergefährdungszahl nicht-sexueller Belästigung,21 bis unter 60 Jahre,Männlich,,,,674.0
2011,Je 100 000 Einwohner/-innen,Opfergefährdungszahl nicht-sexueller Belästigung,21 bis unter 60 Jahre,Männlich,,,,615.0
2012,Je 100 000 Einwohner/-innen,Opfergefährdungszahl nicht-sexueller Belästigung,21 bis unter 60 Jahre,Männlich,,,,590.0
2013,Je 100 000 Einwohner/-innen,Opfergefährdungszahl nicht-sexueller Belästigung,21 bis unter 60 Jahre,Männlich,,,,538.0
2014,Je 100 000 Einwohner/-innen,Opfergefährdungszahl nicht-sexueller Belästigung,21 bis unter 60 Jahre,Männlich,,,,511.0
2015,Je 100 000 Einwohner/-innen,Opfergefährdungszahl nicht-sexueller Belästigung,21 bis unter 60 Jahre,Männlich,,,,446.0
2016,Je 100 000 Einwohner/-innen,Opfergefährdungszahl nicht-sexueller Belästigung,21 bis unter 60 Jahre,Männlich,,,,463.0
2017,Je 100 000 Einwohner/-innen,Opfergefährdungszahl nicht-sexueller Belästigung,21 bis unter 60 Jahre,Männlich,r,,,392.0
2018,Je 100 000 Einwohner/-innen,Opfergefährdungszahl nicht-sexueller Belästigung,21 bis unter 60 Jahre,Männlich,r,,,459.0
2019,Je 100 000 Einwohner/-innen,Opfergefährdungszahl nicht-sexueller Belästigung,21 bis unter 60 Jahre,Männlich,r,,,432.0
2020,Je 100 000 Einwohner/-innen,Opfergefährdungszahl nicht-sexueller Belästigung,21 bis unter 60 Jahre,Männlich,r,,,443.0
2021,Je 100 000 Einwohner/-innen,Opfergefährdungszahl nicht-sexueller Belästigung,21 bis unter 60 Jahre,Männlich,r,,,517.0
2022,Je 100 000 Einwohner/-innen,Opfergefährdungszahl nicht-sexueller Belästigung,21 bis unter 60 Jahre,Männlich,r,,,531.0
2023,Je 100 000 Einwohner/-innen,Opfergefährdungszahl nicht-sexueller Belästigung,21 bis unter 60 Jahre,Männlich,r,,,613.0
2024,Je 100 000 Einwohner/-innen,Opfergefährdungszahl nicht-sexueller Belästigung,21 bis unter 60 Jahre,Männlich,,,,640.0
2010,Je 100 000 Einwohner/-innen,Opfergefährdungszahl nicht-sexueller Belästigung,60 Jahre und älter,,,,,7523.0
2011,Je 100 000 Einwohner/-innen,Opfergefährdungszahl nicht-sexueller Belästigung,60 Jahre und älter,,,,,8011.0
2012,Je 100 000 Einwohner/-innen,Opfergefährdungszahl nicht-sexueller Belästigung,60 Jahre und älter,,,,,8306.0
2013,Je 100 000 Einwohner/-innen,Opfergefährdungszahl nicht-sexueller Belästigung,60 Jahre und älter,,,,,8161.0
2014,Je 100 000 Einwohner/-innen,Opfergefährdungszahl nicht-sexueller Belästigung,60 Jahre und älter,,,,,8356.0
2015,Je 100 000 Einwohner/-innen,Opfergefährdungszahl nicht-sexueller Belästigung,60 Jahre und älter,,,,,8262.0
2016,Je 100 000 Einwohner/-innen,Opfergefährdungszahl nicht-sexueller Belästigung,60 Jahre und älter,,,,,8599.0
2017,Je 100 000 Einwohner/-innen,Opfergefährdungszahl nicht-sexueller Belästigung,60 Jahre und älter,,r,,,8350.0
2018,Je 100 000 Einwohner/-innen,Opfergefährdungszahl nicht-sexueller Belästigung,60 Jahre und älter,,r,,,8817.0
2019,Je 100 000 Einwohner/-innen,Opfergefährdungszahl nicht-sexueller Belästigung,60 Jahre und älter,,r,,,8031.0
2020,Je 100 000 Einwohner/-innen,Opfergefährdungszahl nicht-sexueller Belästigung,60 Jahre und älter,,r,,,9319.0
2021,Je 100 000 Einwohner/-innen,Opfergefährdungszahl nicht-sexueller Belästigung,60 Jahre und älter,,|,r,,9035.0
2022,Je 100 000 Einwohner/-innen,Opfergefährdungszahl nicht-sexueller Belästigung,60 Jahre und älter,,r,,,9640.0
2023,Je 100 000 Einwohner/-innen,Opfergefährdungszahl nicht-sexueller Belästigung,60 Jahre und älter,,r,,,10166.0
2024,Je 100 000 Einwohner/-innen,Opfergefährdungszahl nicht-sexueller Belästigung,60 Jahre und älter,,,,,10773.0
2010,Je 100 000 Einwohner/-innen,Opfergefährdungszahl nicht-sexueller Belästigung,60 Jahre und älter,Weiblich,,,,6624.0
2011,Je 100 000 Einwohner/-innen,Opfergefährdungszahl nicht-sexueller Belästigung,60 Jahre und älter,Weiblich,,,,7050.0
2012,Je 100 000 Einwohner/-innen,Opfergefährdungszahl nicht-sexueller Belästigung,60 Jahre und älter,Weiblich,,,,7400.0
2013,Je 100 000 Einwohner/-innen,Opfergefährdungszahl nicht-sexueller Belästigung,60 Jahre und älter,Weiblich,,,,7269.0
2014,Je 100 000 Einwohner/-innen,Opfergefährdungszahl nicht-sexueller Belästigung,60 Jahre und älter,Weiblich,,,,7381.0
2015,Je 100 000 Einwohner/-innen,Opfergefährdungszahl nicht-sexueller Belästigung,60 Jahre und älter,Weiblich,,,,7296.0
2016,Je 100 000 Einwohner/-innen,Opfergefährdungszahl nicht-sexueller Belästigung,60 Jahre und älter,Weiblich,,,,7525.0
2017,Je 100 000 Einwohner/-innen,Opfergefährdungszahl nicht-sexueller Belästigung,60 Jahre und älter,Weiblich,r,,,7273.0
2018,Je 100 000 Einwohner/-innen,Opfergefährdungszahl nicht-sexueller Belästigung,60 Jahre und älter,Weiblich,r,,,7628.0
2019,Je 100 000 Einwohner/-innen,Opfergefährdungszahl nicht-sexueller Belästigung,60 Jahre und älter,Weiblich,r,,,6840.0
2020,Je 100 000 Einwohner/-innen,Opfergefährdungszahl nicht-sexueller Belästigung,60 Jahre und älter,Weiblich,r,,,7967.0
2021,Je 100 000 Einwohner/-innen,Opfergefährdungszahl nicht-sexueller Belästigung,60 Jahre und älter,Weiblich,|,r,,7673.0
2022,Je 100 000 Einwohner/-innen,Opfergefährdungszahl nicht-sexueller Belästigung,60 Jahre und älter,Weiblich,r,,,8152.0
2023,Je 100 000 Einwohner/-innen,Opfergefährdungszahl nicht-sexueller Belästigung,60 Jahre und älter,Weiblich,r,,,8451.0
2024,Je 100 000 Einwohner/-innen,Opfergefährdungszahl nicht-sexueller Belästigung,60 Jahre und älter,Weiblich,,,,8839.0
2010,Je 100 000 Einwohner/-innen,Opfergefährdungszahl nicht-sexueller Belästigung,60 Jahre und älter,Männlich,,,,899.0
2011,Je 100 000 Einwohner/-innen,Opfergefährdungszahl nicht-sexueller Belästigung,60 Jahre und älter,Männlich,,,,961.0
2012,Je 100 000 Einwohner/-innen,Opfergefährdungszahl nicht-sexueller Belästigung,60 Jahre und älter,Männlich,,,,906.0
2013,Je 100 000 Einwohner/-innen,Opfergefährdungszahl nicht-sexueller Belästigung,60 Jahre und älter,Männlich,,,,892.0
2014,Je 100 000 Einwohner/-innen,Opfergefährdungszahl nicht-sexueller Belästigung,60 Jahre und älter,Männlich,,,,975.0
2015,Je 100 000 Einwohner/-innen,Opfergefährdungszahl nicht-sexueller Belästigung,60 Jahre und älter,Männlich,,,,966.0
2016,Je 100 000 Einwohner/-innen,Opfergefährdungszahl nicht-sexueller Belästigung,60 Jahre und älter,Männlich,,,,1074.0
2017,Je 100 000 Einwohner/-innen,Opfergefährdungszahl nicht-sexueller Belästigung,60 Jahre und älter,Männlich,r,,,1077.0
2018,Je 100 000 Einwohner/-innen,Opfergefährdungszahl nicht-sexueller Belästigung,60 Jahre und älter,Männlich,r,,,1189.0
2019,Je 100 000 Einwohner/-innen,Opfergefährdungszahl nicht-sexueller Belästigung,60 Jahre und älter,Männlich,r,,,1191.0
2020,Je 100 000 Einwohner/-innen,Opfergefährdungszahl nicht-sexueller Belästigung,60 Jahre und älter,Männlich,r,,,1352.0
2021,Je 100 000 Einwohner/-innen,Opfergefährdungszahl nicht-sexueller Belästigung,60 Jahre und älter,Männlich,|,r,,1362.0
2022,Je 100 000 Einwohner/-innen,Opfergefährdungszahl nicht-sexueller Belästigung,60 Jahre und älter,Männlich,r,,,1488.0
2023,Je 100 000 Einwohner/-innen,Opfergefährdungszahl nicht-sexueller Belästigung,60 Jahre und älter,Männlich,r,,,1715.0
2024,Je 100 000 Einwohner/-innen,Opfergefährdungszahl nicht-sexueller Belästigung,60 Jahre und älter,Männlich,,,,1934.0
2010,Je 100 000 Einwohner/-innen,Opfergefährdungszahl sexueller Belästigung,,,,,,0.0
2011,Je 100 000 Einwohner/-innen,Opfergefährdungszahl sexueller Belästigung,,,,,,0.0
2012,Je 100 000 Einwohner/-innen,Opfergefährdungszahl sexueller Belästigung,,,,,,0.0
2013,Je 100 000 Einwohner/-innen,Opfergefährdungszahl sexueller Belästigung,,,,,,0.0
2014,Je 100 000 Einwohner/-innen,Opfergefährdungszahl sexueller Belästigung,,,,,,0.0
2015,Je 100 000 Einwohner/-innen,Opfergefährdungszahl sexueller Belästigung,,,,,,0.0
2016,Je 100 000 Einwohner/-innen,Opfergefährdungszahl sexueller Belästigung,,,,,,0.0
2017,Je 100 000 Einwohner/-innen,Opfergefährdungszahl sexueller Belästigung,,,r,,,0.0
2018,Je 100 000 Einwohner/-innen,Opfergefährdungszahl sexueller Belästigung,,,r,,,0.0
2019,Je 100 000 Einwohner/-innen,Opfergefährdungszahl sexueller Belästigung,,,r,,,0.0
2020,Je 100 000 Einwohner/-innen,Opfergefährdungszahl sexueller Belästigung,,,r,,,0.0
2021,Je 100 000 Einwohner/-innen,Opfergefährdungszahl sexueller Belästigung,,,|,r,,47.0
2022,Je 100 000 Einwohner/-innen,Opfergefährdungszahl sexueller Belästigung,,,r,,,144.0
2023,Je 100 000 Einwohner/-innen,Opfergefährdungszahl sexueller Belästigung,,,r,,,130.0
2024,Je 100 000 Einwohner/-innen,Opfergefährdungszahl sexueller Belästigung,,,,,,140.0
2010,Je 100 000 Einwohner/-innen,Opfergefährdungszahl sexueller Belästigung,,Weiblich,,,,0.0
2011,Je 100 000 Einwohner/-innen,Opfergefährdungszahl sexueller Belästigung,,Weiblich,,,,0.0
2012,Je 100 000 Einwohner/-innen,Opfergefährdungszahl sexueller Belästigung,,Weiblich,,,,0.0
2013,Je 100 000 Einwohner/-innen,Opfergefährdungszahl sexueller Belästigung,,Weiblich,,,,0.0
2014,Je 100 000 Einwohner/-innen,Opfergefährdungszahl sexueller Belästigung,,Weiblich,,,,0.0
2015,Je 100 000 Einwohner/-innen,Opfergefährdungszahl sexueller Belästigung,,Weiblich,,,,0.0
2016,Je 100 000 Einwohner/-innen,Opfergefährdungszahl sexueller Belästigung,,Weiblich,,,,0.0
2017,Je 100 000 Einwohner/-innen,Opfergefährdungszahl sexueller Belästigung,,Weiblich,r,,,0.0
2018,Je 100 000 Einwohner/-innen,Opfergefährdungszahl sexueller Belästigung,,Weiblich,r,,,0.0
2019,Je 100 000 Einwohner/-innen,Opfergefährdungszahl sexueller Belästigung,,Weiblich,r,,,0.0
2020,Je 100 000 Einwohner/-innen,Opfergefährdungszahl sexueller Belästigung,,Weiblich,r,,,0.0
2021,Je 100 000 Einwohner/-innen,Opfergefährdungszahl sexueller Belästigung,,Weiblich,|,r,,32.0
2022,Je 100 000 Einwohner/-innen,Opfergefährdungszahl sexueller Belästigung,,Weiblich,r,,,118.0
2023,Je 100 000 Einwohner/-innen,Opfergefährdungszahl sexueller Belästigung,,Weiblich,r,,,107.0
2024,Je 100 000 Einwohner/-innen,Opfergefährdungszahl sexueller Belästigung,,Weiblich,,,,91.0
2010,Je 100 000 Einwohner/-innen,Opfergefährdungszahl sexueller Belästigung,,Männlich,,,,0.0
2011,Je 100 000 Einwohner/-innen,Opfergefährdungszahl sexueller Belästigung,,Männlich,,,,0.0
2012,Je 100 000 Einwohner/-innen,Opfergefährdungszahl sexueller Belästigung,,Männlich,,,,0.0
2013,Je 100 000 Einwohner/-innen,Opfergefährdungszahl sexueller Belästigung,,Männlich,,,,0.0
2014,Je 100 000 Einwohner/-innen,Opfergefährdungszahl sexueller Belästigung,,Männlich,,,,0.0
2015,Je 100 000 Einwohner/-innen,Opfergefährdungszahl sexueller Belästigung,,Männlich,,,,0.0
2016,Je 100 000 Einwohner/-innen,Opfergefährdungszahl sexueller Belästigung,,Männlich,,,,0.0
2017,Je 100 000 Einwohner/-innen,Opfergefährdungszahl sexueller Belästigung,,Männlich,r,,,0.0
2018,Je 100 000 Einwohner/-innen,Opfergefährdungszahl sexueller Belästigung,,Männlich,r,,,0.0
2019,Je 100 000 Einwohner/-innen,Opfergefährdungszahl sexueller Belästigung,,Männlich,r,,,0.0
2020,Je 100 000 Einwohner/-innen,Opfergefährdungszahl sexueller Belästigung,,Männlich,r,,,0.0
2021,Je 100 000 Einwohner/-innen,Opfergefährdungszahl sexueller Belästigung,,Männlich,|,r,,15.0
2022,Je 100 000 Einwohner/-innen,Opfergefährdungszahl sexueller Belästigung,,Männlich,r,,,26.0
2023,Je 100 000 Einwohner/-innen,Opfergefährdungszahl sexueller Belästigung,,Männlich,r,,,23.0
2024,Je 100 000 Einwohner/-innen,Opfergefährdungszahl sexueller Belästigung,,Männlich,,,,49.0
2010,Je 100 000 Einwohner/-innen,Opfergefährdungszahl sexueller Belästigung,13 Jahre und jünger,,,,,1267.0
2011,Je 100 000 Einwohner/-innen,Opfergefährdungszahl sexueller Belästigung,13 Jahre und jünger,,,,,1362.0
2012,Je 100 000 Einwohner/-innen,Opfergefährdungszahl sexueller Belästigung,13 Jahre und jünger,,,,,1356.0
2013,Je 100 000 Einwohner/-innen,Opfergefährdungszahl sexueller Belästigung,13 Jahre und jünger,,,,,1384.0
2014,Je 100 000 Einwohner/-innen,Opfergefährdungszahl sexueller Belästigung,13 Jahre und jünger,,,,,1368.0
2015,Je 100 000 Einwohner/-innen,Opfergefährdungszahl sexueller Belästigung,13 Jahre und jünger,,,,,1245.0
2016,Je 100 000 Einwohner/-innen,Opfergefährdungszahl sexueller Belästigung,13 Jahre und jünger,,,,,1149.0
2017,Je 100 000 Einwohner/-innen,Opfergefährdungszahl sexueller Belästigung,13 Jahre und jünger,,r,,,1104.0
2018,Je 100 000 Einwohner/-innen,Opfergefährdungszahl sexueller Belästigung,13 Jahre und jünger,,r,,,1110.0
2019,Je 100 000 Einwohner/-innen,Opfergefährdungszahl sexueller Belästigung,13 Jahre und jünger,,r,,,931.0
2020,Je 100 000 Einwohner/-innen,Opfergefährdungszahl sexueller Belästigung,13 Jahre und jünger,,r,,,1067.0
2021,Je 100 000 Einwohner/-innen,Opfergefährdungszahl sexueller Belästigung,13 Jahre und jünger,,|,r,,1070.0
2022,Je 100 000 Einwohner/-innen,Opfergefährdungszahl sexueller Belästigung,13 Jahre und jünger,,r,,,1243.0
2023,Je 100 000 Einwohner/-innen,Opfergefährdungszahl sexueller Belästigung,13 Jahre und jünger,,r,,,1208.0
2024,Je 100 000 Einwohner/-innen,Opfergefährdungszahl sexueller Belästigung,13 Jahre und jünger,,,,,1367.0
2010,Je 100 000 Einwohner/-innen,Opfergefährdungszahl sexueller Belästigung,13 Jahre und jünger,Weiblich,,,,1112.0
2011,Je 100 000 Einwohner/-innen,Opfergefährdungszahl sexueller Belästigung,13 Jahre und jünger,Weiblich,,,,1217.0
2012,Je 100 000 Einwohner/-innen,Opfergefährdungszahl sexueller Belästigung,13 Jahre und jünger,Weiblich,,,,1221.0
2013,Je 100 000 Einwohner/-innen,Opfergefährdungszahl sexueller Belästigung,13 Jahre und jünger,Weiblich,,,,1235.0
2014,Je 100 000 Einwohner/-innen,Opfergefährdungszahl sexueller Belästigung,13 Jahre und jünger,Weiblich,,,,1228.0
2015,Je 100 000 Einwohner/-innen,Opfergefährdungszahl sexueller Belästigung,13 Jahre und jünger,Weiblich,,,,1151.0
2016,Je 100 000 Einwohner/-innen,Opfergefährdungszahl sexueller Belästigung,13 Jahre und jünger,Weiblich,,,,1024.0
2017,Je 100 000 Einwohner/-innen,Opfergefährdungszahl sexueller Belästigung,13 Jahre und jünger,Weiblich,r,,,955.0
2018,Je 100 000 Einwohner/-innen,Opfergefährdungszahl sexueller Belästigung,13 Jahre und jünger,Weiblich,r,,,958.0
2019,Je 100 000 Einwohner/-innen,Opfergefährdungszahl sexueller Belästigung,13 Jahre und jünger,Weiblich,r,,,811.0
2020,Je 100 000 Einwohner/-innen,Opfergefährdungszahl sexueller Belästigung,13 Jahre und jünger,Weiblich,r,,,928.0
2021,Je 100 000 Einwohner/-innen,Opfergefährdungszahl sexueller Belästigung,13 Jahre und jünger,Weiblich,|,r,,936.0
2022,Je 100 000 Einwohner/-innen,Opfergefährdungszahl sexueller Belästigung,13 Jahre und jünger,Weiblich,r,,,1076.0
2023,Je 100 000 Einwohner/-innen,Opfergefährdungszahl sexueller Belästigung,13 Jahre und jünger,Weiblich,r,,,1022.0
2024,Je 100 000 Einwohner/-innen,Opfergefährdungszahl sexueller Belästigung,13 Jahre und jünger,Weiblich,,,,1152.0
2010,Je 100 000 Einwohner/-innen,Opfergefährdungszahl sexueller Belästigung,13 Jahre und jünger,Männlich,,,,155.0
2011,Je 100 000 Einwohner/-innen,Opfergefährdungszahl sexueller Belästigung,13 Jahre und jünger,Männlich,,,,145.0
2012,Je 100 000 Einwohner/-innen,Opfergefährdungszahl sexueller Belästigung,13 Jahre und jünger,Männlich,,,,135.0
2013,Je 100 000 Einwohner/-innen,Opfergefährdungszahl sexueller Belästigung,13 Jahre und jünger,Männlich,,,,149.0
2014,Je 100 000 Einwohner/-innen,Opfergefährdungszahl sexueller Belästigung,13 Jahre und jünger,Männlich,,,,140.0
2015,Je 100 000 Einwohner/-innen,Opfergefährdungszahl sexueller Belästigung,13 Jahre und jünger,Männlich,,,,94.0
2016,Je 100 000 Einwohner/-innen,Opfergefährdungszahl sexueller Belästigung,13 Jahre und jünger,Männlich,,,,125.0
2017,Je 100 000 Einwohner/-innen,Opfergefährdungszahl sexueller Belästigung,13 Jahre und jünger,Männlich,r,,,149.0
2018,Je 100 000 Einwohner/-innen,Opfergefährdungszahl sexueller Belästigung,13 Jahre und jünger,Männlich,r,,,152.0
2019,Je 100 000 Einwohner/-innen,Opfergefährdungszahl sexueller Belästigung,13 Jahre und jünger,Männlich,r,,,120.0
2020,Je 100 000 Einwohner/-innen,Opfergefährdungszahl sexueller Belästigung,13 Jahre und jünger,Männlich,r,,,139.0
2021,Je 100 000 Einwohner/-innen,Opfergefährdungszahl sexueller Belästigung,13 Jahre und jünger,Männlich,|,r,,134.0
2022,Je 100 000 Einwohner/-innen,Opfergefährdungszahl sexueller Belästigung,13 Jahre und jünger,Männlich,r,,,167.0
2023,Je 100 000 Einwohner/-innen,Opfergefährdungszahl sexueller Belästigung,13 Jahre und jünger,Männlich,r,,,186.0
2024,Je 100 000 Einwohner/-innen,Opfergefährdungszahl sexueller Belästigung,13 Jahre und jünger,Männlich,,,,215.0
2010,Je 100 000 Einwohner/-innen,Opfergefährdungszahl sexueller Belästigung,14 bis unter 18 Jahre,,,,,796.0
2011,Je 100 000 Einwohner/-innen,Opfergefährdungszahl sexueller Belästigung,14 bis unter 18 Jahre,,,,,811.0
2012,Je 100 000 Einwohner/-innen,Opfergefährdungszahl sexueller Belästigung,14 bis unter 18 Jahre,,,,,808.0
2013,Je 100 000 Einwohner/-innen,Opfergefährdungszahl sexueller Belästigung,14 bis unter 18 Jahre,,,,,752.0
2014,Je 100 000 Einwohner/-innen,Opfergefährdungszahl sexueller Belästigung,14 bis unter 18 Jahre,,,,,809.0
2015,Je 100 000 Einwohner/-innen,Opfergefährdungszahl sexueller Belästigung,14 bis unter 18 Jahre,,,,,803.0
2016,Je 100 000 Einwohner/-innen,Opfergefährdungszahl sexueller Belästigung,14 bis unter 18 Jahre,,,,,776.0
2017,Je 100 000 Einwohner/-innen,Opfergefährdungszahl sexueller Belästigung,14 bis unter 18 Jahre,,r,,,931.0
2018,Je 100 000 Einwohner/-innen,Opfergefährdungszahl sexueller Belästigung,14 bis unter 18 Jahre,,r,,,878.0
2019,Je 100 000 Einwohner/-innen,Opfergefährdungszahl sexueller Belästigung,14 bis unter 18 Jahre,,r,,,725.0
2020,Je 100 000 Einwohner/-innen,Opfergefährdungszahl sexueller Belästigung,14 bis unter 18 Jahre,,r,,,969.0
2021,Je 100 000 Einwohner/-innen,Opfergefährdungszahl sexueller Belästigung,14 bis unter 18 Jahre,,|,r,,883.0
2022,Je 100 000 Einwohner/-innen,Opfergefährdungszahl sexueller Belästigung,14 bis unter 18 Jahre,,r,,,925.0
2023,Je 100 000 Einwohner/-innen,Opfergefährdungszahl sexueller Belästigung,14 bis unter 18 Jahre,,r,,,934.0
2024,Je 100 000 Einwohner/-innen,Opfergefährdungszahl sexueller Belästigung,14 bis unter 18 Jahre,,,,,1040.0
2010,Je 100 000 Einwohner/-innen,Opfergefährdungszahl sexueller Belästigung,14 bis unter 18 Jahre,Weiblich,,,,728.0
2011,Je 100 000 Einwohner/-innen,Opfergefährdungszahl sexueller Belästigung,14 bis unter 18 Jahre,Weiblich,,,,747.0
2012,Je 100 000 Einwohner/-innen,Opfergefährdungszahl sexueller Belästigung,14 bis unter 18 Jahre,Weiblich,,,,752.0
2013,Je 100 000 Einwohner/-innen,Opfergefährdungszahl sexueller Belästigung,14 bis unter 18 Jahre,Weiblich,,,,694.0
2014,Je 100 000 Einwohner/-innen,Opfergefährdungszahl sexueller Belästigung,14 bis unter 18 Jahre,Weiblich,,,,754.0
2015,Je 100 000 Einwohner/-innen,Opfergefährdungszahl sexueller Belästigung,14 bis unter 18 Jahre,Weiblich,,,,740.0
2016,Je 100 000 Einwohner/-innen,Opfergefährdungszahl sexueller Belästigung,14 bis unter 18 Jahre,Weiblich,,,,702.0
2017,Je 100 000 Einwohner/-innen,Opfergefährdungszahl sexueller Belästigung,14 bis unter 18 Jahre,Weiblich,r,,,858.0
2018,Je 100 000 Einwohner/-innen,Opfergefährdungszahl sexueller Belästigung,14 bis unter 18 Jahre,Weiblich,r,,,783.0
2019,Je 100 000 Einwohner/-innen,Opfergefährdungszahl sexueller Belästigung,14 bis unter 18 Jahre,Weiblich,r,,,640.0
2020,Je 100 000 Einwohner/-innen,Opfergefährdungszahl sexueller Belästigung,14 bis unter 18 Jahre,Weiblich,r,,,876.0
2021,Je 100 000 Einwohner/-innen,Opfergefährdungszahl sexueller Belästigung,14 bis unter 18 Jahre,Weiblich,|,r,,789.0
2022,Je 100 000 Einwohner/-innen,Opfergefährdungszahl sexueller Belästigung,14 bis unter 18 Jahre,Weiblich,r,,,826.0
2023,Je 100 000 Einwohner/-innen,Opfergefährdungszahl sexueller Belästigung,14 bis unter 18 Jahre,Weiblich,r,,,825.0
2024,Je 100 000 Einwohner/-innen,Opfergefährdungszahl sexueller Belästigung,14 bis unter 18 Jahre,Weiblich,,,,901.0
2010,Je 100 000 Einwohner/-innen,Opfergefährdungszahl sexueller Belästigung,14 bis unter 18 Jahre,Männlich,,,,68.0
2011,Je 100 000 Einwohner/-innen,Opfergefährdungszahl sexueller Belästigung,14 bis unter 18 Jahre,Männlich,,,,64.0
2012,Je 100 000 Einwohner/-innen,Opfergefährdungszahl sexueller Belästigung,14 bis unter 18 Jahre,Männlich,,,,56.0
2013,Je 100 000 Einwohner/-innen,Opfergefährdungszahl sexueller Belästigung,14 bis unter 18 Jahre,Männlich,,,,58.0
2014,Je 100 000 Einwohner/-innen,Opfergefährdungszahl sexueller Belästigung,14 bis unter 18 Jahre,Männlich,,,,55.0
2015,Je 100 000 Einwohner/-innen,Opfergefährdungszahl sexueller Belästigung,14 bis unter 18 Jahre,Männlich,,,,63.0
2016,Je 100 000 Einwohner/-innen,Opfergefährdungszahl sexueller Belästigung,14 bis unter 18 Jahre,Männlich,,,,74.0
2017,Je 100 000 Einwohner/-innen,Opfergefährdungszahl sexueller Belästigung,14 bis unter 18 Jahre,Männlich,r,,,73.0
2018,Je 100 000 Einwohner/-innen,Opfergefährdungszahl sexueller Belästigung,14 bis unter 18 Jahre,Männlich,r,,,95.0
2019,Je 100 000 Einwohner/-innen,Opfergefährdungszahl sexueller Belästigung,14 bis unter 18 Jahre,Männlich,r,,,85.0
2020,Je 100 000 Einwohner/-innen,Opfergefährdungszahl sexueller Belästigung,14 bis unter 18 Jahre,Männlich,r,,,93.0
2021,Je 100 000 Einwohner/-innen,Opfergefährdungszahl sexueller Belästigung,14 bis unter 18 Jahre,Männlich,|,r,,94.0
2022,Je 100 000 Einwohner/-innen,Opfergefährdungszahl sexueller Belästigung,14 bis unter 18 Jahre,Männlich,r,,,99.0
2023,Je 100 000 Einwohner/-innen,Opfergefährdungszahl sexueller Belästigung,14 bis unter 18 Jahre,Männlich,r,,,109.0
2024,Je 100 000 Einwohner/-innen,Opfergefährdungszahl sexueller Belästigung,14 bis unter 18 Jahre,Männlich,,,,139.0
2010,Je 100 000 Einwohner/-innen,Opfergefährdungszahl sexueller Belästigung,18 bis unter 21 Jahre,,,,,4797.0
2011,Je 100 000 Einwohner/-innen,Opfergefährdungszahl sexueller Belästigung,18 bis unter 21 Jahre,,,,,5125.0
2012,Je 100 000 Einwohner/-innen,Opfergefährdungszahl sexueller Belästigung,18 bis unter 21 Jahre,,,,,5438.0
2013,Je 100 000 Einwohner/-innen,Opfergefährdungszahl sexueller Belästigung,18 bis unter 21 Jahre,,,,,5293.0
2014,Je 100 000 Einwohner/-innen,Opfergefährdungszahl sexueller Belästigung,18 bis unter 21 Jahre,,,,,5463.0
2015,Je 100 000 Einwohner/-innen,Opfergefährdungszahl sexueller Belästigung,18 bis unter 21 Jahre,,,,,5446.0
2016,Je 100 000 Einwohner/-innen,Opfergefährdungszahl sexueller Belästigung,18 bis unter 21 Jahre,,,,,5894.0
2017,Je 100 000 Einwohner/-innen,Opfergefährdungszahl sexueller Belästigung,18 bis unter 21 Jahre,,r,,,5565.0
2018,Je 100 000 Einwohner/-innen,Opfergefährdungszahl sexueller Belästigung,18 bis unter 21 Jahre,,r,,,6020.0
2019,Je 100 000 Einwohner/-innen,Opfergefährdungszahl sexueller Belästigung,18 bis unter 21 Jahre,,r,,,5637.0
2020,Je 100 000 Einwohner/-innen,Opfergefährdungszahl sexueller Belästigung,18 bis unter 21 Jahre,,r,,,6486.0
2021,Je 100 000 Einwohner/-innen,Opfergefährdungszahl sexueller Belästigung,18 bis unter 21 Jahre,,|,r,,6245.0
2022,Je 100 000 Einwohner/-innen,Opfergefährdungszahl sexueller Belästigung,18 bis unter 21 Jahre,,r,,,6542.0
2023,Je 100 000 Einwohner/-innen,Opfergefährdungszahl sexueller Belästigung,18 bis unter 21 Jahre,,r,,,6985.0
2024,Je 100 000 Einwohner/-innen,Opfergefährdungszahl sexueller Belästigung,18 bis unter 21 Jahre,,,,,7309.0
2010,Je 100 000 Einwohner/-innen,Opfergefährdungszahl sexueller Belästigung,18 bis unter 21 Jahre,Weiblich,,,,4192.0
2011,Je 100 000 Einwohner/-innen,Opfergefährdungszahl sexueller Belästigung,18 bis unter 21 Jahre,Weiblich,,,,4468.0
2012,Je 100 000 Einwohner/-innen,Opfergefährdungszahl sexueller Belästigung,18 bis unter 21 Jahre,Weiblich,,,,4801.0
2013,Je 100 000 Einwohner/-innen,Opfergefährdungszahl sexueller Belästigung,18 bis unter 21 Jahre,Weiblich,,,,4672.0
2014,Je 100 000 Einwohner/-innen,Opfergefährdungszahl sexueller Belästigung,18 bis unter 21 Jahre,Weiblich,,,,4761.0
2015,Je 100 000 Einwohner/-innen,Opfergefährdungszahl sexueller Belästigung,18 bis unter 21 Jahre,Weiblich,,,,4734.0
2016,Je 100 000 Einwohner/-innen,Opfergefährdungszahl sexueller Belästigung,18 bis unter 21 Jahre,Weiblich,,,,5097.0
2017,Je 100 000 Einwohner/-innen,Opfergefährdungszahl sexueller Belästigung,18 bis unter 21 Jahre,Weiblich,r,,,4802.0
2018,Je 100 000 Einwohner/-innen,Opfergefährdungszahl sexueller Belästigung,18 bis unter 21 Jahre,Weiblich,r,,,5198.0
2019,Je 100 000 Einwohner/-innen,Opfergefährdungszahl sexueller Belästigung,18 bis unter 21 Jahre,Weiblich,r,,,4727.0
2020,Je 100 000 Einwohner/-innen,Opfergefährdungszahl sexueller Belästigung,18 bis unter 21 Jahre,Weiblich,r,,,5487.0
2021,Je 100 000 Einwohner/-innen,Opfergefährdungszahl sexueller Belästigung,18 bis unter 21 Jahre,Weiblich,|,r,,5227.0
2022,Je 100 000 Einwohner/-innen,Opfergefährdungszahl sexueller Belästigung,18 bis unter 21 Jahre,Weiblich,r,,,5461.0
2023,Je 100 000 Einwohner/-innen,Opfergefährdungszahl sexueller Belästigung,18 bis unter 21 Jahre,Weiblich,r,,,5753.0
2024,Je 100 000 Einwohner/-innen,Opfergefährdungszahl sexueller Belästigung,18 bis unter 21 Jahre,Weiblich,,,,5948.0
2010,Je 100 000 Einwohner/-innen,Opfergefährdungszahl sexueller Belästigung,18 bis unter 21 Jahre,Männlich,,,,605.0
2011,Je 100 000 Einwohner/-innen,Opfergefährdungszahl sexueller Belästigung,18 bis unter 21 Jahre,Männlich,,,,657.0
2012,Je 100 000 Einwohner/-innen,Opfergefährdungszahl sexueller Belästigung,18 bis unter 21 Jahre,Männlich,,,,637.0
2013,Je 100 000 Einwohner/-innen,Opfergefährdungszahl sexueller Belästigung,18 bis unter 21 Jahre,Männlich,,,,621.0
2014,Je 100 000 Einwohner/-innen,Opfergefährdungszahl sexueller Belästigung,18 bis unter 21 Jahre,Männlich,,,,702.0
2015,Je 100 000 Einwohner/-innen,Opfergefährdungszahl sexueller Belästigung,18 bis unter 21 Jahre,Männlich,,,,712.0
2016,Je 100 000 Einwohner/-innen,Opfergefährdungszahl sexueller Belästigung,18 bis unter 21 Jahre,Männlich,,,,797.0
2017,Je 100 000 Einwohner/-innen,Opfergefährdungszahl sexueller Belästigung,18 bis unter 21 Jahre,Männlich,r,,,763.0
2018,Je 100 000 Einwohner/-innen,Opfergefährdungszahl sexueller Belästigung,18 bis unter 21 Jahre,Männlich,r,,,822.0
2019,Je 100 000 Einwohner/-innen,Opfergefährdungszahl sexueller Belästigung,18 bis unter 21 Jahre,Männlich,r,,,910.0
2020,Je 100 000 Einwohner/-innen,Opfergefährdungszahl sexueller Belästigung,18 bis unter 21 Jahre,Männlich,r,,,999.0
2021,Je 100 000 Einwohner/-innen,Opfergefährdungszahl sexueller Belästigung,18 bis unter 21 Jahre,Männlich,|,r,,1018.0
2022,Je 100 000 Einwohner/-innen,Opfergefährdungszahl sexueller Belästigung,18 bis unter 21 Jahre,Männlich,r,,,1081.0
2023,Je 100 000 Einwohner/-innen,Opfergefährdungszahl sexueller Belästigung,18 bis unter 21 Jahre,Männlich,r,,,1232.0
2024,Je 100 000 Einwohner/-innen,Opfergefährdungszahl sexueller Belästigung,18 bis unter 21 Jahre,Männlich,,,,1361.0
2010,Je 100 000 Einwohner/-innen,Opfergefährdungszahl sexueller Belästigung,21 bis unter 60 Jahre,,,,,663.0
2011,Je 100 000 Einwohner/-innen,Opfergefährdungszahl sexueller Belästigung,21 bis unter 60 Jahre,,,,,713.0
2012,Je 100 000 Einwohner/-innen,Opfergefährdungszahl sexueller Belästigung,21 bis unter 60 Jahre,,,,,704.0
2013,Je 100 000 Einwohner/-innen,Opfergefährdungszahl sexueller Belästigung,21 bis unter 60 Jahre,,,,,732.0
2014,Je 100 000 Einwohner/-innen,Opfergefährdungszahl sexueller Belästigung,21 bis unter 60 Jahre,,,,,716.0
2015,Je 100 000 Einwohner/-innen,Opfergefährdungszahl sexueller Belästigung,21 bis unter 60 Jahre,,,,,768.0
2016,Je 100 000 Einwohner/-innen,Opfergefährdungszahl sexueller Belästigung,21 bis unter 60 Jahre,,,,,780.0
2017,Je 100 000 Einwohner/-innen,Opfergefährdungszahl sexueller Belästigung,21 bis unter 60 Jahre,,r,,,750.0
2018,Je 100 000 Einwohner/-innen,Opfergefährdungszahl sexueller Belästigung,21 bis unter 60 Jahre,,r,,,809.0
2019,Je 100 000 Einwohner/-innen,Opfergefährdungszahl sexueller Belästigung,21 bis unter 60 Jahre,,r,,,738.0
2020,Je 100 000 Einwohner/-innen,Opfergefährdungszahl sexueller Belästigung,21 bis unter 60 Jahre,,r,,,797.0
2021,Je 100 000 Einwohner/-innen,Opfergefährdungszahl sexueller Belästigung,21 bis unter 60 Jahre,,|,r,,790.0
2022,Je 100 000 Einwohner/-innen,Opfergefährdungszahl sexueller Belästigung,21 bis unter 60 Jahre,,r,,,786.0
2023,Je 100 000 Einwohner/-innen,Opfergefährdungszahl sexueller Belästigung,21 bis unter 60 Jahre,,r,,,909.0
2024,Je 100 000 Einwohner/-innen,Opfergefährdungszahl sexueller Belästigung,21 bis unter 60 Jahre,,,,,917.0
2010,Je 100 000 Einwohner/-innen,Opfergefährdungszahl sexueller Belästigung,21 bis unter 60 Jahre,Weiblich,,,,592.0
2011,Je 100 000 Einwohner/-innen,Opfergefährdungszahl sexueller Belästigung,21 bis unter 60 Jahre,Weiblich,,,,618.0
2012,Je 100 000 Einwohner/-innen,Opfergefährdungszahl sexueller Belästigung,21 bis unter 60 Jahre,Weiblich,,,,626.0
2013,Je 100 000 Einwohner/-innen,Opfergefährdungszahl sexueller Belästigung,21 bis unter 60 Jahre,Weiblich,,,,668.0
2014,Je 100 000 Einwohner/-innen,Opfergefährdungszahl sexueller Belästigung,21 bis unter 60 Jahre,Weiblich,,,,638.0
2015,Je 100 000 Einwohner/-innen,Opfergefährdungszahl sexueller Belästigung,21 bis unter 60 Jahre,Weiblich,,,,671.0
2016,Je 100 000 Einwohner/-innen,Opfergefährdungszahl sexueller Belästigung,21 bis unter 60 Jahre,Weiblich,,,,702.0
2017,Je 100 000 Einwohner/-innen,Opfergefährdungszahl sexueller Belästigung,21 bis unter 60 Jahre,Weiblich,r,,,658.0
2018,Je 100 000 Einwohner/-innen,Opfergefährdungszahl sexueller Belästigung,21 bis unter 60 Jahre,Weiblich,r,,,689.0
2019,Je 100 000 Einwohner/-innen,Opfergefährdungszahl sexueller Belästigung,21 bis unter 60 Jahre,Weiblich,r,,,662.0
2020,Je 100 000 Einwohner/-innen,Opfergefährdungszahl sexueller Belästigung,21 bis unter 60 Jahre,Weiblich,r,,,676.0
2021,Je 100 000 Einwohner/-innen,Opfergefährdungszahl sexueller Belästigung,21 bis unter 60 Jahre,Weiblich,|,r,,689.0
2022,Je 100 000 Einwohner/-innen,Opfergefährdungszahl sexueller Belästigung,21 bis unter 60 Jahre,Weiblich,r,,,671.0
2023,Je 100 000 Einwohner/-innen,Opfergefährdungszahl sexueller Belästigung,21 bis unter 60 Jahre,Weiblich,r,,,744.0
2024,Je 100 000 Einwohner/-innen,Opfergefährdungszahl sexueller Belästigung,21 bis unter 60 Jahre,Weiblich,,,,747.0
2010,Je 100 000 Einwohner/-innen,Opfergefährdungszahl sexueller Belästigung,21 bis unter 60 Jahre,Männlich,,,,71.0
2011,Je 100 000 Einwohner/-innen,Opfergefährdungszahl sexueller Belästigung,21 bis unter 60 Jahre,Männlich,,,,95.0
2012,Je 100 000 Einwohner/-innen,Opfergefährdungszahl sexueller Belästigung,21 bis unter 60 Jahre,Männlich,,,,78.0
2013,Je 100 000 Einwohner/-innen,Opfergefährdungszahl sexueller Belästigung,21 bis unter 60 Jahre,Männlich,,,,64.0
2014,Je 100 000 Einwohner/-innen,Opfergefährdungszahl sexueller Belästigung,21 bis unter 60 Jahre,Männlich,,,,78.0
2015,Je 100 000 Einwohner/-innen,Opfergefährdungszahl sexueller Belästigung,21 bis unter 60 Jahre,Männlich,,,,97.0
2016,Je 100 000 Einwohner/-innen,Opfergefährdungszahl sexueller Belästigung,21 bis unter 60 Jahre,Männlich,,,,78.0
2017,Je 100 000 Einwohner/-innen,Opfergefährdungszahl sexueller Belästigung,21 bis unter 60 Jahre,Männlich,r,,,92.0
2018,Je 100 000 Einwohner/-innen,Opfergefährdungszahl sexueller Belästigung,21 bis unter 60 Jahre,Männlich,r,,,120.0
2019,Je 100 000 Einwohner/-innen,Opfergefährdungszahl sexueller Belästigung,21 bis unter 60 Jahre,Männlich,r,,,76.0
2020,Je 100 000 Einwohner/-innen,Opfergefährdungszahl sexueller Belästigung,21 bis unter 60 Jahre,Männlich,r,,,121.0
2021,Je 100 000 Einwohner/-innen,Opfergefährdungszahl sexueller Belästigung,21 bis unter 60 Jahre,Männlich,|,r,,101.0
2022,Je 100 000 Einwohner/-innen,Opfergefährdungszahl sexueller Belästigung,21 bis unter 60 Jahre,Männlich,r,,,115.0
2023,Je 100 000 Einwohner/-innen,Opfergefährdungszahl sexueller Belästigung,21 bis unter 60 Jahre,Männlich,r,,,165.0
2024,Je 100 000 Einwohner/-innen,Opfergefährdungszahl sexueller Belästigung,21 bis unter 60 Jahre,Männlich,,,,170.0
2010,Je 100 000 Einwohner/-innen,Opfergefährdungszahl sexueller Belästigung,60 Jahre und älter,,,,,35.3
2011,Je 100 000 Einwohner/-innen,Opfergefährdungszahl sexueller Belästigung,60 Jahre und älter,,,,,32.9
2012,Je 100 000 Einwohner/-innen,Opfergefährdungszahl sexueller Belästigung,60 Jahre und älter,,,,,32.2
2013,Je 100 000 Einwohner/-innen,Opfergefährdungszahl sexueller Belästigung,60 Jahre und älter,,,,,31.7
2014,Je 100 000 Einwohner/-innen,Opfergefährdungszahl sexueller Belästigung,60 Jahre und älter,,,,,28.9
2015,Je 100 000 Einwohner/-innen,Opfergefährdungszahl sexueller Belästigung,60 Jahre und älter,,,,,25.9
2016,Je 100 000 Einwohner/-innen,Opfergefährdungszahl sexueller Belästigung,60 Jahre und älter,,,,,24.3
2017,Je 100 000 Einwohner/-innen,Opfergefährdungszahl sexueller Belästigung,60 Jahre und älter,,,,,23.9
2018,Je 100 000 Einwohner/-innen,Opfergefährdungszahl sexueller Belästigung,60 Jahre und älter,,,,,24.5
2019,Je 100 000 Einwohner/-innen,Opfergefährdungszahl sexueller Belästigung,60 Jahre und älter,,,,,24.3
2020,Je 100 000 Einwohner/-innen,Opfergefährdungszahl sexueller Belästigung,60 Jahre und älter,,,,,25.2
2021,Je 100 000 Einwohner/-innen,Opfergefährdungszahl sexueller Belästigung,60 Jahre und älter,,,,,26.6
2022,Je 100 000 Einwohner/-innen,Opfergefährdungszahl sexueller Belästigung,60 Jahre und älter,,,,,27.7
2023,Je 100 000 Einwohner/-innen,Opfergefährdungszahl sexueller Belästigung,60 Jahre und älter,,,,,29.8
2024,Je 100 000 Einwohner/-innen,Opfergefährdungszahl sexueller Belästigung,60 Jahre und älter,,|,,,32.0
2010,Je 100 000 Einwohner/-innen,Opfergefährdungszahl sexueller Belästigung,60 Jahre und älter,Weiblich,,,,54.9
2011,Je 100 000 Einwohner/-innen,Opfergefährdungszahl sexueller Belästigung,60 Jahre und älter,Weiblich,,,,51.4
2012,Je 100 000 Einwohner/-innen,Opfergefährdungszahl sexueller Belästigung,60 Jahre und älter,Weiblich,,,,51.0
2013,Je 100 000 Einwohner/-innen,Opfergefährdungszahl sexueller Belästigung,60 Jahre und älter,Weiblich,,,,49.7
2014,Je 100 000 Einwohner/-innen,Opfergefährdungszahl sexueller Belästigung,60 Jahre und älter,Weiblich,,,,45.3
2015,Je 100 000 Einwohner/-innen,Opfergefährdungszahl sexueller Belästigung,60 Jahre und älter,Weiblich,,,,41.0
2016,Je 100 000 Einwohner/-innen,Opfergefährdungszahl sexueller Belästigung,60 Jahre und älter,Weiblich,,,,38.7
2017,Je 100 000 Einwohner/-innen,Opfergefährdungszahl sexueller Belästigung,60 Jahre und älter,Weiblich,,,,38.3
2018,Je 100 000 Einwohner/-innen,Opfergefährdungszahl sexueller Belästigung,60 Jahre und älter,Weiblich,,,,39.2
2019,Je 100 000 Einwohner/-innen,Opfergefährdungszahl sexueller Belästigung,60 Jahre und älter,Weiblich,,,,39.1
2020,Je 100 000 Einwohner/-innen,Opfergefährdungszahl sexueller Belästigung,60 Jahre und älter,Weiblich,,,,40.3
2021,Je 100 000 Einwohner/-innen,Opfergefährdungszahl sexueller Belästigung,60 Jahre und älter,Weiblich,,,,42.0
2022,Je 100 000 Einwohner/-innen,Opfergefährdungszahl sexueller Belästigung,60 Jahre und älter,Weiblich,,,,44.2
2023,Je 100 000 Einwohner/-innen,Opfergefährdungszahl sexueller Belästigung,60 Jahre und älter,Weiblich,,,,46.9
2024,Je 100 000 Einwohner/-innen,Opfergefährdungszahl sexueller Belästigung,60 Jahre und älter,Weiblich,|,,,50.6
2010,Je 100 000 Einwohner/-innen,Opfergefährdungszahl sexueller Belästigung,60 Jahre und älter,Männlich,,,,14.9
2011,Je 100 000 Einwohner/-innen,Opfergefährdungszahl sexueller Belästigung,60 Jahre und älter,Männlich,,,,13.6
2012,Je 100 000 Einwohner/-innen,Opfergefährdungszahl sexueller Belästigung,60 Jahre und älter,Männlich,,,,12.8
2013,Je 100 000 Einwohner/-innen,Opfergefährdungszahl sexueller Belästigung,60 Jahre und älter,Männlich,,,,12.9
2014,Je 100 000 Einwohner/-innen,Opfergefährdungszahl sexueller Belästigung,60 Jahre und älter,Männlich,,,,11.7
2015,Je 100 000 Einwohner/-innen,Opfergefährdungszahl sexueller Belästigung,60 Jahre und älter,Männlich,,,,10.4
2016,Je 100 000 Einwohner/-innen,Opfergefährdungszahl sexueller Belästigung,60 Jahre und älter,Männlich,,,,9.5
2017,Je 100 000 Einwohner/-innen,Opfergefährdungszahl sexueller Belästigung,60 Jahre und älter,Männlich,,,,9.2
2018,Je 100 000 Einwohner/-innen,Opfergefährdungszahl sexueller Belästigung,60 Jahre und älter,Männlich,,,,9.4
2019,Je 100 000 Einwohner/-innen,Opfergefährdungszahl sexueller Belästigung,60 Jahre und älter,Männlich,,,,9.2
2020,Je 100 000 Einwohner/-innen,Opfergefährdungszahl sexueller Belästigung,60 Jahre und älter,Männlich,,,,9.8
2021,Je 100 000 Einwohner/-innen,Opfergefährdungszahl sexueller Belästigung,60 Jahre und älter,Männlich,,,,10.7
2022,Je 100 000 Einwohner/-innen,Opfergefährdungszahl sexueller Belästigung,60 Jahre und älter,Männlich,,,,10.8
2023,Je 100 000 Einwohner/-innen,Opfergefährdungszahl sexueller Belästigung,60 Jahre und älter,Männlich,,,,12.1
2024,Je 100 000 Einwohner/-innen,Opfergefährdungszahl sexueller Belästigung,60 Jahre und älter,Männlich,|,,,12.9
