Year,Units,Altersklasse,Beruf,Geschlecht,Bundesland,GeoCode,COMMENT_OBS_0,COMMENT_OBS_1,COMMENT_OBS_2,Series,Value
2010,EUR pro Stunde,,,,,,,,,Durchschnittlicher Stundenverdienst von Beschäftigten,16.95
2011,EUR pro Stunde,,,,,,.,,,Durchschnittlicher Stundenverdienst von Beschäftigten,
2012,EUR pro Stunde,,,,,,.,,,Durchschnittlicher Stundenverdienst von Beschäftigten,
2013,EUR pro Stunde,,,,,,.,,,Durchschnittlicher Stundenverdienst von Beschäftigten,
2014,EUR pro Stunde,,,,,,,,,Durchschnittlicher Stundenverdienst von Beschäftigten,17.78
2015,EUR pro Stunde,,,,,,.,,,Durchschnittlicher Stundenverdienst von Beschäftigten,
2016,EUR pro Stunde,,,,,,.,,,Durchschnittlicher Stundenverdienst von Beschäftigten,
2017,EUR pro Stunde,,,,,,.,,,Durchschnittlicher Stundenverdienst von Beschäftigten,
2018,EUR pro Stunde,,,,,,,,,Durchschnittlicher Stundenverdienst von Beschäftigten,19.66
2019,EUR pro Stunde,,,,,,.,,,Durchschnittlicher Stundenverdienst von Beschäftigten,
2020,EUR pro Stunde,,,,,,.,,,Durchschnittlicher Stundenverdienst von Beschäftigten,
2021,EUR pro Stunde,,,,,,.,,,Durchschnittlicher Stundenverdienst von Beschäftigten,
2022,EUR pro Stunde,,,,,,,,,Durchschnittlicher Stundenverdienst von Beschäftigten,22.36
2023,EUR pro Stunde,,,,,,,,,Durchschnittlicher Stundenverdienst von Beschäftigten,23.2
2024,EUR pro Stunde,,,,,,,,,Durchschnittlicher Stundenverdienst von Beschäftigten,24.41
2025,EUR pro Stunde,,,,,,,,,Durchschnittlicher Stundenverdienst von Beschäftigten,25.05
2010,EUR pro Stunde,24 Jahre und jünger,,,,,.,,,Durchschnittlicher Stundenverdienst von Beschäftigten,
2011,EUR pro Stunde,24 Jahre und jünger,,,,,.,,,Durchschnittlicher Stundenverdienst von Beschäftigten,
2012,EUR pro Stunde,24 Jahre und jünger,,,,,.,,,Durchschnittlicher Stundenverdienst von Beschäftigten,
2013,EUR pro Stunde,24 Jahre und jünger,,,,,.,,,Durchschnittlicher Stundenverdienst von Beschäftigten,
2014,EUR pro Stunde,24 Jahre und jünger,,,,,,,,Durchschnittlicher Stundenverdienst von Beschäftigten,9.1
2015,EUR pro Stunde,24 Jahre und jünger,,,,,.,,,Durchschnittlicher Stundenverdienst von Beschäftigten,
2016,EUR pro Stunde,24 Jahre und jünger,,,,,.,,,Durchschnittlicher Stundenverdienst von Beschäftigten,
2017,EUR pro Stunde,24 Jahre und jünger,,,,,.,,,Durchschnittlicher Stundenverdienst von Beschäftigten,
2018,EUR pro Stunde,24 Jahre und jünger,,,,,,,,Durchschnittlicher Stundenverdienst von Beschäftigten,10.56
2019,EUR pro Stunde,24 Jahre und jünger,,,,,.,,,Durchschnittlicher Stundenverdienst von Beschäftigten,
2020,EUR pro Stunde,24 Jahre und jünger,,,,,.,,,Durchschnittlicher Stundenverdienst von Beschäftigten,
2021,EUR pro Stunde,24 Jahre und jünger,,,,,.,,,Durchschnittlicher Stundenverdienst von Beschäftigten,
2022,EUR pro Stunde,24 Jahre und jünger,,,,,,,,Durchschnittlicher Stundenverdienst von Beschäftigten,12.28
2023,EUR pro Stunde,24 Jahre und jünger,,,,,,,,Durchschnittlicher Stundenverdienst von Beschäftigten,13.14
2024,EUR pro Stunde,24 Jahre und jünger,,,,,,,,Durchschnittlicher Stundenverdienst von Beschäftigten,13.78
2025,EUR pro Stunde,24 Jahre und jünger,,,,,,,,Durchschnittlicher Stundenverdienst von Beschäftigten,14.16
2010,EUR pro Stunde,25 bis unter 30 Jahre,,,,,.,,,Durchschnittlicher Stundenverdienst von Beschäftigten,
2011,EUR pro Stunde,25 bis unter 30 Jahre,,,,,.,,,Durchschnittlicher Stundenverdienst von Beschäftigten,
2012,EUR pro Stunde,25 bis unter 30 Jahre,,,,,.,,,Durchschnittlicher Stundenverdienst von Beschäftigten,
2013,EUR pro Stunde,25 bis unter 30 Jahre,,,,,.,,,Durchschnittlicher Stundenverdienst von Beschäftigten,
2014,EUR pro Stunde,25 bis unter 30 Jahre,,,,,,,,Durchschnittlicher Stundenverdienst von Beschäftigten,14.39
2015,EUR pro Stunde,25 bis unter 30 Jahre,,,,,.,,,Durchschnittlicher Stundenverdienst von Beschäftigten,
2016,EUR pro Stunde,25 bis unter 30 Jahre,,,,,.,,,Durchschnittlicher Stundenverdienst von Beschäftigten,
2017,EUR pro Stunde,25 bis unter 30 Jahre,,,,,.,,,Durchschnittlicher Stundenverdienst von Beschäftigten,
2018,EUR pro Stunde,25 bis unter 30 Jahre,,,,,,,,Durchschnittlicher Stundenverdienst von Beschäftigten,16.29
2019,EUR pro Stunde,25 bis unter 30 Jahre,,,,,.,,,Durchschnittlicher Stundenverdienst von Beschäftigten,
2020,EUR pro Stunde,25 bis unter 30 Jahre,,,,,.,,,Durchschnittlicher Stundenverdienst von Beschäftigten,
2021,EUR pro Stunde,25 bis unter 30 Jahre,,,,,.,,,Durchschnittlicher Stundenverdienst von Beschäftigten,
2022,EUR pro Stunde,25 bis unter 30 Jahre,,,,,,,,Durchschnittlicher Stundenverdienst von Beschäftigten,18.89
2023,EUR pro Stunde,25 bis unter 30 Jahre,,,,,,,,Durchschnittlicher Stundenverdienst von Beschäftigten,19.86
2024,EUR pro Stunde,25 bis unter 30 Jahre,,,,,,,,Durchschnittlicher Stundenverdienst von Beschäftigten,20.83
2025,EUR pro Stunde,25 bis unter 30 Jahre,,,,,,,,Durchschnittlicher Stundenverdienst von Beschäftigten,21.4
2010,EUR pro Stunde,30 bis unter 35 Jahre,,,,,.,,,Durchschnittlicher Stundenverdienst von Beschäftigten,
2011,EUR pro Stunde,30 bis unter 35 Jahre,,,,,.,,,Durchschnittlicher Stundenverdienst von Beschäftigten,
2012,EUR pro Stunde,30 bis unter 35 Jahre,,,,,.,,,Durchschnittlicher Stundenverdienst von Beschäftigten,
2013,EUR pro Stunde,30 bis unter 35 Jahre,,,,,.,,,Durchschnittlicher Stundenverdienst von Beschäftigten,
2014,EUR pro Stunde,30 bis unter 35 Jahre,,,,,,,,Durchschnittlicher Stundenverdienst von Beschäftigten,17.36
2015,EUR pro Stunde,30 bis unter 35 Jahre,,,,,.,,,Durchschnittlicher Stundenverdienst von Beschäftigten,
2016,EUR pro Stunde,30 bis unter 35 Jahre,,,,,.,,,Durchschnittlicher Stundenverdienst von Beschäftigten,
2017,EUR pro Stunde,30 bis unter 35 Jahre,,,,,.,,,Durchschnittlicher Stundenverdienst von Beschäftigten,
2018,EUR pro Stunde,30 bis unter 35 Jahre,,,,,,,,Durchschnittlicher Stundenverdienst von Beschäftigten,19.32
2019,EUR pro Stunde,30 bis unter 35 Jahre,,,,,.,,,Durchschnittlicher Stundenverdienst von Beschäftigten,
2020,EUR pro Stunde,30 bis unter 35 Jahre,,,,,.,,,Durchschnittlicher Stundenverdienst von Beschäftigten,
2021,EUR pro Stunde,30 bis unter 35 Jahre,,,,,.,,,Durchschnittlicher Stundenverdienst von Beschäftigten,
2022,EUR pro Stunde,30 bis unter 35 Jahre,,,,,,,,Durchschnittlicher Stundenverdienst von Beschäftigten,22.16
2023,EUR pro Stunde,30 bis unter 35 Jahre,,,,,,,,Durchschnittlicher Stundenverdienst von Beschäftigten,22.97
2024,EUR pro Stunde,30 bis unter 35 Jahre,,,,,,,,Durchschnittlicher Stundenverdienst von Beschäftigten,24.16
2025,EUR pro Stunde,30 bis unter 35 Jahre,,,,,,,,Durchschnittlicher Stundenverdienst von Beschäftigten,25.14
2010,EUR pro Stunde,35 bis unter 40 Jahre,,,,,.,,,Durchschnittlicher Stundenverdienst von Beschäftigten,
2011,EUR pro Stunde,35 bis unter 40 Jahre,,,,,.,,,Durchschnittlicher Stundenverdienst von Beschäftigten,
2012,EUR pro Stunde,35 bis unter 40 Jahre,,,,,.,,,Durchschnittlicher Stundenverdienst von Beschäftigten,
2013,EUR pro Stunde,35 bis unter 40 Jahre,,,,,.,,,Durchschnittlicher Stundenverdienst von Beschäftigten,
2014,EUR pro Stunde,35 bis unter 40 Jahre,,,,,,,,Durchschnittlicher Stundenverdienst von Beschäftigten,18.76
2015,EUR pro Stunde,35 bis unter 40 Jahre,,,,,.,,,Durchschnittlicher Stundenverdienst von Beschäftigten,
2016,EUR pro Stunde,35 bis unter 40 Jahre,,,,,.,,,Durchschnittlicher Stundenverdienst von Beschäftigten,
2017,EUR pro Stunde,35 bis unter 40 Jahre,,,,,.,,,Durchschnittlicher Stundenverdienst von Beschäftigten,
2018,EUR pro Stunde,35 bis unter 40 Jahre,,,,,,,,Durchschnittlicher Stundenverdienst von Beschäftigten,20.7
2019,EUR pro Stunde,35 bis unter 40 Jahre,,,,,.,,,Durchschnittlicher Stundenverdienst von Beschäftigten,
2020,EUR pro Stunde,35 bis unter 40 Jahre,,,,,.,,,Durchschnittlicher Stundenverdienst von Beschäftigten,
2021,EUR pro Stunde,35 bis unter 40 Jahre,,,,,,,,Durchschnittlicher Stundenverdienst von Beschäftigten,
2022,EUR pro Stunde,35 bis unter 40 Jahre,,,,,,,,Durchschnittlicher Stundenverdienst von Beschäftigten,23.78
2023,EUR pro Stunde,35 bis unter 40 Jahre,,,,,,,,Durchschnittlicher Stundenverdienst von Beschäftigten,24.54
2024,EUR pro Stunde,35 bis unter 40 Jahre,,,,,,,,Durchschnittlicher Stundenverdienst von Beschäftigten,25.9
2025,EUR pro Stunde,35 bis unter 40 Jahre,,,,,,,,Durchschnittlicher Stundenverdienst von Beschäftigten,26.72
2010,EUR pro Stunde,40 bis unter 45 Jahre,,,,,.,,,Durchschnittlicher Stundenverdienst von Beschäftigten,
2011,EUR pro Stunde,40 bis unter 45 Jahre,,,,,.,,,Durchschnittlicher Stundenverdienst von Beschäftigten,
2012,EUR pro Stunde,40 bis unter 45 Jahre,,,,,.,,,Durchschnittlicher Stundenverdienst von Beschäftigten,
2013,EUR pro Stunde,40 bis unter 45 Jahre,,,,,.,,,Durchschnittlicher Stundenverdienst von Beschäftigten,
2014,EUR pro Stunde,40 bis unter 45 Jahre,,,,,,,,Durchschnittlicher Stundenverdienst von Beschäftigten,19.57
2015,EUR pro Stunde,40 bis unter 45 Jahre,,,,,.,,,Durchschnittlicher Stundenverdienst von Beschäftigten,
2016,EUR pro Stunde,40 bis unter 45 Jahre,,,,,.,,,Durchschnittlicher Stundenverdienst von Beschäftigten,
2017,EUR pro Stunde,40 bis unter 45 Jahre,,,,,.,,,Durchschnittlicher Stundenverdienst von Beschäftigten,
2018,EUR pro Stunde,40 bis unter 45 Jahre,,,,,,,,Durchschnittlicher Stundenverdienst von Beschäftigten,21.23
2019,EUR pro Stunde,40 bis unter 45 Jahre,,,,,.,,,Durchschnittlicher Stundenverdienst von Beschäftigten,
2020,EUR pro Stunde,40 bis unter 45 Jahre,,,,,.,,,Durchschnittlicher Stundenverdienst von Beschäftigten,
2021,EUR pro Stunde,40 bis unter 45 Jahre,,,,,.,,,Durchschnittlicher Stundenverdienst von Beschäftigten,
2022,EUR pro Stunde,40 bis unter 45 Jahre,,,,,,,,Durchschnittlicher Stundenverdienst von Beschäftigten,24.44
2023,EUR pro Stunde,40 bis unter 45 Jahre,,,,,,,,Durchschnittlicher Stundenverdienst von Beschäftigten,25.22
2024,EUR pro Stunde,40 bis unter 45 Jahre,,,,,,,,Durchschnittlicher Stundenverdienst von Beschäftigten,26.65
2025,EUR pro Stunde,40 bis unter 45 Jahre,,,,,,,,Durchschnittlicher Stundenverdienst von Beschäftigten,27.3
2010,EUR pro Stunde,45 bis unter 50 Jahre,,,,,.,,,Durchschnittlicher Stundenverdienst von Beschäftigten,
2011,EUR pro Stunde,45 bis unter 50 Jahre,,,,,.,,,Durchschnittlicher Stundenverdienst von Beschäftigten,
2012,EUR pro Stunde,45 bis unter 50 Jahre,,,,,.,,,Durchschnittlicher Stundenverdienst von Beschäftigten,
2013,EUR pro Stunde,45 bis unter 50 Jahre,,,,,.,,,Durchschnittlicher Stundenverdienst von Beschäftigten,
2014,EUR pro Stunde,45 bis unter 50 Jahre,,,,,,,,Durchschnittlicher Stundenverdienst von Beschäftigten,20.22
2015,EUR pro Stunde,45 bis unter 50 Jahre,,,,,.,,,Durchschnittlicher Stundenverdienst von Beschäftigten,
2016,EUR pro Stunde,45 bis unter 50 Jahre,,,,,.,,,Durchschnittlicher Stundenverdienst von Beschäftigten,
2017,EUR pro Stunde,45 bis unter 50 Jahre,,,,,.,,,Durchschnittlicher Stundenverdienst von Beschäftigten,
2018,EUR pro Stunde,45 bis unter 50 Jahre,,,,,,,,Durchschnittlicher Stundenverdienst von Beschäftigten,21.77
2019,EUR pro Stunde,45 bis unter 50 Jahre,,,,,.,,,Durchschnittlicher Stundenverdienst von Beschäftigten,
2020,EUR pro Stunde,45 bis unter 50 Jahre,,,,,.,,,Durchschnittlicher Stundenverdienst von Beschäftigten,
2021,EUR pro Stunde,45 bis unter 50 Jahre,,,,,.,,,Durchschnittlicher Stundenverdienst von Beschäftigten,
2022,EUR pro Stunde,45 bis unter 50 Jahre,,,,,,,,Durchschnittlicher Stundenverdienst von Beschäftigten,24.73
2023,EUR pro Stunde,45 bis unter 50 Jahre,,,,,,,,Durchschnittlicher Stundenverdienst von Beschäftigten,25.58
2024,EUR pro Stunde,45 bis unter 50 Jahre,,,,,,,,Durchschnittlicher Stundenverdienst von Beschäftigten,26.96
2025,EUR pro Stunde,45 bis unter 50 Jahre,,,,,,,,Durchschnittlicher Stundenverdienst von Beschäftigten,27.72
2010,EUR pro Stunde,50 bis unter 55 Jahre,,,,,.,,,Durchschnittlicher Stundenverdienst von Beschäftigten,
2011,EUR pro Stunde,50 bis unter 55 Jahre,,,,,.,,,Durchschnittlicher Stundenverdienst von Beschäftigten,
2012,EUR pro Stunde,50 bis unter 55 Jahre,,,,,.,,,Durchschnittlicher Stundenverdienst von Beschäftigten,
2013,EUR pro Stunde,50 bis unter 55 Jahre,,,,,.,,,Durchschnittlicher Stundenverdienst von Beschäftigten,
2014,EUR pro Stunde,50 bis unter 55 Jahre,,,,,,,,Durchschnittlicher Stundenverdienst von Beschäftigten,19.75
2015,EUR pro Stunde,50 bis unter 55 Jahre,,,,,.,,,Durchschnittlicher Stundenverdienst von Beschäftigten,
2016,EUR pro Stunde,50 bis unter 55 Jahre,,,,,.,,,Durchschnittlicher Stundenverdienst von Beschäftigten,
2017,EUR pro Stunde,50 bis unter 55 Jahre,,,,,.,,,Durchschnittlicher Stundenverdienst von Beschäftigten,
2018,EUR pro Stunde,50 bis unter 55 Jahre,,,,,,,,Durchschnittlicher Stundenverdienst von Beschäftigten,22.03
2019,EUR pro Stunde,50 bis unter 55 Jahre,,,,,.,,,Durchschnittlicher Stundenverdienst von Beschäftigten,
2020,EUR pro Stunde,50 bis unter 55 Jahre,,,,,.,,,Durchschnittlicher Stundenverdienst von Beschäftigten,
2021,EUR pro Stunde,50 bis unter 55 Jahre,,,,,.,,,Durchschnittlicher Stundenverdienst von Beschäftigten,
2022,EUR pro Stunde,50 bis unter 55 Jahre,,,,,,,,Durchschnittlicher Stundenverdienst von Beschäftigten,25.17
2023,EUR pro Stunde,50 bis unter 55 Jahre,,,,,,,,Durchschnittlicher Stundenverdienst von Beschäftigten,25.76
2024,EUR pro Stunde,50 bis unter 55 Jahre,,,,,,,,Durchschnittlicher Stundenverdienst von Beschäftigten,27.07
2025,EUR pro Stunde,50 bis unter 55 Jahre,,,,,,,,Durchschnittlicher Stundenverdienst von Beschäftigten,27.72
2010,EUR pro Stunde,55 bis unter 60 Jahre,,,,,.,,,Durchschnittlicher Stundenverdienst von Beschäftigten,
2011,EUR pro Stunde,55 bis unter 60 Jahre,,,,,.,,,Durchschnittlicher Stundenverdienst von Beschäftigten,
2012,EUR pro Stunde,55 bis unter 60 Jahre,,,,,.,,,Durchschnittlicher Stundenverdienst von Beschäftigten,
2013,EUR pro Stunde,55 bis unter 60 Jahre,,,,,.,,,Durchschnittlicher Stundenverdienst von Beschäftigten,
2014,EUR pro Stunde,55 bis unter 60 Jahre,,,,,,,,Durchschnittlicher Stundenverdienst von Beschäftigten,19.67
2015,EUR pro Stunde,55 bis unter 60 Jahre,,,,,.,,,Durchschnittlicher Stundenverdienst von Beschäftigten,
2016,EUR pro Stunde,55 bis unter 60 Jahre,,,,,.,,,Durchschnittlicher Stundenverdienst von Beschäftigten,
2017,EUR pro Stunde,55 bis unter 60 Jahre,,,,,.,,,Durchschnittlicher Stundenverdienst von Beschäftigten,
2018,EUR pro Stunde,55 bis unter 60 Jahre,,,,,,,,Durchschnittlicher Stundenverdienst von Beschäftigten,21.76
2019,EUR pro Stunde,55 bis unter 60 Jahre,,,,,.,,,Durchschnittlicher Stundenverdienst von Beschäftigten,
2020,EUR pro Stunde,55 bis unter 60 Jahre,,,,,.,,,Durchschnittlicher Stundenverdienst von Beschäftigten,
2021,EUR pro Stunde,55 bis unter 60 Jahre,,,,,.,,,Durchschnittlicher Stundenverdienst von Beschäftigten,
2022,EUR pro Stunde,55 bis unter 60 Jahre,,,,,,,,Durchschnittlicher Stundenverdienst von Beschäftigten,25.06
2023,EUR pro Stunde,55 bis unter 60 Jahre,,,,,,,,Durchschnittlicher Stundenverdienst von Beschäftigten,26.02
2024,EUR pro Stunde,55 bis unter 60 Jahre,,,,,,,,Durchschnittlicher Stundenverdienst von Beschäftigten,27.35
2025,EUR pro Stunde,55 bis unter 60 Jahre,,,,,,,,Durchschnittlicher Stundenverdienst von Beschäftigten,28.14
2010,EUR pro Stunde,60 bis unter 65 Jahre,,,,,.,,,Durchschnittlicher Stundenverdienst von Beschäftigten,
2011,EUR pro Stunde,60 bis unter 65 Jahre,,,,,.,,,Durchschnittlicher Stundenverdienst von Beschäftigten,
2012,EUR pro Stunde,60 bis unter 65 Jahre,,,,,.,,,Durchschnittlicher Stundenverdienst von Beschäftigten,
2013,EUR pro Stunde,60 bis unter 65 Jahre,,,,,.,,,Durchschnittlicher Stundenverdienst von Beschäftigten,
2014,EUR pro Stunde,60 bis unter 65 Jahre,,,,,,,,Durchschnittlicher Stundenverdienst von Beschäftigten,20.07
2015,EUR pro Stunde,60 bis unter 65 Jahre,,,,,.,,,Durchschnittlicher Stundenverdienst von Beschäftigten,
2016,EUR pro Stunde,60 bis unter 65 Jahre,,,,,.,,,Durchschnittlicher Stundenverdienst von Beschäftigten,
2017,EUR pro Stunde,60 bis unter 65 Jahre,,,,,.,,,Durchschnittlicher Stundenverdienst von Beschäftigten,
2018,EUR pro Stunde,60 bis unter 65 Jahre,,,,,,,,Durchschnittlicher Stundenverdienst von Beschäftigten,21.71
2019,EUR pro Stunde,60 bis unter 65 Jahre,,,,,.,,,Durchschnittlicher Stundenverdienst von Beschäftigten,
2020,EUR pro Stunde,60 bis unter 65 Jahre,,,,,.,,,Durchschnittlicher Stundenverdienst von Beschäftigten,
2021,EUR pro Stunde,60 bis unter 65 Jahre,,,,,.,,,Durchschnittlicher Stundenverdienst von Beschäftigten,
2022,EUR pro Stunde,60 bis unter 65 Jahre,,,,,,,,Durchschnittlicher Stundenverdienst von Beschäftigten,24.6
2023,EUR pro Stunde,60 bis unter 65 Jahre,,,,,,,,Durchschnittlicher Stundenverdienst von Beschäftigten,25.56
2024,EUR pro Stunde,60 bis unter 65 Jahre,,,,,,,,Durchschnittlicher Stundenverdienst von Beschäftigten,26.83
2025,EUR pro Stunde,60 bis unter 65 Jahre,,,,,,,,Durchschnittlicher Stundenverdienst von Beschäftigten,27.62
2010,EUR pro Stunde,65 Jahre und älter,,,,,.,,,Durchschnittlicher Stundenverdienst von Beschäftigten,
2011,EUR pro Stunde,65 Jahre und älter,,,,,.,,,Durchschnittlicher Stundenverdienst von Beschäftigten,
2012,EUR pro Stunde,65 Jahre und älter,,,,,.,,,Durchschnittlicher Stundenverdienst von Beschäftigten,
2013,EUR pro Stunde,65 Jahre und älter,,,,,.,,,Durchschnittlicher Stundenverdienst von Beschäftigten,
2014,EUR pro Stunde,65 Jahre und älter,,,,,,,,Durchschnittlicher Stundenverdienst von Beschäftigten,13.09
2015,EUR pro Stunde,65 Jahre und älter,,,,,.,,,Durchschnittlicher Stundenverdienst von Beschäftigten,
2016,EUR pro Stunde,65 Jahre und älter,,,,,.,,,Durchschnittlicher Stundenverdienst von Beschäftigten,
2017,EUR pro Stunde,65 Jahre und älter,,,,,.,,,Durchschnittlicher Stundenverdienst von Beschäftigten,
2018,EUR pro Stunde,65 Jahre und älter,,,,,,,,Durchschnittlicher Stundenverdienst von Beschäftigten,15.53
2019,EUR pro Stunde,65 Jahre und älter,,,,,.,,,Durchschnittlicher Stundenverdienst von Beschäftigten,
2020,EUR pro Stunde,65 Jahre und älter,,,,,.,,,Durchschnittlicher Stundenverdienst von Beschäftigten,
2021,EUR pro Stunde,65 Jahre und älter,,,,,.,,,Durchschnittlicher Stundenverdienst von Beschäftigten,
2022,EUR pro Stunde,65 Jahre und älter,,,,,,,,Durchschnittlicher Stundenverdienst von Beschäftigten,19.25
2023,EUR pro Stunde,65 Jahre und älter,,,,,,,,Durchschnittlicher Stundenverdienst von Beschäftigten,20.55
2024,EUR pro Stunde,65 Jahre und älter,,,,,,,,Durchschnittlicher Stundenverdienst von Beschäftigten,22.03
2025,EUR pro Stunde,65 Jahre und älter,,,,,,,,Durchschnittlicher Stundenverdienst von Beschäftigten,21.51
2010,EUR pro Stunde,,Führungskräfte,,,,,,,Durchschnittlicher Stundenverdienst von Beschäftigten,35.83
2011,EUR pro Stunde,,Führungskräfte,,,,.,,,Durchschnittlicher Stundenverdienst von Beschäftigten,
2012,EUR pro Stunde,,Führungskräfte,,,,.,,,Durchschnittlicher Stundenverdienst von Beschäftigten,
2013,EUR pro Stunde,,Führungskräfte,,,,.,,,Durchschnittlicher Stundenverdienst von Beschäftigten,
2014,EUR pro Stunde,,Führungskräfte,,,,,,,Durchschnittlicher Stundenverdienst von Beschäftigten,43.46
2015,EUR pro Stunde,,Führungskräfte,,,,.,,,Durchschnittlicher Stundenverdienst von Beschäftigten,
2016,EUR pro Stunde,,Führungskräfte,,,,.,,,Durchschnittlicher Stundenverdienst von Beschäftigten,
2017,EUR pro Stunde,,Führungskräfte,,,,.,,,Durchschnittlicher Stundenverdienst von Beschäftigten,
2018,EUR pro Stunde,,Führungskräfte,,,,,,,Durchschnittlicher Stundenverdienst von Beschäftigten,46.93
2019,EUR pro Stunde,,Führungskräfte,,,,.,,,Durchschnittlicher Stundenverdienst von Beschäftigten,
2020,EUR pro Stunde,,Führungskräfte,,,,.,,,Durchschnittlicher Stundenverdienst von Beschäftigten,
2021,EUR pro Stunde,,Führungskräfte,,,,.,,,Durchschnittlicher Stundenverdienst von Beschäftigten,
2022,EUR pro Stunde,,Führungskräfte,,,,,,,Durchschnittlicher Stundenverdienst von Beschäftigten,47.67
2010,EUR pro Stunde,,Akademische Berufe,,,,,,,Durchschnittlicher Stundenverdienst von Beschäftigten,25.27
2011,EUR pro Stunde,,Akademische Berufe,,,,.,,,Durchschnittlicher Stundenverdienst von Beschäftigten,
2012,EUR pro Stunde,,Akademische Berufe,,,,.,,,Durchschnittlicher Stundenverdienst von Beschäftigten,
2013,EUR pro Stunde,,Akademische Berufe,,,,.,,,Durchschnittlicher Stundenverdienst von Beschäftigten,
2014,EUR pro Stunde,,Akademische Berufe,,,,,,,Durchschnittlicher Stundenverdienst von Beschäftigten,26.88
2015,EUR pro Stunde,,Akademische Berufe,,,,.,,,Durchschnittlicher Stundenverdienst von Beschäftigten,
2016,EUR pro Stunde,,Akademische Berufe,,,,.,,,Durchschnittlicher Stundenverdienst von Beschäftigten,
2017,EUR pro Stunde,,Akademische Berufe,,,,.,,,Durchschnittlicher Stundenverdienst von Beschäftigten,
2018,EUR pro Stunde,,Akademische Berufe,,,,,,,Durchschnittlicher Stundenverdienst von Beschäftigten,29.17
2019,EUR pro Stunde,,Akademische Berufe,,,,.,,,Durchschnittlicher Stundenverdienst von Beschäftigten,
2020,EUR pro Stunde,,Akademische Berufe,,,,.,,,Durchschnittlicher Stundenverdienst von Beschäftigten,
2021,EUR pro Stunde,,Akademische Berufe,,,,.,,,Durchschnittlicher Stundenverdienst von Beschäftigten,
2022,EUR pro Stunde,,Akademische Berufe,,,,,,,Durchschnittlicher Stundenverdienst von Beschäftigten,32.37
2010,EUR pro Stunde,,Techniker und gleichrangige nichttechnische Berufe,,,,,,,Durchschnittlicher Stundenverdienst von Beschäftigten,20.72
2011,EUR pro Stunde,,Techniker und gleichrangige nichttechnische Berufe,,,,.,,,Durchschnittlicher Stundenverdienst von Beschäftigten,
2012,EUR pro Stunde,,Techniker und gleichrangige nichttechnische Berufe,,,,.,,,Durchschnittlicher Stundenverdienst von Beschäftigten,
2013,EUR pro Stunde,,Techniker und gleichrangige nichttechnische Berufe,,,,.,,,Durchschnittlicher Stundenverdienst von Beschäftigten,
2014,EUR pro Stunde,,Techniker und gleichrangige nichttechnische Berufe,,,,,,,Durchschnittlicher Stundenverdienst von Beschäftigten,19.98
2015,EUR pro Stunde,,Techniker und gleichrangige nichttechnische Berufe,,,,.,,,Durchschnittlicher Stundenverdienst von Beschäftigten,
2016,EUR pro Stunde,,Techniker und gleichrangige nichttechnische Berufe,,,,.,,,Durchschnittlicher Stundenverdienst von Beschäftigten,
2017,EUR pro Stunde,,Techniker und gleichrangige nichttechnische Berufe,,,,.,,,Durchschnittlicher Stundenverdienst von Beschäftigten,
2018,EUR pro Stunde,,Techniker und gleichrangige nichttechnische Berufe,,,,,,,Durchschnittlicher Stundenverdienst von Beschäftigten,21.97
2019,EUR pro Stunde,,Techniker und gleichrangige nichttechnische Berufe,,,,.,,,Durchschnittlicher Stundenverdienst von Beschäftigten,
2020,EUR pro Stunde,,Techniker und gleichrangige nichttechnische Berufe,,,,.,,,Durchschnittlicher Stundenverdienst von Beschäftigten,
2021,EUR pro Stunde,,Techniker und gleichrangige nichttechnische Berufe,,,,.,,,Durchschnittlicher Stundenverdienst von Beschäftigten,
2022,EUR pro Stunde,,Techniker und gleichrangige nichttechnische Berufe,,,,,,,Durchschnittlicher Stundenverdienst von Beschäftigten,24.55
2010,EUR pro Stunde,,Bürokräfte und verwandte Berufe,,,,,,,Durchschnittlicher Stundenverdienst von Beschäftigten,14.02
2011,EUR pro Stunde,,Bürokräfte und verwandte Berufe,,,,.,,,Durchschnittlicher Stundenverdienst von Beschäftigten,
2012,EUR pro Stunde,,Bürokräfte und verwandte Berufe,,,,.,,,Durchschnittlicher Stundenverdienst von Beschäftigten,
2013,EUR pro Stunde,,Bürokräfte und verwandte Berufe,,,,.,,,Durchschnittlicher Stundenverdienst von Beschäftigten,
2014,EUR pro Stunde,,Bürokräfte und verwandte Berufe,,,,,,,Durchschnittlicher Stundenverdienst von Beschäftigten,16.7
2015,EUR pro Stunde,,Bürokräfte und verwandte Berufe,,,,.,,,Durchschnittlicher Stundenverdienst von Beschäftigten,
2016,EUR pro Stunde,,Bürokräfte und verwandte Berufe,,,,.,,,Durchschnittlicher Stundenverdienst von Beschäftigten,
2017,EUR pro Stunde,,Bürokräfte und verwandte Berufe,,,,.,,,Durchschnittlicher Stundenverdienst von Beschäftigten,
2018,EUR pro Stunde,,Bürokräfte und verwandte Berufe,,,,,,,Durchschnittlicher Stundenverdienst von Beschäftigten,18.06
2019,EUR pro Stunde,,Bürokräfte und verwandte Berufe,,,,.,,,Durchschnittlicher Stundenverdienst von Beschäftigten,
2020,EUR pro Stunde,,Bürokräfte und verwandte Berufe,,,,.,,,Durchschnittlicher Stundenverdienst von Beschäftigten,
2021,EUR pro Stunde,,Bürokräfte und verwandte Berufe,,,,.,,,Durchschnittlicher Stundenverdienst von Beschäftigten,
2022,EUR pro Stunde,,Bürokräfte und verwandte Berufe,,,,,,,Durchschnittlicher Stundenverdienst von Beschäftigten,20.03
2010,EUR pro Stunde,,Dienstleistungsberufe und Verkäufer,,,,,,,Durchschnittlicher Stundenverdienst von Beschäftigten,12.09
2011,EUR pro Stunde,,Dienstleistungsberufe und Verkäufer,,,,.,,,Durchschnittlicher Stundenverdienst von Beschäftigten,
2012,EUR pro Stunde,,Dienstleistungsberufe und Verkäufer,,,,.,,,Durchschnittlicher Stundenverdienst von Beschäftigten,
2013,EUR pro Stunde,,Dienstleistungsberufe und Verkäufer,,,,.,,,Durchschnittlicher Stundenverdienst von Beschäftigten,
2014,EUR pro Stunde,,Dienstleistungsberufe und Verkäufer,,,,,,,Durchschnittlicher Stundenverdienst von Beschäftigten,11.82
2015,EUR pro Stunde,,Dienstleistungsberufe und Verkäufer,,,,.,,,Durchschnittlicher Stundenverdienst von Beschäftigten,
2016,EUR pro Stunde,,Dienstleistungsberufe und Verkäufer,,,,.,,,Durchschnittlicher Stundenverdienst von Beschäftigten,
2017,EUR pro Stunde,,Dienstleistungsberufe und Verkäufer,,,,.,,,Durchschnittlicher Stundenverdienst von Beschäftigten,
2018,EUR pro Stunde,,Dienstleistungsberufe und Verkäufer,,,,,,,Durchschnittlicher Stundenverdienst von Beschäftigten,13.32
2019,EUR pro Stunde,,Dienstleistungsberufe und Verkäufer,,,,.,,,Durchschnittlicher Stundenverdienst von Beschäftigten,
2020,EUR pro Stunde,,Dienstleistungsberufe und Verkäufer,,,,.,,,Durchschnittlicher Stundenverdienst von Beschäftigten,
2021,EUR pro Stunde,,Dienstleistungsberufe und Verkäufer,,,,.,,,Durchschnittlicher Stundenverdienst von Beschäftigten,
2022,EUR pro Stunde,,Dienstleistungsberufe und Verkäufer,,,,,,,Durchschnittlicher Stundenverdienst von Beschäftigten,15.76
2010,EUR pro Stunde,,"Fachkräfte in Land- und Forstwirtschaft und Fischerei, Handwerks- und verwandte Berufe",,,,,,,Durchschnittlicher Stundenverdienst von Beschäftigten,11.54
2011,EUR pro Stunde,,"Fachkräfte in Land- und Forstwirtschaft und Fischerei, Handwerks- und verwandte Berufe",,,,.,,,Durchschnittlicher Stundenverdienst von Beschäftigten,
2012,EUR pro Stunde,,"Fachkräfte in Land- und Forstwirtschaft und Fischerei, Handwerks- und verwandte Berufe",,,,.,,,Durchschnittlicher Stundenverdienst von Beschäftigten,
2013,EUR pro Stunde,,"Fachkräfte in Land- und Forstwirtschaft und Fischerei, Handwerks- und verwandte Berufe",,,,.,,,Durchschnittlicher Stundenverdienst von Beschäftigten,
2014,EUR pro Stunde,,"Fachkräfte in Land- und Forstwirtschaft und Fischerei, Handwerks- und verwandte Berufe",,,,,,,Durchschnittlicher Stundenverdienst von Beschäftigten,12.53
2015,EUR pro Stunde,,"Fachkräfte in Land- und Forstwirtschaft und Fischerei, Handwerks- und verwandte Berufe",,,,.,,,Durchschnittlicher Stundenverdienst von Beschäftigten,
2016,EUR pro Stunde,,"Fachkräfte in Land- und Forstwirtschaft und Fischerei, Handwerks- und verwandte Berufe",,,,.,,,Durchschnittlicher Stundenverdienst von Beschäftigten,
2017,EUR pro Stunde,,"Fachkräfte in Land- und Forstwirtschaft und Fischerei, Handwerks- und verwandte Berufe",,,,.,,,Durchschnittlicher Stundenverdienst von Beschäftigten,
2018,EUR pro Stunde,,"Fachkräfte in Land- und Forstwirtschaft und Fischerei, Handwerks- und verwandte Berufe",,,,,,,Durchschnittlicher Stundenverdienst von Beschäftigten,15.28
2019,EUR pro Stunde,,"Fachkräfte in Land- und Forstwirtschaft und Fischerei, Handwerks- und verwandte Berufe",,,,.,,,Durchschnittlicher Stundenverdienst von Beschäftigten,
2020,EUR pro Stunde,,"Fachkräfte in Land- und Forstwirtschaft und Fischerei, Handwerks- und verwandte Berufe",,,,.,,,Durchschnittlicher Stundenverdienst von Beschäftigten,
2021,EUR pro Stunde,,"Fachkräfte in Land- und Forstwirtschaft und Fischerei, Handwerks- und verwandte Berufe",,,,.,,,Durchschnittlicher Stundenverdienst von Beschäftigten,
2022,EUR pro Stunde,,"Fachkräfte in Land- und Forstwirtschaft und Fischerei, Handwerks- und verwandte Berufe",,,,,,,Durchschnittlicher Stundenverdienst von Beschäftigten,16.17
2010,EUR pro Stunde,,Handwerks- und verwandte Berufe,,,,,,,Durchschnittlicher Stundenverdienst von Beschäftigten,15.01
2011,EUR pro Stunde,,Handwerks- und verwandte Berufe,,,,.,,,Durchschnittlicher Stundenverdienst von Beschäftigten,
2012,EUR pro Stunde,,Handwerks- und verwandte Berufe,,,,.,,,Durchschnittlicher Stundenverdienst von Beschäftigten,
2013,EUR pro Stunde,,Handwerks- und verwandte Berufe,,,,.,,,Durchschnittlicher Stundenverdienst von Beschäftigten,
2014,EUR pro Stunde,,Handwerks- und verwandte Berufe,,,,,,,Durchschnittlicher Stundenverdienst von Beschäftigten,16.41
2015,EUR pro Stunde,,Handwerks- und verwandte Berufe,,,,.,,,Durchschnittlicher Stundenverdienst von Beschäftigten,
2016,EUR pro Stunde,,Handwerks- und verwandte Berufe,,,,.,,,Durchschnittlicher Stundenverdienst von Beschäftigten,
2017,EUR pro Stunde,,Handwerks- und verwandte Berufe,,,,.,,,Durchschnittlicher Stundenverdienst von Beschäftigten,
2018,EUR pro Stunde,,Handwerks- und verwandte Berufe,,,,,,,Durchschnittlicher Stundenverdienst von Beschäftigten,18.38
2019,EUR pro Stunde,,Handwerks- und verwandte Berufe,,,,.,,,Durchschnittlicher Stundenverdienst von Beschäftigten,
2020,EUR pro Stunde,,Handwerks- und verwandte Berufe,,,,.,,,Durchschnittlicher Stundenverdienst von Beschäftigten,
2021,EUR pro Stunde,,Handwerks- und verwandte Berufe,,,,.,,,Durchschnittlicher Stundenverdienst von Beschäftigten,
2022,EUR pro Stunde,,Handwerks- und verwandte Berufe,,,,,,,Durchschnittlicher Stundenverdienst von Beschäftigten,19.92
2010,EUR pro Stunde,,Bediener von Anlagen und Maschinen und Montageberufe,,,,,,,Durchschnittlicher Stundenverdienst von Beschäftigten,14.25
2011,EUR pro Stunde,,Bediener von Anlagen und Maschinen und Montageberufe,,,,.,,,Durchschnittlicher Stundenverdienst von Beschäftigten,
2012,EUR pro Stunde,,Bediener von Anlagen und Maschinen und Montageberufe,,,,.,,,Durchschnittlicher Stundenverdienst von Beschäftigten,
2013,EUR pro Stunde,,Bediener von Anlagen und Maschinen und Montageberufe,,,,.,,,Durchschnittlicher Stundenverdienst von Beschäftigten,
2014,EUR pro Stunde,,Bediener von Anlagen und Maschinen und Montageberufe,,,,,,,Durchschnittlicher Stundenverdienst von Beschäftigten,14.66
2015,EUR pro Stunde,,Bediener von Anlagen und Maschinen und Montageberufe,,,,.,,,Durchschnittlicher Stundenverdienst von Beschäftigten,
2016,EUR pro Stunde,,Bediener von Anlagen und Maschinen und Montageberufe,,,,.,,,Durchschnittlicher Stundenverdienst von Beschäftigten,
2017,EUR pro Stunde,,Bediener von Anlagen und Maschinen und Montageberufe,,,,.,,,Durchschnittlicher Stundenverdienst von Beschäftigten,
2018,EUR pro Stunde,,Bediener von Anlagen und Maschinen und Montageberufe,,,,,,,Durchschnittlicher Stundenverdienst von Beschäftigten,16.22
2019,EUR pro Stunde,,Bediener von Anlagen und Maschinen und Montageberufe,,,,.,,,Durchschnittlicher Stundenverdienst von Beschäftigten,
2020,EUR pro Stunde,,Bediener von Anlagen und Maschinen und Montageberufe,,,,.,,,Durchschnittlicher Stundenverdienst von Beschäftigten,
2021,EUR pro Stunde,,Bediener von Anlagen und Maschinen und Montageberufe,,,,.,,,Durchschnittlicher Stundenverdienst von Beschäftigten,
2022,EUR pro Stunde,,Bediener von Anlagen und Maschinen und Montageberufe,,,,,,,Durchschnittlicher Stundenverdienst von Beschäftigten,17.98
2010,EUR pro Stunde,,Hilfsarbeitskräfte,,,,,,,Durchschnittlicher Stundenverdienst von Beschäftigten,10.07
2011,EUR pro Stunde,,Hilfsarbeitskräfte,,,,.,,,Durchschnittlicher Stundenverdienst von Beschäftigten,
2012,EUR pro Stunde,,Hilfsarbeitskräfte,,,,.,,,Durchschnittlicher Stundenverdienst von Beschäftigten,
2013,EUR pro Stunde,,Hilfsarbeitskräfte,,,,.,,,Durchschnittlicher Stundenverdienst von Beschäftigten,
2014,EUR pro Stunde,,Hilfsarbeitskräfte,,,,,,,Durchschnittlicher Stundenverdienst von Beschäftigten,9.89
2015,EUR pro Stunde,,Hilfsarbeitskräfte,,,,.,,,Durchschnittlicher Stundenverdienst von Beschäftigten,
2016,EUR pro Stunde,,Hilfsarbeitskräfte,,,,.,,,Durchschnittlicher Stundenverdienst von Beschäftigten,
2017,EUR pro Stunde,,Hilfsarbeitskräfte,,,,.,,,Durchschnittlicher Stundenverdienst von Beschäftigten,
2018,EUR pro Stunde,,Hilfsarbeitskräfte,,,,,,,Durchschnittlicher Stundenverdienst von Beschäftigten,11.33
2019,EUR pro Stunde,,Hilfsarbeitskräfte,,,,.,,,Durchschnittlicher Stundenverdienst von Beschäftigten,
2020,EUR pro Stunde,,Hilfsarbeitskräfte,,,,.,,,Durchschnittlicher Stundenverdienst von Beschäftigten,
2021,EUR pro Stunde,,Hilfsarbeitskräfte,,,,.,,,Durchschnittlicher Stundenverdienst von Beschäftigten,
2022,EUR pro Stunde,,Hilfsarbeitskräfte,,,,,,,Durchschnittlicher Stundenverdienst von Beschäftigten,13.71
2010,EUR pro Stunde,,,Weiblich,,,,,,Durchschnittlicher Stundenverdienst von Beschäftigten,14.62
2011,EUR pro Stunde,,,Weiblich,,,,,,Durchschnittlicher Stundenverdienst von Beschäftigten,14.88
2012,EUR pro Stunde,,,Weiblich,,,,,,Durchschnittlicher Stundenverdienst von Beschäftigten,15.18
2013,EUR pro Stunde,,,Weiblich,,,,,,Durchschnittlicher Stundenverdienst von Beschäftigten,15.5
2014,EUR pro Stunde,,,Weiblich,,,,,,Durchschnittlicher Stundenverdienst von Beschäftigten,15.44
2015,EUR pro Stunde,,,Weiblich,,,,,,Durchschnittlicher Stundenverdienst von Beschäftigten,15.82
2016,EUR pro Stunde,,,Weiblich,,,,,,Durchschnittlicher Stundenverdienst von Beschäftigten,16.3
2017,EUR pro Stunde,,,Weiblich,,,,,,Durchschnittlicher Stundenverdienst von Beschäftigten,16.66
2018,EUR pro Stunde,,,Weiblich,,,,,,Durchschnittlicher Stundenverdienst von Beschäftigten,17.33
2019,EUR pro Stunde,,,Weiblich,,,,,,Durchschnittlicher Stundenverdienst von Beschäftigten,17.98
2020,EUR pro Stunde,,,Weiblich,,,,,,Durchschnittlicher Stundenverdienst von Beschäftigten,18.62
2021,EUR pro Stunde,,,Weiblich,,,,,,Durchschnittlicher Stundenverdienst von Beschäftigten,19.12
2022,EUR pro Stunde,,,Weiblich,,,,,,Durchschnittlicher Stundenverdienst von Beschäftigten,20.05
2023,EUR pro Stunde,,,Weiblich,,,,,,Durchschnittlicher Stundenverdienst von Beschäftigten,20.84
2024,EUR pro Stunde,,,Weiblich,,,,,,Durchschnittlicher Stundenverdienst von Beschäftigten,22.24
2025,EUR pro Stunde,,,Weiblich,,,,,,Durchschnittlicher Stundenverdienst von Beschäftigten,22.81
2010,EUR pro Stunde,24 Jahre und jünger,,Weiblich,,,.,,,Durchschnittlicher Stundenverdienst von Beschäftigten,
2011,EUR pro Stunde,24 Jahre und jünger,,Weiblich,,,.,,,Durchschnittlicher Stundenverdienst von Beschäftigten,
2012,EUR pro Stunde,24 Jahre und jünger,,Weiblich,,,.,,,Durchschnittlicher Stundenverdienst von Beschäftigten,
2013,EUR pro Stunde,24 Jahre und jünger,,Weiblich,,,.,,,Durchschnittlicher Stundenverdienst von Beschäftigten,
2014,EUR pro Stunde,24 Jahre und jünger,,Weiblich,,,,,,Durchschnittlicher Stundenverdienst von Beschäftigten,8.8
2015,EUR pro Stunde,24 Jahre und jünger,,Weiblich,,,.,,,Durchschnittlicher Stundenverdienst von Beschäftigten,
2016,EUR pro Stunde,24 Jahre und jünger,,Weiblich,,,.,,,Durchschnittlicher Stundenverdienst von Beschäftigten,
2017,EUR pro Stunde,24 Jahre und jünger,,Weiblich,,,.,,,Durchschnittlicher Stundenverdienst von Beschäftigten,
2018,EUR pro Stunde,24 Jahre und jünger,,Weiblich,,,,,,Durchschnittlicher Stundenverdienst von Beschäftigten,10.22
2019,EUR pro Stunde,24 Jahre und jünger,,Weiblich,,,.,,,Durchschnittlicher Stundenverdienst von Beschäftigten,
2020,EUR pro Stunde,24 Jahre und jünger,,Weiblich,,,.,,,Durchschnittlicher Stundenverdienst von Beschäftigten,
2021,EUR pro Stunde,24 Jahre und jünger,,Weiblich,,,.,,,Durchschnittlicher Stundenverdienst von Beschäftigten,
2022,EUR pro Stunde,24 Jahre und jünger,,Weiblich,,,,,,Durchschnittlicher Stundenverdienst von Beschäftigten,12.19
2023,EUR pro Stunde,24 Jahre und jünger,,Weiblich,,,,,,Durchschnittlicher Stundenverdienst von Beschäftigten,13.02
2024,EUR pro Stunde,24 Jahre und jünger,,Weiblich,,,,,,Durchschnittlicher Stundenverdienst von Beschäftigten,13.81
2025,EUR pro Stunde,24 Jahre und jünger,,Weiblich,,,,,,Durchschnittlicher Stundenverdienst von Beschäftigten,14.11
2010,EUR pro Stunde,25 bis unter 30 Jahre,,Weiblich,,,.,,,Durchschnittlicher Stundenverdienst von Beschäftigten,
2011,EUR pro Stunde,25 bis unter 30 Jahre,,Weiblich,,,.,,,Durchschnittlicher Stundenverdienst von Beschäftigten,
2012,EUR pro Stunde,25 bis unter 30 Jahre,,Weiblich,,,.,,,Durchschnittlicher Stundenverdienst von Beschäftigten,
2013,EUR pro Stunde,25 bis unter 30 Jahre,,Weiblich,,,.,,,Durchschnittlicher Stundenverdienst von Beschäftigten,
2014,EUR pro Stunde,25 bis unter 30 Jahre,,Weiblich,,,,,,Durchschnittlicher Stundenverdienst von Beschäftigten,13.68
2015,EUR pro Stunde,25 bis unter 30 Jahre,,Weiblich,,,.,,,Durchschnittlicher Stundenverdienst von Beschäftigten,
2016,EUR pro Stunde,25 bis unter 30 Jahre,,Weiblich,,,.,,,Durchschnittlicher Stundenverdienst von Beschäftigten,
2017,EUR pro Stunde,25 bis unter 30 Jahre,,Weiblich,,,.,,,Durchschnittlicher Stundenverdienst von Beschäftigten,
2018,EUR pro Stunde,25 bis unter 30 Jahre,,Weiblich,,,,,,Durchschnittlicher Stundenverdienst von Beschäftigten,15.54
2019,EUR pro Stunde,25 bis unter 30 Jahre,,Weiblich,,,.,,,Durchschnittlicher Stundenverdienst von Beschäftigten,
2020,EUR pro Stunde,25 bis unter 30 Jahre,,Weiblich,,,.,,,Durchschnittlicher Stundenverdienst von Beschäftigten,
2021,EUR pro Stunde,25 bis unter 30 Jahre,,Weiblich,,,.,,,Durchschnittlicher Stundenverdienst von Beschäftigten,
2022,EUR pro Stunde,25 bis unter 30 Jahre,,Weiblich,,,,,,Durchschnittlicher Stundenverdienst von Beschäftigten,18.35
2023,EUR pro Stunde,25 bis unter 30 Jahre,,Weiblich,,,,,,Durchschnittlicher Stundenverdienst von Beschäftigten,19.25
2024,EUR pro Stunde,25 bis unter 30 Jahre,,Weiblich,,,,,,Durchschnittlicher Stundenverdienst von Beschäftigten,20.42
2025,EUR pro Stunde,25 bis unter 30 Jahre,,Weiblich,,,,,,Durchschnittlicher Stundenverdienst von Beschäftigten,20.92
2010,EUR pro Stunde,30 bis unter 35 Jahre,,Weiblich,,,.,,,Durchschnittlicher Stundenverdienst von Beschäftigten,
2011,EUR pro Stunde,30 bis unter 35 Jahre,,Weiblich,,,.,,,Durchschnittlicher Stundenverdienst von Beschäftigten,
2012,EUR pro Stunde,30 bis unter 35 Jahre,,Weiblich,,,.,,,Durchschnittlicher Stundenverdienst von Beschäftigten,
2013,EUR pro Stunde,30 bis unter 35 Jahre,,Weiblich,,,.,,,Durchschnittlicher Stundenverdienst von Beschäftigten,
2014,EUR pro Stunde,30 bis unter 35 Jahre,,Weiblich,,,,,,Durchschnittlicher Stundenverdienst von Beschäftigten,16.02
2015,EUR pro Stunde,30 bis unter 35 Jahre,,Weiblich,,,.,,,Durchschnittlicher Stundenverdienst von Beschäftigten,
2016,EUR pro Stunde,30 bis unter 35 Jahre,,Weiblich,,,.,,,Durchschnittlicher Stundenverdienst von Beschäftigten,
2017,EUR pro Stunde,30 bis unter 35 Jahre,,Weiblich,,,.,,,Durchschnittlicher Stundenverdienst von Beschäftigten,
2018,EUR pro Stunde,30 bis unter 35 Jahre,,Weiblich,,,,,,Durchschnittlicher Stundenverdienst von Beschäftigten,18.13
2019,EUR pro Stunde,30 bis unter 35 Jahre,,Weiblich,,,.,,,Durchschnittlicher Stundenverdienst von Beschäftigten,
2020,EUR pro Stunde,30 bis unter 35 Jahre,,Weiblich,,,.,,,Durchschnittlicher Stundenverdienst von Beschäftigten,
2021,EUR pro Stunde,30 bis unter 35 Jahre,,Weiblich,,,.,,,Durchschnittlicher Stundenverdienst von Beschäftigten,
2022,EUR pro Stunde,30 bis unter 35 Jahre,,Weiblich,,,,,,Durchschnittlicher Stundenverdienst von Beschäftigten,20.85
2023,EUR pro Stunde,30 bis unter 35 Jahre,,Weiblich,,,,,,Durchschnittlicher Stundenverdienst von Beschäftigten,21.61
2024,EUR pro Stunde,30 bis unter 35 Jahre,,Weiblich,,,,,,Durchschnittlicher Stundenverdienst von Beschäftigten,22.99
2025,EUR pro Stunde,30 bis unter 35 Jahre,,Weiblich,,,,,,Durchschnittlicher Stundenverdienst von Beschäftigten,24.01
2010,EUR pro Stunde,35 bis unter 40 Jahre,,Weiblich,,,.,,,Durchschnittlicher Stundenverdienst von Beschäftigten,
2011,EUR pro Stunde,35 bis unter 40 Jahre,,Weiblich,,,.,,,Durchschnittlicher Stundenverdienst von Beschäftigten,
2012,EUR pro Stunde,35 bis unter 40 Jahre,,Weiblich,,,.,,,Durchschnittlicher Stundenverdienst von Beschäftigten,
2013,EUR pro Stunde,35 bis unter 40 Jahre,,Weiblich,,,.,,,Durchschnittlicher Stundenverdienst von Beschäftigten,
2014,EUR pro Stunde,35 bis unter 40 Jahre,,Weiblich,,,,,,Durchschnittlicher Stundenverdienst von Beschäftigten,16.61
2015,EUR pro Stunde,35 bis unter 40 Jahre,,Weiblich,,,.,,,Durchschnittlicher Stundenverdienst von Beschäftigten,
2016,EUR pro Stunde,35 bis unter 40 Jahre,,Weiblich,,,.,,,Durchschnittlicher Stundenverdienst von Beschäftigten,
2017,EUR pro Stunde,35 bis unter 40 Jahre,,Weiblich,,,.,,,Durchschnittlicher Stundenverdienst von Beschäftigten,
2018,EUR pro Stunde,35 bis unter 40 Jahre,,Weiblich,,,,,,Durchschnittlicher Stundenverdienst von Beschäftigten,18.65
2019,EUR pro Stunde,35 bis unter 40 Jahre,,Weiblich,,,.,,,Durchschnittlicher Stundenverdienst von Beschäftigten,
2020,EUR pro Stunde,35 bis unter 40 Jahre,,Weiblich,,,.,,,Durchschnittlicher Stundenverdienst von Beschäftigten,
2021,EUR pro Stunde,35 bis unter 40 Jahre,,Weiblich,,,.,,,Durchschnittlicher Stundenverdienst von Beschäftigten,
2022,EUR pro Stunde,35 bis unter 40 Jahre,,Weiblich,,,,,,Durchschnittlicher Stundenverdienst von Beschäftigten,21.64
2023,EUR pro Stunde,35 bis unter 40 Jahre,,Weiblich,,,,,,Durchschnittlicher Stundenverdienst von Beschäftigten,22.4
2024,EUR pro Stunde,35 bis unter 40 Jahre,,Weiblich,,,,,,Durchschnittlicher Stundenverdienst von Beschäftigten,23.95
2025,EUR pro Stunde,35 bis unter 40 Jahre,,Weiblich,,,,,,Durchschnittlicher Stundenverdienst von Beschäftigten,24.67
2010,EUR pro Stunde,40 bis unter 45 Jahre,,Weiblich,,,.,,,Durchschnittlicher Stundenverdienst von Beschäftigten,
2011,EUR pro Stunde,40 bis unter 45 Jahre,,Weiblich,,,.,,,Durchschnittlicher Stundenverdienst von Beschäftigten,
2012,EUR pro Stunde,40 bis unter 45 Jahre,,Weiblich,,,.,,,Durchschnittlicher Stundenverdienst von Beschäftigten,
2013,EUR pro Stunde,40 bis unter 45 Jahre,,Weiblich,,,.,,,Durchschnittlicher Stundenverdienst von Beschäftigten,
2014,EUR pro Stunde,40 bis unter 45 Jahre,,Weiblich,,,,,,Durchschnittlicher Stundenverdienst von Beschäftigten,16.7
2015,EUR pro Stunde,40 bis unter 45 Jahre,,Weiblich,,,.,,,Durchschnittlicher Stundenverdienst von Beschäftigten,
2016,EUR pro Stunde,40 bis unter 45 Jahre,,Weiblich,,,.,,,Durchschnittlicher Stundenverdienst von Beschäftigten,
2017,EUR pro Stunde,40 bis unter 45 Jahre,,Weiblich,,,.,,,Durchschnittlicher Stundenverdienst von Beschäftigten,
2018,EUR pro Stunde,40 bis unter 45 Jahre,,Weiblich,,,,,,Durchschnittlicher Stundenverdienst von Beschäftigten,18.6
2019,EUR pro Stunde,40 bis unter 45 Jahre,,Weiblich,,,.,,,Durchschnittlicher Stundenverdienst von Beschäftigten,
2020,EUR pro Stunde,40 bis unter 45 Jahre,,Weiblich,,,.,,,Durchschnittlicher Stundenverdienst von Beschäftigten,
2021,EUR pro Stunde,40 bis unter 45 Jahre,,Weiblich,,,.,,,Durchschnittlicher Stundenverdienst von Beschäftigten,
2022,EUR pro Stunde,40 bis unter 45 Jahre,,Weiblich,,,,,,Durchschnittlicher Stundenverdienst von Beschäftigten,21.85
2023,EUR pro Stunde,40 bis unter 45 Jahre,,Weiblich,,,,,,Durchschnittlicher Stundenverdienst von Beschäftigten,22.59
2024,EUR pro Stunde,40 bis unter 45 Jahre,,Weiblich,,,,,,Durchschnittlicher Stundenverdienst von Beschäftigten,24.17
2025,EUR pro Stunde,40 bis unter 45 Jahre,,Weiblich,,,,,,Durchschnittlicher Stundenverdienst von Beschäftigten,24.86
2010,EUR pro Stunde,45 bis unter 50 Jahre,,Weiblich,,,.,,,Durchschnittlicher Stundenverdienst von Beschäftigten,
2011,EUR pro Stunde,45 bis unter 50 Jahre,,Weiblich,,,.,,,Durchschnittlicher Stundenverdienst von Beschäftigten,
2012,EUR pro Stunde,45 bis unter 50 Jahre,,Weiblich,,,.,,,Durchschnittlicher Stundenverdienst von Beschäftigten,
2013,EUR pro Stunde,45 bis unter 50 Jahre,,Weiblich,,,.,,,Durchschnittlicher Stundenverdienst von Beschäftigten,
2014,EUR pro Stunde,45 bis unter 50 Jahre,,Weiblich,,,,,,Durchschnittlicher Stundenverdienst von Beschäftigten,16.8
2015,EUR pro Stunde,45 bis unter 50 Jahre,,Weiblich,,,.,,,Durchschnittlicher Stundenverdienst von Beschäftigten,
2016,EUR pro Stunde,45 bis unter 50 Jahre,,Weiblich,,,.,,,Durchschnittlicher Stundenverdienst von Beschäftigten,
2017,EUR pro Stunde,45 bis unter 50 Jahre,,Weiblich,,,.,,,Durchschnittlicher Stundenverdienst von Beschäftigten,
2018,EUR pro Stunde,45 bis unter 50 Jahre,,Weiblich,,,,,,Durchschnittlicher Stundenverdienst von Beschäftigten,18.68
2019,EUR pro Stunde,45 bis unter 50 Jahre,,Weiblich,,,.,,,Durchschnittlicher Stundenverdienst von Beschäftigten,
2020,EUR pro Stunde,45 bis unter 50 Jahre,,Weiblich,,,.,,,Durchschnittlicher Stundenverdienst von Beschäftigten,
2021,EUR pro Stunde,45 bis unter 50 Jahre,,Weiblich,,,.,,,Durchschnittlicher Stundenverdienst von Beschäftigten,
2022,EUR pro Stunde,45 bis unter 50 Jahre,,Weiblich,,,,,,Durchschnittlicher Stundenverdienst von Beschäftigten,21.56
2023,EUR pro Stunde,45 bis unter 50 Jahre,,Weiblich,,,,,,Durchschnittlicher Stundenverdienst von Beschäftigten,22.49
2024,EUR pro Stunde,45 bis unter 50 Jahre,,Weiblich,,,,,,Durchschnittlicher Stundenverdienst von Beschäftigten,24.01
2025,EUR pro Stunde,45 bis unter 50 Jahre,,Weiblich,,,,,,Durchschnittlicher Stundenverdienst von Beschäftigten,24.73
2010,EUR pro Stunde,50 bis unter 55 Jahre,,Weiblich,,,.,,,Durchschnittlicher Stundenverdienst von Beschäftigten,
2011,EUR pro Stunde,50 bis unter 55 Jahre,,Weiblich,,,.,,,Durchschnittlicher Stundenverdienst von Beschäftigten,
2012,EUR pro Stunde,50 bis unter 55 Jahre,,Weiblich,,,.,,,Durchschnittlicher Stundenverdienst von Beschäftigten,
2013,EUR pro Stunde,50 bis unter 55 Jahre,,Weiblich,,,.,,,Durchschnittlicher Stundenverdienst von Beschäftigten,
2014,EUR pro Stunde,50 bis unter 55 Jahre,,Weiblich,,,,,,Durchschnittlicher Stundenverdienst von Beschäftigten,16.4
2015,EUR pro Stunde,50 bis unter 55 Jahre,,Weiblich,,,.,,,Durchschnittlicher Stundenverdienst von Beschäftigten,
2016,EUR pro Stunde,50 bis unter 55 Jahre,,Weiblich,,,.,,,Durchschnittlicher Stundenverdienst von Beschäftigten,
2017,EUR pro Stunde,50 bis unter 55 Jahre,,Weiblich,,,.,,,Durchschnittlicher Stundenverdienst von Beschäftigten,
2018,EUR pro Stunde,50 bis unter 55 Jahre,,Weiblich,,,,,,Durchschnittlicher Stundenverdienst von Beschäftigten,18.54
2019,EUR pro Stunde,50 bis unter 55 Jahre,,Weiblich,,,.,,,Durchschnittlicher Stundenverdienst von Beschäftigten,
2020,EUR pro Stunde,50 bis unter 55 Jahre,,Weiblich,,,.,,,Durchschnittlicher Stundenverdienst von Beschäftigten,
2021,EUR pro Stunde,50 bis unter 55 Jahre,,Weiblich,,,.,,,Durchschnittlicher Stundenverdienst von Beschäftigten,
2022,EUR pro Stunde,50 bis unter 55 Jahre,,Weiblich,,,,,,Durchschnittlicher Stundenverdienst von Beschäftigten,21.55
2023,EUR pro Stunde,50 bis unter 55 Jahre,,Weiblich,,,,,,Durchschnittlicher Stundenverdienst von Beschäftigten,22.16
2024,EUR pro Stunde,50 bis unter 55 Jahre,,Weiblich,,,,,,Durchschnittlicher Stundenverdienst von Beschäftigten,23.74
2025,EUR pro Stunde,50 bis unter 55 Jahre,,Weiblich,,,,,,Durchschnittlicher Stundenverdienst von Beschäftigten,24.35
2010,EUR pro Stunde,55 bis unter 60 Jahre,,Weiblich,,,.,,,Durchschnittlicher Stundenverdienst von Beschäftigten,
2011,EUR pro Stunde,55 bis unter 60 Jahre,,Weiblich,,,.,,,Durchschnittlicher Stundenverdienst von Beschäftigten,
2012,EUR pro Stunde,55 bis unter 60 Jahre,,Weiblich,,,.,,,Durchschnittlicher Stundenverdienst von Beschäftigten,
2013,EUR pro Stunde,55 bis unter 60 Jahre,,Weiblich,,,.,,,Durchschnittlicher Stundenverdienst von Beschäftigten,
2014,EUR pro Stunde,55 bis unter 60 Jahre,,Weiblich,,,,,,Durchschnittlicher Stundenverdienst von Beschäftigten,16.38
2015,EUR pro Stunde,55 bis unter 60 Jahre,,Weiblich,,,.,,,Durchschnittlicher Stundenverdienst von Beschäftigten,
2016,EUR pro Stunde,55 bis unter 60 Jahre,,Weiblich,,,.,,,Durchschnittlicher Stundenverdienst von Beschäftigten,
2017,EUR pro Stunde,55 bis unter 60 Jahre,,Weiblich,,,.,,,Durchschnittlicher Stundenverdienst von Beschäftigten,
2018,EUR pro Stunde,55 bis unter 60 Jahre,,Weiblich,,,,,,Durchschnittlicher Stundenverdienst von Beschäftigten,18.12
2019,EUR pro Stunde,55 bis unter 60 Jahre,,Weiblich,,,.,,,Durchschnittlicher Stundenverdienst von Beschäftigten,
2020,EUR pro Stunde,55 bis unter 60 Jahre,,Weiblich,,,.,,,Durchschnittlicher Stundenverdienst von Beschäftigten,
2021,EUR pro Stunde,55 bis unter 60 Jahre,,Weiblich,,,.,,,Durchschnittlicher Stundenverdienst von Beschäftigten,
2022,EUR pro Stunde,55 bis unter 60 Jahre,,Weiblich,,,,,,Durchschnittlicher Stundenverdienst von Beschäftigten,21.04
2023,EUR pro Stunde,55 bis unter 60 Jahre,,Weiblich,,,,,,Durchschnittlicher Stundenverdienst von Beschäftigten,21.99
2024,EUR pro Stunde,55 bis unter 60 Jahre,,Weiblich,,,,,,Durchschnittlicher Stundenverdienst von Beschäftigten,23.43
2025,EUR pro Stunde,55 bis unter 60 Jahre,,Weiblich,,,,,,Durchschnittlicher Stundenverdienst von Beschäftigten,24.12
2010,EUR pro Stunde,60 bis unter 65 Jahre,,Weiblich,,,.,,,Durchschnittlicher Stundenverdienst von Beschäftigten,
2011,EUR pro Stunde,60 bis unter 65 Jahre,,Weiblich,,,.,,,Durchschnittlicher Stundenverdienst von Beschäftigten,
2012,EUR pro Stunde,60 bis unter 65 Jahre,,Weiblich,,,.,,,Durchschnittlicher Stundenverdienst von Beschäftigten,
2013,EUR pro Stunde,60 bis unter 65 Jahre,,Weiblich,,,.,,,Durchschnittlicher Stundenverdienst von Beschäftigten,
2014,EUR pro Stunde,60 bis unter 65 Jahre,,Weiblich,,,,,,Durchschnittlicher Stundenverdienst von Beschäftigten,16.84
2015,EUR pro Stunde,60 bis unter 65 Jahre,,Weiblich,,,.,,,Durchschnittlicher Stundenverdienst von Beschäftigten,
2016,EUR pro Stunde,60 bis unter 65 Jahre,,Weiblich,,,.,,,Durchschnittlicher Stundenverdienst von Beschäftigten,
2017,EUR pro Stunde,60 bis unter 65 Jahre,,Weiblich,,,.,,,Durchschnittlicher Stundenverdienst von Beschäftigten,
2018,EUR pro Stunde,60 bis unter 65 Jahre,,Weiblich,,,,,,Durchschnittlicher Stundenverdienst von Beschäftigten,18.46
2019,EUR pro Stunde,60 bis unter 65 Jahre,,Weiblich,,,.,,,Durchschnittlicher Stundenverdienst von Beschäftigten,
2020,EUR pro Stunde,60 bis unter 65 Jahre,,Weiblich,,,.,,,Durchschnittlicher Stundenverdienst von Beschäftigten,
2021,EUR pro Stunde,60 bis unter 65 Jahre,,Weiblich,,,.,,,Durchschnittlicher Stundenverdienst von Beschäftigten,
2022,EUR pro Stunde,60 bis unter 65 Jahre,,Weiblich,,,,,,Durchschnittlicher Stundenverdienst von Beschäftigten,20.95
2023,EUR pro Stunde,60 bis unter 65 Jahre,,Weiblich,,,,,,Durchschnittlicher Stundenverdienst von Beschäftigten,21.69
2024,EUR pro Stunde,60 bis unter 65 Jahre,,Weiblich,,,,,,Durchschnittlicher Stundenverdienst von Beschäftigten,23.04
2025,EUR pro Stunde,60 bis unter 65 Jahre,,Weiblich,,,,,,Durchschnittlicher Stundenverdienst von Beschäftigten,23.64
2010,EUR pro Stunde,65 Jahre und älter,,Weiblich,,,.,,,Durchschnittlicher Stundenverdienst von Beschäftigten,
2011,EUR pro Stunde,65 Jahre und älter,,Weiblich,,,.,,,Durchschnittlicher Stundenverdienst von Beschäftigten,
2012,EUR pro Stunde,65 Jahre und älter,,Weiblich,,,.,,,Durchschnittlicher Stundenverdienst von Beschäftigten,
2013,EUR pro Stunde,65 Jahre und älter,,Weiblich,,,.,,,Durchschnittlicher Stundenverdienst von Beschäftigten,
2014,EUR pro Stunde,65 Jahre und älter,,Weiblich,,,,,,Durchschnittlicher Stundenverdienst von Beschäftigten,11.67
2015,EUR pro Stunde,65 Jahre und älter,,Weiblich,,,.,,,Durchschnittlicher Stundenverdienst von Beschäftigten,
2016,EUR pro Stunde,65 Jahre und älter,,Weiblich,,,.,,,Durchschnittlicher Stundenverdienst von Beschäftigten,
2017,EUR pro Stunde,65 Jahre und älter,,Weiblich,,,.,,,Durchschnittlicher Stundenverdienst von Beschäftigten,
2018,EUR pro Stunde,65 Jahre und älter,,Weiblich,,,,,,Durchschnittlicher Stundenverdienst von Beschäftigten,14.08
2019,EUR pro Stunde,65 Jahre und älter,,Weiblich,,,.,,,Durchschnittlicher Stundenverdienst von Beschäftigten,
2020,EUR pro Stunde,65 Jahre und älter,,Weiblich,,,.,,,Durchschnittlicher Stundenverdienst von Beschäftigten,
2021,EUR pro Stunde,65 Jahre und älter,,Weiblich,,,.,,,Durchschnittlicher Stundenverdienst von Beschäftigten,
2022,EUR pro Stunde,65 Jahre und älter,,Weiblich,,,,,,Durchschnittlicher Stundenverdienst von Beschäftigten,18.22
2023,EUR pro Stunde,65 Jahre und älter,,Weiblich,,,,,,Durchschnittlicher Stundenverdienst von Beschäftigten,19.49
2024,EUR pro Stunde,65 Jahre und älter,,Weiblich,,,,,,Durchschnittlicher Stundenverdienst von Beschäftigten,21.16
2025,EUR pro Stunde,65 Jahre und älter,,Weiblich,,,,,,Durchschnittlicher Stundenverdienst von Beschäftigten,20.12
2010,EUR pro Stunde,,Führungskräfte,Weiblich,,,,,,Durchschnittlicher Stundenverdienst von Beschäftigten,27.64
2011,EUR pro Stunde,,Führungskräfte,Weiblich,,,.,,,Durchschnittlicher Stundenverdienst von Beschäftigten,
2012,EUR pro Stunde,,Führungskräfte,Weiblich,,,.,,,Durchschnittlicher Stundenverdienst von Beschäftigten,
2013,EUR pro Stunde,,Führungskräfte,Weiblich,,,.,,,Durchschnittlicher Stundenverdienst von Beschäftigten,
2014,EUR pro Stunde,,Führungskräfte,Weiblich,,,,,,Durchschnittlicher Stundenverdienst von Beschäftigten,33.84
2015,EUR pro Stunde,,Führungskräfte,Weiblich,,,.,,,Durchschnittlicher Stundenverdienst von Beschäftigten,
2016,EUR pro Stunde,,Führungskräfte,Weiblich,,,.,,,Durchschnittlicher Stundenverdienst von Beschäftigten,
2017,EUR pro Stunde,,Führungskräfte,Weiblich,,,.,,,Durchschnittlicher Stundenverdienst von Beschäftigten,
2018,EUR pro Stunde,,Führungskräfte,Weiblich,,,,,,Durchschnittlicher Stundenverdienst von Beschäftigten,37.27
2019,EUR pro Stunde,,Führungskräfte,Weiblich,,,.,,,Durchschnittlicher Stundenverdienst von Beschäftigten,
2020,EUR pro Stunde,,Führungskräfte,Weiblich,,,.,,,Durchschnittlicher Stundenverdienst von Beschäftigten,
2021,EUR pro Stunde,,Führungskräfte,Weiblich,,,.,,,Durchschnittlicher Stundenverdienst von Beschäftigten,
2022,EUR pro Stunde,,Führungskräfte,Weiblich,,,,,,Durchschnittlicher Stundenverdienst von Beschäftigten,37.01
2010,EUR pro Stunde,,Akademische Berufe,Weiblich,,,,,,Durchschnittlicher Stundenverdienst von Beschäftigten,21.02
2011,EUR pro Stunde,,Akademische Berufe,Weiblich,,,.,,,Durchschnittlicher Stundenverdienst von Beschäftigten,
2012,EUR pro Stunde,,Akademische Berufe,Weiblich,,,.,,,Durchschnittlicher Stundenverdienst von Beschäftigten,
2013,EUR pro Stunde,,Akademische Berufe,Weiblich,,,.,,,Durchschnittlicher Stundenverdienst von Beschäftigten,
2014,EUR pro Stunde,,Akademische Berufe,Weiblich,,,,,,Durchschnittlicher Stundenverdienst von Beschäftigten,23.31
2015,EUR pro Stunde,,Akademische Berufe,Weiblich,,,.,,,Durchschnittlicher Stundenverdienst von Beschäftigten,
2016,EUR pro Stunde,,Akademische Berufe,Weiblich,,,.,,,Durchschnittlicher Stundenverdienst von Beschäftigten,
2017,EUR pro Stunde,,Akademische Berufe,Weiblich,,,.,,,Durchschnittlicher Stundenverdienst von Beschäftigten,
2018,EUR pro Stunde,,Akademische Berufe,Weiblich,,,,,,Durchschnittlicher Stundenverdienst von Beschäftigten,25.71
2019,EUR pro Stunde,,Akademische Berufe,Weiblich,,,.,,,Durchschnittlicher Stundenverdienst von Beschäftigten,
2020,EUR pro Stunde,,Akademische Berufe,Weiblich,,,.,,,Durchschnittlicher Stundenverdienst von Beschäftigten,
2021,EUR pro Stunde,,Akademische Berufe,Weiblich,,,.,,,Durchschnittlicher Stundenverdienst von Beschäftigten,
2022,EUR pro Stunde,,Akademische Berufe,Weiblich,,,,,,Durchschnittlicher Stundenverdienst von Beschäftigten,28.59
2010,EUR pro Stunde,,Techniker und gleichrangige nichttechnische Berufe,Weiblich,,,,,,Durchschnittlicher Stundenverdienst von Beschäftigten,17.09
2011,EUR pro Stunde,,Techniker und gleichrangige nichttechnische Berufe,Weiblich,,,.,,,Durchschnittlicher Stundenverdienst von Beschäftigten,
2012,EUR pro Stunde,,Techniker und gleichrangige nichttechnische Berufe,Weiblich,,,.,,,Durchschnittlicher Stundenverdienst von Beschäftigten,
2013,EUR pro Stunde,,Techniker und gleichrangige nichttechnische Berufe,Weiblich,,,.,,,Durchschnittlicher Stundenverdienst von Beschäftigten,
2014,EUR pro Stunde,,Techniker und gleichrangige nichttechnische Berufe,Weiblich,,,,,,Durchschnittlicher Stundenverdienst von Beschäftigten,17.22
2015,EUR pro Stunde,,Techniker und gleichrangige nichttechnische Berufe,Weiblich,,,.,,,Durchschnittlicher Stundenverdienst von Beschäftigten,
2016,EUR pro Stunde,,Techniker und gleichrangige nichttechnische Berufe,Weiblich,,,.,,,Durchschnittlicher Stundenverdienst von Beschäftigten,
2017,EUR pro Stunde,,Techniker und gleichrangige nichttechnische Berufe,Weiblich,,,.,,,Durchschnittlicher Stundenverdienst von Beschäftigten,
2018,EUR pro Stunde,,Techniker und gleichrangige nichttechnische Berufe,Weiblich,,,,,,Durchschnittlicher Stundenverdienst von Beschäftigten,19.16
2019,EUR pro Stunde,,Techniker und gleichrangige nichttechnische Berufe,Weiblich,,,.,,,Durchschnittlicher Stundenverdienst von Beschäftigten,
2020,EUR pro Stunde,,Techniker und gleichrangige nichttechnische Berufe,Weiblich,,,.,,,Durchschnittlicher Stundenverdienst von Beschäftigten,
2021,EUR pro Stunde,,Techniker und gleichrangige nichttechnische Berufe,Weiblich,,,.,,,Durchschnittlicher Stundenverdienst von Beschäftigten,
2022,EUR pro Stunde,,Techniker und gleichrangige nichttechnische Berufe,Weiblich,,,,,,Durchschnittlicher Stundenverdienst von Beschäftigten,21.57
2010,EUR pro Stunde,,Bürokräfte und verwandte Berufe,Weiblich,,,,,,Durchschnittlicher Stundenverdienst von Beschäftigten,13.8
2011,EUR pro Stunde,,Bürokräfte und verwandte Berufe,Weiblich,,,.,,,Durchschnittlicher Stundenverdienst von Beschäftigten,
2012,EUR pro Stunde,,Bürokräfte und verwandte Berufe,Weiblich,,,.,,,Durchschnittlicher Stundenverdienst von Beschäftigten,
2013,EUR pro Stunde,,Bürokräfte und verwandte Berufe,Weiblich,,,.,,,Durchschnittlicher Stundenverdienst von Beschäftigten,
2014,EUR pro Stunde,,Bürokräfte und verwandte Berufe,Weiblich,,,,,,Durchschnittlicher Stundenverdienst von Beschäftigten,16.07
2015,EUR pro Stunde,,Bürokräfte und verwandte Berufe,Weiblich,,,.,,,Durchschnittlicher Stundenverdienst von Beschäftigten,
2016,EUR pro Stunde,,Bürokräfte und verwandte Berufe,Weiblich,,,.,,,Durchschnittlicher Stundenverdienst von Beschäftigten,
2017,EUR pro Stunde,,Bürokräfte und verwandte Berufe,Weiblich,,,.,,,Durchschnittlicher Stundenverdienst von Beschäftigten,
2018,EUR pro Stunde,,Bürokräfte und verwandte Berufe,Weiblich,,,,,,Durchschnittlicher Stundenverdienst von Beschäftigten,17.56
2019,EUR pro Stunde,,Bürokräfte und verwandte Berufe,Weiblich,,,.,,,Durchschnittlicher Stundenverdienst von Beschäftigten,
2020,EUR pro Stunde,,Bürokräfte und verwandte Berufe,Weiblich,,,.,,,Durchschnittlicher Stundenverdienst von Beschäftigten,
2021,EUR pro Stunde,,Bürokräfte und verwandte Berufe,Weiblich,,,.,,,Durchschnittlicher Stundenverdienst von Beschäftigten,
2022,EUR pro Stunde,,Bürokräfte und verwandte Berufe,Weiblich,,,,,,Durchschnittlicher Stundenverdienst von Beschäftigten,19.31
2010,EUR pro Stunde,,Dienstleistungsberufe und Verkäufer,Weiblich,,,,,,Durchschnittlicher Stundenverdienst von Beschäftigten,11.51
2011,EUR pro Stunde,,Dienstleistungsberufe und Verkäufer,Weiblich,,,.,,,Durchschnittlicher Stundenverdienst von Beschäftigten,
2012,EUR pro Stunde,,Dienstleistungsberufe und Verkäufer,Weiblich,,,.,,,Durchschnittlicher Stundenverdienst von Beschäftigten,
2013,EUR pro Stunde,,Dienstleistungsberufe und Verkäufer,Weiblich,,,.,,,Durchschnittlicher Stundenverdienst von Beschäftigten,
2014,EUR pro Stunde,,Dienstleistungsberufe und Verkäufer,Weiblich,,,,,,Durchschnittlicher Stundenverdienst von Beschäftigten,11.37
2015,EUR pro Stunde,,Dienstleistungsberufe und Verkäufer,Weiblich,,,.,,,Durchschnittlicher Stundenverdienst von Beschäftigten,
2016,EUR pro Stunde,,Dienstleistungsberufe und Verkäufer,Weiblich,,,.,,,Durchschnittlicher Stundenverdienst von Beschäftigten,
2017,EUR pro Stunde,,Dienstleistungsberufe und Verkäufer,Weiblich,,,.,,,Durchschnittlicher Stundenverdienst von Beschäftigten,
2018,EUR pro Stunde,,Dienstleistungsberufe und Verkäufer,Weiblich,,,,,,Durchschnittlicher Stundenverdienst von Beschäftigten,12.81
2019,EUR pro Stunde,,Dienstleistungsberufe und Verkäufer,Weiblich,,,.,,,Durchschnittlicher Stundenverdienst von Beschäftigten,
2020,EUR pro Stunde,,Dienstleistungsberufe und Verkäufer,Weiblich,,,.,,,Durchschnittlicher Stundenverdienst von Beschäftigten,
2021,EUR pro Stunde,,Dienstleistungsberufe und Verkäufer,Weiblich,,,.,,,Durchschnittlicher Stundenverdienst von Beschäftigten,
2022,EUR pro Stunde,,Dienstleistungsberufe und Verkäufer,Weiblich,,,,,,Durchschnittlicher Stundenverdienst von Beschäftigten,15.58
2010,EUR pro Stunde,,"Fachkräfte in Land- und Forstwirtschaft und Fischerei, Handwerks- und verwandte Berufe",Weiblich,,,,,,Durchschnittlicher Stundenverdienst von Beschäftigten,10.32
2011,EUR pro Stunde,,"Fachkräfte in Land- und Forstwirtschaft und Fischerei, Handwerks- und verwandte Berufe",Weiblich,,,.,,,Durchschnittlicher Stundenverdienst von Beschäftigten,
2012,EUR pro Stunde,,"Fachkräfte in Land- und Forstwirtschaft und Fischerei, Handwerks- und verwandte Berufe",Weiblich,,,.,,,Durchschnittlicher Stundenverdienst von Beschäftigten,
2013,EUR pro Stunde,,"Fachkräfte in Land- und Forstwirtschaft und Fischerei, Handwerks- und verwandte Berufe",Weiblich,,,.,,,Durchschnittlicher Stundenverdienst von Beschäftigten,
2014,EUR pro Stunde,,"Fachkräfte in Land- und Forstwirtschaft und Fischerei, Handwerks- und verwandte Berufe",Weiblich,,,,,,Durchschnittlicher Stundenverdienst von Beschäftigten,10.9
2015,EUR pro Stunde,,"Fachkräfte in Land- und Forstwirtschaft und Fischerei, Handwerks- und verwandte Berufe",Weiblich,,,.,,,Durchschnittlicher Stundenverdienst von Beschäftigten,
2016,EUR pro Stunde,,"Fachkräfte in Land- und Forstwirtschaft und Fischerei, Handwerks- und verwandte Berufe",Weiblich,,,.,,,Durchschnittlicher Stundenverdienst von Beschäftigten,
2017,EUR pro Stunde,,"Fachkräfte in Land- und Forstwirtschaft und Fischerei, Handwerks- und verwandte Berufe",Weiblich,,,.,,,Durchschnittlicher Stundenverdienst von Beschäftigten,
2018,EUR pro Stunde,,"Fachkräfte in Land- und Forstwirtschaft und Fischerei, Handwerks- und verwandte Berufe",Weiblich,,,,,,Durchschnittlicher Stundenverdienst von Beschäftigten,14.91
2019,EUR pro Stunde,,"Fachkräfte in Land- und Forstwirtschaft und Fischerei, Handwerks- und verwandte Berufe",Weiblich,,,.,,,Durchschnittlicher Stundenverdienst von Beschäftigten,
2020,EUR pro Stunde,,"Fachkräfte in Land- und Forstwirtschaft und Fischerei, Handwerks- und verwandte Berufe",Weiblich,,,.,,,Durchschnittlicher Stundenverdienst von Beschäftigten,
2021,EUR pro Stunde,,"Fachkräfte in Land- und Forstwirtschaft und Fischerei, Handwerks- und verwandte Berufe",Weiblich,,,.,,,Durchschnittlicher Stundenverdienst von Beschäftigten,
2022,EUR pro Stunde,,"Fachkräfte in Land- und Forstwirtschaft und Fischerei, Handwerks- und verwandte Berufe",Weiblich,,,,,,Durchschnittlicher Stundenverdienst von Beschäftigten,14.99
2010,EUR pro Stunde,,Handwerks- und verwandte Berufe,Weiblich,,,,,,Durchschnittlicher Stundenverdienst von Beschäftigten,11.53
2011,EUR pro Stunde,,Handwerks- und verwandte Berufe,Weiblich,,,.,,,Durchschnittlicher Stundenverdienst von Beschäftigten,
2012,EUR pro Stunde,,Handwerks- und verwandte Berufe,Weiblich,,,.,,,Durchschnittlicher Stundenverdienst von Beschäftigten,
2013,EUR pro Stunde,,Handwerks- und verwandte Berufe,Weiblich,,,.,,,Durchschnittlicher Stundenverdienst von Beschäftigten,
2014,EUR pro Stunde,,Handwerks- und verwandte Berufe,Weiblich,,,,,,Durchschnittlicher Stundenverdienst von Beschäftigten,13.16
2015,EUR pro Stunde,,Handwerks- und verwandte Berufe,Weiblich,,,.,,,Durchschnittlicher Stundenverdienst von Beschäftigten,
2016,EUR pro Stunde,,Handwerks- und verwandte Berufe,Weiblich,,,.,,,Durchschnittlicher Stundenverdienst von Beschäftigten,
2017,EUR pro Stunde,,Handwerks- und verwandte Berufe,Weiblich,,,.,,,Durchschnittlicher Stundenverdienst von Beschäftigten,
2018,EUR pro Stunde,,Handwerks- und verwandte Berufe,Weiblich,,,,,,Durchschnittlicher Stundenverdienst von Beschäftigten,15.42
2019,EUR pro Stunde,,Handwerks- und verwandte Berufe,Weiblich,,,.,,,Durchschnittlicher Stundenverdienst von Beschäftigten,
2020,EUR pro Stunde,,Handwerks- und verwandte Berufe,Weiblich,,,.,,,Durchschnittlicher Stundenverdienst von Beschäftigten,
2021,EUR pro Stunde,,Handwerks- und verwandte Berufe,Weiblich,,,.,,,Durchschnittlicher Stundenverdienst von Beschäftigten,
2022,EUR pro Stunde,,Handwerks- und verwandte Berufe,Weiblich,,,,,,Durchschnittlicher Stundenverdienst von Beschäftigten,17.02
2010,EUR pro Stunde,,Bediener von Anlagen und Maschinen und Montageberufe,Weiblich,,,,,,Durchschnittlicher Stundenverdienst von Beschäftigten,11.9
2011,EUR pro Stunde,,Bediener von Anlagen und Maschinen und Montageberufe,Weiblich,,,.,,,Durchschnittlicher Stundenverdienst von Beschäftigten,
2012,EUR pro Stunde,,Bediener von Anlagen und Maschinen und Montageberufe,Weiblich,,,.,,,Durchschnittlicher Stundenverdienst von Beschäftigten,
2013,EUR pro Stunde,,Bediener von Anlagen und Maschinen und Montageberufe,Weiblich,,,.,,,Durchschnittlicher Stundenverdienst von Beschäftigten,
2014,EUR pro Stunde,,Bediener von Anlagen und Maschinen und Montageberufe,Weiblich,,,,,,Durchschnittlicher Stundenverdienst von Beschäftigten,12.5
2015,EUR pro Stunde,,Bediener von Anlagen und Maschinen und Montageberufe,Weiblich,,,.,,,Durchschnittlicher Stundenverdienst von Beschäftigten,
2016,EUR pro Stunde,,Bediener von Anlagen und Maschinen und Montageberufe,Weiblich,,,.,,,Durchschnittlicher Stundenverdienst von Beschäftigten,
2017,EUR pro Stunde,,Bediener von Anlagen und Maschinen und Montageberufe,Weiblich,,,.,,,Durchschnittlicher Stundenverdienst von Beschäftigten,
2018,EUR pro Stunde,,Bediener von Anlagen und Maschinen und Montageberufe,Weiblich,,,,,,Durchschnittlicher Stundenverdienst von Beschäftigten,14.27
2019,EUR pro Stunde,,Bediener von Anlagen und Maschinen und Montageberufe,Weiblich,,,.,,,Durchschnittlicher Stundenverdienst von Beschäftigten,
2020,EUR pro Stunde,,Bediener von Anlagen und Maschinen und Montageberufe,Weiblich,,,.,,,Durchschnittlicher Stundenverdienst von Beschäftigten,
2021,EUR pro Stunde,,Bediener von Anlagen und Maschinen und Montageberufe,Weiblich,,,.,,,Durchschnittlicher Stundenverdienst von Beschäftigten,
2022,EUR pro Stunde,,Bediener von Anlagen und Maschinen und Montageberufe,Weiblich,,,,,,Durchschnittlicher Stundenverdienst von Beschäftigten,15.85
2010,EUR pro Stunde,,Hilfsarbeitskräfte,Weiblich,,,,,,Durchschnittlicher Stundenverdienst von Beschäftigten,9.42
2011,EUR pro Stunde,,Hilfsarbeitskräfte,Weiblich,,,.,,,Durchschnittlicher Stundenverdienst von Beschäftigten,
2012,EUR pro Stunde,,Hilfsarbeitskräfte,Weiblich,,,.,,,Durchschnittlicher Stundenverdienst von Beschäftigten,
2013,EUR pro Stunde,,Hilfsarbeitskräfte,Weiblich,,,.,,,Durchschnittlicher Stundenverdienst von Beschäftigten,
2014,EUR pro Stunde,,Hilfsarbeitskräfte,Weiblich,,,,,,Durchschnittlicher Stundenverdienst von Beschäftigten,9.58
2015,EUR pro Stunde,,Hilfsarbeitskräfte,Weiblich,,,.,,,Durchschnittlicher Stundenverdienst von Beschäftigten,
2016,EUR pro Stunde,,Hilfsarbeitskräfte,Weiblich,,,.,,,Durchschnittlicher Stundenverdienst von Beschäftigten,
2017,EUR pro Stunde,,Hilfsarbeitskräfte,Weiblich,,,.,,,Durchschnittlicher Stundenverdienst von Beschäftigten,
2018,EUR pro Stunde,,Hilfsarbeitskräfte,Weiblich,,,,,,Durchschnittlicher Stundenverdienst von Beschäftigten,10.96
2019,EUR pro Stunde,,Hilfsarbeitskräfte,Weiblich,,,.,,,Durchschnittlicher Stundenverdienst von Beschäftigten,
2020,EUR pro Stunde,,Hilfsarbeitskräfte,Weiblich,,,.,,,Durchschnittlicher Stundenverdienst von Beschäftigten,
2021,EUR pro Stunde,,Hilfsarbeitskräfte,Weiblich,,,.,,,Durchschnittlicher Stundenverdienst von Beschäftigten,
2022,EUR pro Stunde,,Hilfsarbeitskräfte,Weiblich,,,,,,Durchschnittlicher Stundenverdienst von Beschäftigten,12.94
2010,EUR pro Stunde,,,Männlich,,,,,,Durchschnittlicher Stundenverdienst von Beschäftigten,18.81
2011,EUR pro Stunde,,,Männlich,,,,,,Durchschnittlicher Stundenverdienst von Beschäftigten,19.17
2012,EUR pro Stunde,,,Männlich,,,,,,Durchschnittlicher Stundenverdienst von Beschäftigten,19.63
2013,EUR pro Stunde,,,Männlich,,,,,,Durchschnittlicher Stundenverdienst von Beschäftigten,19.89
2014,EUR pro Stunde,,,Männlich,,,,,,Durchschnittlicher Stundenverdienst von Beschäftigten,19.87
2015,EUR pro Stunde,,,Männlich,,,,,,Durchschnittlicher Stundenverdienst von Beschäftigten,20.24
2016,EUR pro Stunde,,,Männlich,,,,,,Durchschnittlicher Stundenverdienst von Beschäftigten,20.67
2017,EUR pro Stunde,,,Männlich,,,,,,Durchschnittlicher Stundenverdienst von Beschäftigten,20.94
2018,EUR pro Stunde,,,Männlich,,,,,,Durchschnittlicher Stundenverdienst von Beschäftigten,21.7
2019,EUR pro Stunde,,,Männlich,,,,,,Durchschnittlicher Stundenverdienst von Beschäftigten,22.26
2020,EUR pro Stunde,,,Männlich,,,,,,Durchschnittlicher Stundenverdienst von Beschäftigten,22.78
2021,EUR pro Stunde,,,Männlich,,,,,,Durchschnittlicher Stundenverdienst von Beschäftigten,23.2
2022,EUR pro Stunde,,,Männlich,,,,,,Durchschnittlicher Stundenverdienst von Beschäftigten,24.36
2023,EUR pro Stunde,,,Männlich,,,,,,Durchschnittlicher Stundenverdienst von Beschäftigten,25.3
2024,EUR pro Stunde,,,Männlich,,,,,,Durchschnittlicher Stundenverdienst von Beschäftigten,26.34
2025,EUR pro Stunde,,,Männlich,,,,,,Durchschnittlicher Stundenverdienst von Beschäftigten,27.05
2010,EUR pro Stunde,24 Jahre und jünger,,Männlich,,,.,,,Durchschnittlicher Stundenverdienst von Beschäftigten,
2011,EUR pro Stunde,24 Jahre und jünger,,Männlich,,,.,,,Durchschnittlicher Stundenverdienst von Beschäftigten,
2012,EUR pro Stunde,24 Jahre und jünger,,Männlich,,,.,,,Durchschnittlicher Stundenverdienst von Beschäftigten,
2013,EUR pro Stunde,24 Jahre und jünger,,Männlich,,,.,,,Durchschnittlicher Stundenverdienst von Beschäftigten,
2014,EUR pro Stunde,24 Jahre und jünger,,Männlich,,,,,,Durchschnittlicher Stundenverdienst von Beschäftigten,9.35
2015,EUR pro Stunde,24 Jahre und jünger,,Männlich,,,.,,,Durchschnittlicher Stundenverdienst von Beschäftigten,
2016,EUR pro Stunde,24 Jahre und jünger,,Männlich,,,.,,,Durchschnittlicher Stundenverdienst von Beschäftigten,
2017,EUR pro Stunde,24 Jahre und jünger,,Männlich,,,.,,,Durchschnittlicher Stundenverdienst von Beschäftigten,
2018,EUR pro Stunde,24 Jahre und jünger,,Männlich,,,,,,Durchschnittlicher Stundenverdienst von Beschäftigten,10.87
2019,EUR pro Stunde,24 Jahre und jünger,,Männlich,,,.,,,Durchschnittlicher Stundenverdienst von Beschäftigten,
2020,EUR pro Stunde,24 Jahre und jünger,,Männlich,,,.,,,Durchschnittlicher Stundenverdienst von Beschäftigten,
2021,EUR pro Stunde,24 Jahre und jünger,,Männlich,,,.,,,Durchschnittlicher Stundenverdienst von Beschäftigten,
2022,EUR pro Stunde,24 Jahre und jünger,,Männlich,,,,,,Durchschnittlicher Stundenverdienst von Beschäftigten,12.35
2023,EUR pro Stunde,24 Jahre und jünger,,Männlich,,,,,,Durchschnittlicher Stundenverdienst von Beschäftigten,13.25
2024,EUR pro Stunde,24 Jahre und jünger,,Männlich,,,,,,Durchschnittlicher Stundenverdienst von Beschäftigten,13.76
2025,EUR pro Stunde,24 Jahre und jünger,,Männlich,,,,,,Durchschnittlicher Stundenverdienst von Beschäftigten,14.2
2010,EUR pro Stunde,25 bis unter 30 Jahre,,Männlich,,,.,,,Durchschnittlicher Stundenverdienst von Beschäftigten,
2011,EUR pro Stunde,25 bis unter 30 Jahre,,Männlich,,,.,,,Durchschnittlicher Stundenverdienst von Beschäftigten,
2012,EUR pro Stunde,25 bis unter 30 Jahre,,Männlich,,,.,,,Durchschnittlicher Stundenverdienst von Beschäftigten,
2013,EUR pro Stunde,25 bis unter 30 Jahre,,Männlich,,,.,,,Durchschnittlicher Stundenverdienst von Beschäftigten,
2014,EUR pro Stunde,25 bis unter 30 Jahre,,Männlich,,,,,,Durchschnittlicher Stundenverdienst von Beschäftigten,15.04
2015,EUR pro Stunde,25 bis unter 30 Jahre,,Männlich,,,.,,,Durchschnittlicher Stundenverdienst von Beschäftigten,
2016,EUR pro Stunde,25 bis unter 30 Jahre,,Männlich,,,.,,,Durchschnittlicher Stundenverdienst von Beschäftigten,
2017,EUR pro Stunde,25 bis unter 30 Jahre,,Männlich,,,.,,,Durchschnittlicher Stundenverdienst von Beschäftigten,
2018,EUR pro Stunde,25 bis unter 30 Jahre,,Männlich,,,,,,Durchschnittlicher Stundenverdienst von Beschäftigten,16.94
2019,EUR pro Stunde,25 bis unter 30 Jahre,,Männlich,,,.,,,Durchschnittlicher Stundenverdienst von Beschäftigten,
2020,EUR pro Stunde,25 bis unter 30 Jahre,,Männlich,,,.,,,Durchschnittlicher Stundenverdienst von Beschäftigten,
2021,EUR pro Stunde,25 bis unter 30 Jahre,,Männlich,,,.,,,Durchschnittlicher Stundenverdienst von Beschäftigten,
2022,EUR pro Stunde,25 bis unter 30 Jahre,,Männlich,,,,,,Durchschnittlicher Stundenverdienst von Beschäftigten,19.32
2023,EUR pro Stunde,25 bis unter 30 Jahre,,Männlich,,,,,,Durchschnittlicher Stundenverdienst von Beschäftigten,20.38
2024,EUR pro Stunde,25 bis unter 30 Jahre,,Männlich,,,,,,Durchschnittlicher Stundenverdienst von Beschäftigten,21.16
2025,EUR pro Stunde,25 bis unter 30 Jahre,,Männlich,,,,,,Durchschnittlicher Stundenverdienst von Beschäftigten,21.8
2010,EUR pro Stunde,30 bis unter 35 Jahre,,Männlich,,,.,,,Durchschnittlicher Stundenverdienst von Beschäftigten,
2011,EUR pro Stunde,30 bis unter 35 Jahre,,Männlich,,,.,,,Durchschnittlicher Stundenverdienst von Beschäftigten,
2012,EUR pro Stunde,30 bis unter 35 Jahre,,Männlich,,,.,,,Durchschnittlicher Stundenverdienst von Beschäftigten,
2013,EUR pro Stunde,30 bis unter 35 Jahre,,Männlich,,,.,,,Durchschnittlicher Stundenverdienst von Beschäftigten,
2014,EUR pro Stunde,30 bis unter 35 Jahre,,Männlich,,,,,,Durchschnittlicher Stundenverdienst von Beschäftigten,18.42
2015,EUR pro Stunde,30 bis unter 35 Jahre,,Männlich,,,.,,,Durchschnittlicher Stundenverdienst von Beschäftigten,
2016,EUR pro Stunde,30 bis unter 35 Jahre,,Männlich,,,.,,,Durchschnittlicher Stundenverdienst von Beschäftigten,
2017,EUR pro Stunde,30 bis unter 35 Jahre,,Männlich,,,.,,,Durchschnittlicher Stundenverdienst von Beschäftigten,
2018,EUR pro Stunde,30 bis unter 35 Jahre,,Männlich,,,,,,Durchschnittlicher Stundenverdienst von Beschäftigten,20.22
2019,EUR pro Stunde,30 bis unter 35 Jahre,,Männlich,,,.,,,Durchschnittlicher Stundenverdienst von Beschäftigten,
2020,EUR pro Stunde,30 bis unter 35 Jahre,,Männlich,,,.,,,Durchschnittlicher Stundenverdienst von Beschäftigten,
2021,EUR pro Stunde,30 bis unter 35 Jahre,,Männlich,,,.,,,Durchschnittlicher Stundenverdienst von Beschäftigten,
2022,EUR pro Stunde,30 bis unter 35 Jahre,,Männlich,,,,,,Durchschnittlicher Stundenverdienst von Beschäftigten,23.14
2023,EUR pro Stunde,30 bis unter 35 Jahre,,Männlich,,,,,,Durchschnittlicher Stundenverdienst von Beschäftigten,24.01
2024,EUR pro Stunde,30 bis unter 35 Jahre,,Männlich,,,,,,Durchschnittlicher Stundenverdienst von Beschäftigten,25.07
2025,EUR pro Stunde,30 bis unter 35 Jahre,,Männlich,,,,,,Durchschnittlicher Stundenverdienst von Beschäftigten,26.01
2010,EUR pro Stunde,35 bis unter 40 Jahre,,Männlich,,,.,,,Durchschnittlicher Stundenverdienst von Beschäftigten,
2011,EUR pro Stunde,35 bis unter 40 Jahre,,Männlich,,,.,,,Durchschnittlicher Stundenverdienst von Beschäftigten,
2012,EUR pro Stunde,35 bis unter 40 Jahre,,Männlich,,,.,,,Durchschnittlicher Stundenverdienst von Beschäftigten,
2013,EUR pro Stunde,35 bis unter 40 Jahre,,Männlich,,,.,,,Durchschnittlicher Stundenverdienst von Beschäftigten,
2014,EUR pro Stunde,35 bis unter 40 Jahre,,Männlich,,,,,,Durchschnittlicher Stundenverdienst von Beschäftigten,20.47
2015,EUR pro Stunde,35 bis unter 40 Jahre,,Männlich,,,.,,,Durchschnittlicher Stundenverdienst von Beschäftigten,
2016,EUR pro Stunde,35 bis unter 40 Jahre,,Männlich,,,.,,,Durchschnittlicher Stundenverdienst von Beschäftigten,
2017,EUR pro Stunde,35 bis unter 40 Jahre,,Männlich,,,.,,,Durchschnittlicher Stundenverdienst von Beschäftigten,
2018,EUR pro Stunde,35 bis unter 40 Jahre,,Männlich,,,,,,Durchschnittlicher Stundenverdienst von Beschäftigten,22.31
2019,EUR pro Stunde,35 bis unter 40 Jahre,,Männlich,,,.,,,Durchschnittlicher Stundenverdienst von Beschäftigten,
2020,EUR pro Stunde,35 bis unter 40 Jahre,,Männlich,,,.,,,Durchschnittlicher Stundenverdienst von Beschäftigten,
2021,EUR pro Stunde,35 bis unter 40 Jahre,,Männlich,,,.,,,Durchschnittlicher Stundenverdienst von Beschäftigten,
2022,EUR pro Stunde,35 bis unter 40 Jahre,,Männlich,,,,,,Durchschnittlicher Stundenverdienst von Beschäftigten,25.46
2023,EUR pro Stunde,35 bis unter 40 Jahre,,Männlich,,,,,,Durchschnittlicher Stundenverdienst von Beschäftigten,26.26
2024,EUR pro Stunde,35 bis unter 40 Jahre,,Männlich,,,,,,Durchschnittlicher Stundenverdienst von Beschäftigten,27.48
2025,EUR pro Stunde,35 bis unter 40 Jahre,,Männlich,,,,,,Durchschnittlicher Stundenverdienst von Beschäftigten,28.39
2010,EUR pro Stunde,40 bis unter 45 Jahre,,Männlich,,,.,,,Durchschnittlicher Stundenverdienst von Beschäftigten,
2011,EUR pro Stunde,40 bis unter 45 Jahre,,Männlich,,,.,,,Durchschnittlicher Stundenverdienst von Beschäftigten,
2012,EUR pro Stunde,40 bis unter 45 Jahre,,Männlich,,,.,,,Durchschnittlicher Stundenverdienst von Beschäftigten,
2013,EUR pro Stunde,40 bis unter 45 Jahre,,Männlich,,,.,,,Durchschnittlicher Stundenverdienst von Beschäftigten,
2014,EUR pro Stunde,40 bis unter 45 Jahre,,Männlich,,,,,,Durchschnittlicher Stundenverdienst von Beschäftigten,22.11
2015,EUR pro Stunde,40 bis unter 45 Jahre,,Männlich,,,.,,,Durchschnittlicher Stundenverdienst von Beschäftigten,
2016,EUR pro Stunde,40 bis unter 45 Jahre,,Männlich,,,.,,,Durchschnittlicher Stundenverdienst von Beschäftigten,
2017,EUR pro Stunde,40 bis unter 45 Jahre,,Männlich,,,.,,,Durchschnittlicher Stundenverdienst von Beschäftigten,
2018,EUR pro Stunde,40 bis unter 45 Jahre,,Männlich,,,,,,Durchschnittlicher Stundenverdienst von Beschäftigten,23.53
2019,EUR pro Stunde,40 bis unter 45 Jahre,,Männlich,,,.,,,Durchschnittlicher Stundenverdienst von Beschäftigten,
2020,EUR pro Stunde,40 bis unter 45 Jahre,,Männlich,,,.,,,Durchschnittlicher Stundenverdienst von Beschäftigten,
2021,EUR pro Stunde,40 bis unter 45 Jahre,,Männlich,,,.,,,Durchschnittlicher Stundenverdienst von Beschäftigten,
2022,EUR pro Stunde,40 bis unter 45 Jahre,,Männlich,,,,,,Durchschnittlicher Stundenverdienst von Beschäftigten,26.72
2023,EUR pro Stunde,40 bis unter 45 Jahre,,Männlich,,,,,,Durchschnittlicher Stundenverdienst von Beschäftigten,27.59
2024,EUR pro Stunde,40 bis unter 45 Jahre,,Männlich,,,,,,Durchschnittlicher Stundenverdienst von Beschäftigten,28.86
2025,EUR pro Stunde,40 bis unter 45 Jahre,,Männlich,,,,,,Durchschnittlicher Stundenverdienst von Beschäftigten,29.54
2010,EUR pro Stunde,45 bis unter 50 Jahre,,Männlich,,,.,,,Durchschnittlicher Stundenverdienst von Beschäftigten,
2011,EUR pro Stunde,45 bis unter 50 Jahre,,Männlich,,,.,,,Durchschnittlicher Stundenverdienst von Beschäftigten,
2012,EUR pro Stunde,45 bis unter 50 Jahre,,Männlich,,,.,,,Durchschnittlicher Stundenverdienst von Beschäftigten,
2013,EUR pro Stunde,45 bis unter 50 Jahre,,Männlich,,,.,,,Durchschnittlicher Stundenverdienst von Beschäftigten,
2014,EUR pro Stunde,45 bis unter 50 Jahre,,Männlich,,,,,,Durchschnittlicher Stundenverdienst von Beschäftigten,23.41
2015,EUR pro Stunde,45 bis unter 50 Jahre,,Männlich,,,.,,,Durchschnittlicher Stundenverdienst von Beschäftigten,
2016,EUR pro Stunde,45 bis unter 50 Jahre,,Männlich,,,.,,,Durchschnittlicher Stundenverdienst von Beschäftigten,
2017,EUR pro Stunde,45 bis unter 50 Jahre,,Männlich,,,.,,,Durchschnittlicher Stundenverdienst von Beschäftigten,
2018,EUR pro Stunde,45 bis unter 50 Jahre,,Männlich,,,,,,Durchschnittlicher Stundenverdienst von Beschäftigten,24.71
2019,EUR pro Stunde,45 bis unter 50 Jahre,,Männlich,,,.,,,Durchschnittlicher Stundenverdienst von Beschäftigten,
2020,EUR pro Stunde,45 bis unter 50 Jahre,,Männlich,,,.,,,Durchschnittlicher Stundenverdienst von Beschäftigten,
2021,EUR pro Stunde,45 bis unter 50 Jahre,,Männlich,,,.,,,Durchschnittlicher Stundenverdienst von Beschäftigten,
2022,EUR pro Stunde,45 bis unter 50 Jahre,,Männlich,,,,,,Durchschnittlicher Stundenverdienst von Beschäftigten,27.72
2023,EUR pro Stunde,45 bis unter 50 Jahre,,Männlich,,,,,,Durchschnittlicher Stundenverdienst von Beschäftigten,28.57
2024,EUR pro Stunde,45 bis unter 50 Jahre,,Männlich,,,,,,Durchschnittlicher Stundenverdienst von Beschäftigten,29.81
2025,EUR pro Stunde,45 bis unter 50 Jahre,,Männlich,,,,,,Durchschnittlicher Stundenverdienst von Beschäftigten,30.69
2010,EUR pro Stunde,50 bis unter 55 Jahre,,Männlich,,,.,,,Durchschnittlicher Stundenverdienst von Beschäftigten,
2011,EUR pro Stunde,50 bis unter 55 Jahre,,Männlich,,,.,,,Durchschnittlicher Stundenverdienst von Beschäftigten,
2012,EUR pro Stunde,50 bis unter 55 Jahre,,Männlich,,,.,,,Durchschnittlicher Stundenverdienst von Beschäftigten,
2013,EUR pro Stunde,50 bis unter 55 Jahre,,Männlich,,,.,,,Durchschnittlicher Stundenverdienst von Beschäftigten,
2014,EUR pro Stunde,50 bis unter 55 Jahre,,Männlich,,,,,,Durchschnittlicher Stundenverdienst von Beschäftigten,22.93
2015,EUR pro Stunde,50 bis unter 55 Jahre,,Männlich,,,.,,,Durchschnittlicher Stundenverdienst von Beschäftigten,
2016,EUR pro Stunde,50 bis unter 55 Jahre,,Männlich,,,.,,,Durchschnittlicher Stundenverdienst von Beschäftigten,
2017,EUR pro Stunde,50 bis unter 55 Jahre,,Männlich,,,.,,,Durchschnittlicher Stundenverdienst von Beschäftigten,
2018,EUR pro Stunde,50 bis unter 55 Jahre,,Männlich,,,,,,Durchschnittlicher Stundenverdienst von Beschäftigten,25.3
2019,EUR pro Stunde,50 bis unter 55 Jahre,,Männlich,,,.,,,Durchschnittlicher Stundenverdienst von Beschäftigten,
2020,EUR pro Stunde,50 bis unter 55 Jahre,,Männlich,,,.,,,Durchschnittlicher Stundenverdienst von Beschäftigten,
2021,EUR pro Stunde,50 bis unter 55 Jahre,,Männlich,,,.,,,Durchschnittlicher Stundenverdienst von Beschäftigten,
2022,EUR pro Stunde,50 bis unter 55 Jahre,,Männlich,,,,,,Durchschnittlicher Stundenverdienst von Beschäftigten,28.61
2023,EUR pro Stunde,50 bis unter 55 Jahre,,Männlich,,,,,,Durchschnittlicher Stundenverdienst von Beschäftigten,29.22
2024,EUR pro Stunde,50 bis unter 55 Jahre,,Männlich,,,,,,Durchschnittlicher Stundenverdienst von Beschäftigten,30.26
2025,EUR pro Stunde,50 bis unter 55 Jahre,,Männlich,,,,,,Durchschnittlicher Stundenverdienst von Beschäftigten,31.03
2010,EUR pro Stunde,55 bis unter 60 Jahre,,Männlich,,,.,,,Durchschnittlicher Stundenverdienst von Beschäftigten,
2011,EUR pro Stunde,55 bis unter 60 Jahre,,Männlich,,,.,,,Durchschnittlicher Stundenverdienst von Beschäftigten,
2012,EUR pro Stunde,55 bis unter 60 Jahre,,Männlich,,,.,,,Durchschnittlicher Stundenverdienst von Beschäftigten,
2013,EUR pro Stunde,55 bis unter 60 Jahre,,Männlich,,,.,,,Durchschnittlicher Stundenverdienst von Beschäftigten,
2014,EUR pro Stunde,55 bis unter 60 Jahre,,Männlich,,,,,,Durchschnittlicher Stundenverdienst von Beschäftigten,22.86
2015,EUR pro Stunde,55 bis unter 60 Jahre,,Männlich,,,.,,,Durchschnittlicher Stundenverdienst von Beschäftigten,
2016,EUR pro Stunde,55 bis unter 60 Jahre,,Männlich,,,.,,,Durchschnittlicher Stundenverdienst von Beschäftigten,
2017,EUR pro Stunde,55 bis unter 60 Jahre,,Männlich,,,.,,,Durchschnittlicher Stundenverdienst von Beschäftigten,
2018,EUR pro Stunde,55 bis unter 60 Jahre,,Männlich,,,,,,Durchschnittlicher Stundenverdienst von Beschäftigten,25.26
2019,EUR pro Stunde,55 bis unter 60 Jahre,,Männlich,,,.,,,Durchschnittlicher Stundenverdienst von Beschäftigten,
2020,EUR pro Stunde,55 bis unter 60 Jahre,,Männlich,,,.,,,Durchschnittlicher Stundenverdienst von Beschäftigten,
2021,EUR pro Stunde,55 bis unter 60 Jahre,,Männlich,,,.,,,Durchschnittlicher Stundenverdienst von Beschäftigten,
2022,EUR pro Stunde,55 bis unter 60 Jahre,,Männlich,,,,,,Durchschnittlicher Stundenverdienst von Beschäftigten,28.88
2023,EUR pro Stunde,55 bis unter 60 Jahre,,Männlich,,,,,,Durchschnittlicher Stundenverdienst von Beschäftigten,29.9
2024,EUR pro Stunde,55 bis unter 60 Jahre,,Männlich,,,,,,Durchschnittlicher Stundenverdienst von Beschäftigten,31.13
2025,EUR pro Stunde,55 bis unter 60 Jahre,,Männlich,,,,,,Durchschnittlicher Stundenverdienst von Beschäftigten,31.99
2010,EUR pro Stunde,60 bis unter 65 Jahre,,Männlich,,,.,,,Durchschnittlicher Stundenverdienst von Beschäftigten,
2011,EUR pro Stunde,60 bis unter 65 Jahre,,Männlich,,,.,,,Durchschnittlicher Stundenverdienst von Beschäftigten,
2012,EUR pro Stunde,60 bis unter 65 Jahre,,Männlich,,,.,,,Durchschnittlicher Stundenverdienst von Beschäftigten,
2013,EUR pro Stunde,60 bis unter 65 Jahre,,Männlich,,,.,,,Durchschnittlicher Stundenverdienst von Beschäftigten,
2014,EUR pro Stunde,60 bis unter 65 Jahre,,Männlich,,,,,,Durchschnittlicher Stundenverdienst von Beschäftigten,23.0
2015,EUR pro Stunde,60 bis unter 65 Jahre,,Männlich,,,.,,,Durchschnittlicher Stundenverdienst von Beschäftigten,
2016,EUR pro Stunde,60 bis unter 65 Jahre,,Männlich,,,.,,,Durchschnittlicher Stundenverdienst von Beschäftigten,
2017,EUR pro Stunde,60 bis unter 65 Jahre,,Männlich,,,.,,,Durchschnittlicher Stundenverdienst von Beschäftigten,
2018,EUR pro Stunde,60 bis unter 65 Jahre,,Männlich,,,,,,Durchschnittlicher Stundenverdienst von Beschäftigten,24.84
2019,EUR pro Stunde,60 bis unter 65 Jahre,,Männlich,,,.,,,Durchschnittlicher Stundenverdienst von Beschäftigten,
2020,EUR pro Stunde,60 bis unter 65 Jahre,,Männlich,,,.,,,Durchschnittlicher Stundenverdienst von Beschäftigten,
2021,EUR pro Stunde,60 bis unter 65 Jahre,,Männlich,,,.,,,Durchschnittlicher Stundenverdienst von Beschäftigten,
2022,EUR pro Stunde,60 bis unter 65 Jahre,,Männlich,,,,,,Durchschnittlicher Stundenverdienst von Beschäftigten,28.08
2023,EUR pro Stunde,60 bis unter 65 Jahre,,Männlich,,,,,,Durchschnittlicher Stundenverdienst von Beschäftigten,29.33
2024,EUR pro Stunde,60 bis unter 65 Jahre,,Männlich,,,,,,Durchschnittlicher Stundenverdienst von Beschäftigten,30.52
2025,EUR pro Stunde,60 bis unter 65 Jahre,,Männlich,,,,,,Durchschnittlicher Stundenverdienst von Beschäftigten,31.51
2010,EUR pro Stunde,65 Jahre und älter,,Männlich,,,.,,,Durchschnittlicher Stundenverdienst von Beschäftigten,
2011,EUR pro Stunde,65 Jahre und älter,,Männlich,,,.,,,Durchschnittlicher Stundenverdienst von Beschäftigten,
2012,EUR pro Stunde,65 Jahre und älter,,Männlich,,,.,,,Durchschnittlicher Stundenverdienst von Beschäftigten,
2013,EUR pro Stunde,65 Jahre und älter,,Männlich,,,.,,,Durchschnittlicher Stundenverdienst von Beschäftigten,
2014,EUR pro Stunde,65 Jahre und älter,,Männlich,,,,,,Durchschnittlicher Stundenverdienst von Beschäftigten,14.06
2015,EUR pro Stunde,65 Jahre und älter,,Männlich,,,.,,,Durchschnittlicher Stundenverdienst von Beschäftigten,
2016,EUR pro Stunde,65 Jahre und älter,,Männlich,,,.,,,Durchschnittlicher Stundenverdienst von Beschäftigten,
2017,EUR pro Stunde,65 Jahre und älter,,Männlich,,,.,,,Durchschnittlicher Stundenverdienst von Beschäftigten,
2018,EUR pro Stunde,65 Jahre und älter,,Männlich,,,,,,Durchschnittlicher Stundenverdienst von Beschäftigten,16.61
2019,EUR pro Stunde,65 Jahre und älter,,Männlich,,,.,,,Durchschnittlicher Stundenverdienst von Beschäftigten,
2020,EUR pro Stunde,65 Jahre und älter,,Männlich,,,.,,,Durchschnittlicher Stundenverdienst von Beschäftigten,
2021,EUR pro Stunde,65 Jahre und älter,,Männlich,,,.,,,Durchschnittlicher Stundenverdienst von Beschäftigten,
2022,EUR pro Stunde,65 Jahre und älter,,Männlich,,,,,,Durchschnittlicher Stundenverdienst von Beschäftigten,20.07
2023,EUR pro Stunde,65 Jahre und älter,,Männlich,,,,,,Durchschnittlicher Stundenverdienst von Beschäftigten,21.46
2024,EUR pro Stunde,65 Jahre und älter,,Männlich,,,,,,Durchschnittlicher Stundenverdienst von Beschäftigten,22.79
2025,EUR pro Stunde,65 Jahre und älter,,Männlich,,,,,,Durchschnittlicher Stundenverdienst von Beschäftigten,22.65
2010,EUR pro Stunde,,Führungskräfte,Männlich,,,,,,Durchschnittlicher Stundenverdienst von Beschäftigten,39.5
2011,EUR pro Stunde,,Führungskräfte,Männlich,,,.,,,Durchschnittlicher Stundenverdienst von Beschäftigten,
2012,EUR pro Stunde,,Führungskräfte,Männlich,,,.,,,Durchschnittlicher Stundenverdienst von Beschäftigten,
2013,EUR pro Stunde,,Führungskräfte,Männlich,,,.,,,Durchschnittlicher Stundenverdienst von Beschäftigten,
2014,EUR pro Stunde,,Führungskräfte,Männlich,,,,,,Durchschnittlicher Stundenverdienst von Beschäftigten,46.22
2015,EUR pro Stunde,,Führungskräfte,Männlich,,,.,,,Durchschnittlicher Stundenverdienst von Beschäftigten,
2016,EUR pro Stunde,,Führungskräfte,Männlich,,,.,,,Durchschnittlicher Stundenverdienst von Beschäftigten,
2017,EUR pro Stunde,,Führungskräfte,Männlich,,,.,,,Durchschnittlicher Stundenverdienst von Beschäftigten,
2018,EUR pro Stunde,,Führungskräfte,Männlich,,,,,,Durchschnittlicher Stundenverdienst von Beschäftigten,49.71
2019,EUR pro Stunde,,Führungskräfte,Männlich,,,.,,,Durchschnittlicher Stundenverdienst von Beschäftigten,
2020,EUR pro Stunde,,Führungskräfte,Männlich,,,.,,,Durchschnittlicher Stundenverdienst von Beschäftigten,
2021,EUR pro Stunde,,Führungskräfte,Männlich,,,.,,,Durchschnittlicher Stundenverdienst von Beschäftigten,
2022,EUR pro Stunde,,Führungskräfte,Männlich,,,,,,Durchschnittlicher Stundenverdienst von Beschäftigten,51.84
2010,EUR pro Stunde,,Akademische Berufe,Männlich,,,,,,Durchschnittlicher Stundenverdienst von Beschäftigten,29.24
2011,EUR pro Stunde,,Akademische Berufe,Männlich,,,.,,,Durchschnittlicher Stundenverdienst von Beschäftigten,
2012,EUR pro Stunde,,Akademische Berufe,Männlich,,,.,,,Durchschnittlicher Stundenverdienst von Beschäftigten,
2013,EUR pro Stunde,,Akademische Berufe,Männlich,,,.,,,Durchschnittlicher Stundenverdienst von Beschäftigten,
2014,EUR pro Stunde,,Akademische Berufe,Männlich,,,,,,Durchschnittlicher Stundenverdienst von Beschäftigten,29.97
2015,EUR pro Stunde,,Akademische Berufe,Männlich,,,.,,,Durchschnittlicher Stundenverdienst von Beschäftigten,
2016,EUR pro Stunde,,Akademische Berufe,Männlich,,,.,,,Durchschnittlicher Stundenverdienst von Beschäftigten,
2017,EUR pro Stunde,,Akademische Berufe,Männlich,,,.,,,Durchschnittlicher Stundenverdienst von Beschäftigten,
2018,EUR pro Stunde,,Akademische Berufe,Männlich,,,,,,Durchschnittlicher Stundenverdienst von Beschäftigten,32.23
2019,EUR pro Stunde,,Akademische Berufe,Männlich,,,.,,,Durchschnittlicher Stundenverdienst von Beschäftigten,
2020,EUR pro Stunde,,Akademische Berufe,Männlich,,,.,,,Durchschnittlicher Stundenverdienst von Beschäftigten,
2021,EUR pro Stunde,,Akademische Berufe,Männlich,,,.,,,Durchschnittlicher Stundenverdienst von Beschäftigten,
2022,EUR pro Stunde,,Akademische Berufe,Männlich,,,,,,Durchschnittlicher Stundenverdienst von Beschäftigten,35.74
2010,EUR pro Stunde,,Techniker und gleichrangige nichttechnische Berufe,Männlich,,,,,,Durchschnittlicher Stundenverdienst von Beschäftigten,24.29
2011,EUR pro Stunde,,Techniker und gleichrangige nichttechnische Berufe,Männlich,,,.,,,Durchschnittlicher Stundenverdienst von Beschäftigten,
2012,EUR pro Stunde,,Techniker und gleichrangige nichttechnische Berufe,Männlich,,,.,,,Durchschnittlicher Stundenverdienst von Beschäftigten,
2013,EUR pro Stunde,,Techniker und gleichrangige nichttechnische Berufe,Männlich,,,.,,,Durchschnittlicher Stundenverdienst von Beschäftigten,
2014,EUR pro Stunde,,Techniker und gleichrangige nichttechnische Berufe,Männlich,,,,,,Durchschnittlicher Stundenverdienst von Beschäftigten,23.27
2015,EUR pro Stunde,,Techniker und gleichrangige nichttechnische Berufe,Männlich,,,.,,,Durchschnittlicher Stundenverdienst von Beschäftigten,
2016,EUR pro Stunde,,Techniker und gleichrangige nichttechnische Berufe,Männlich,,,.,,,Durchschnittlicher Stundenverdienst von Beschäftigten,
2017,EUR pro Stunde,,Techniker und gleichrangige nichttechnische Berufe,Männlich,,,.,,,Durchschnittlicher Stundenverdienst von Beschäftigten,
2018,EUR pro Stunde,,Techniker und gleichrangige nichttechnische Berufe,Männlich,,,,,,Durchschnittlicher Stundenverdienst von Beschäftigten,25.41
2019,EUR pro Stunde,,Techniker und gleichrangige nichttechnische Berufe,Männlich,,,.,,,Durchschnittlicher Stundenverdienst von Beschäftigten,
2020,EUR pro Stunde,,Techniker und gleichrangige nichttechnische Berufe,Männlich,,,.,,,Durchschnittlicher Stundenverdienst von Beschäftigten,
2021,EUR pro Stunde,,Techniker und gleichrangige nichttechnische Berufe,Männlich,,,.,,,Durchschnittlicher Stundenverdienst von Beschäftigten,
2022,EUR pro Stunde,,Techniker und gleichrangige nichttechnische Berufe,Männlich,,,,,,Durchschnittlicher Stundenverdienst von Beschäftigten,28.15
2010,EUR pro Stunde,,Bürokräfte und verwandte Berufe,Männlich,,,,,,Durchschnittlicher Stundenverdienst von Beschäftigten,14.42
2011,EUR pro Stunde,,Bürokräfte und verwandte Berufe,Männlich,,,.,,,Durchschnittlicher Stundenverdienst von Beschäftigten,
2012,EUR pro Stunde,,Bürokräfte und verwandte Berufe,Männlich,,,.,,,Durchschnittlicher Stundenverdienst von Beschäftigten,
2013,EUR pro Stunde,,Bürokräfte und verwandte Berufe,Männlich,,,.,,,Durchschnittlicher Stundenverdienst von Beschäftigten,
2014,EUR pro Stunde,,Bürokräfte und verwandte Berufe,Männlich,,,,,,Durchschnittlicher Stundenverdienst von Beschäftigten,17.63
2015,EUR pro Stunde,,Bürokräfte und verwandte Berufe,Männlich,,,.,,,Durchschnittlicher Stundenverdienst von Beschäftigten,
2016,EUR pro Stunde,,Bürokräfte und verwandte Berufe,Männlich,,,.,,,Durchschnittlicher Stundenverdienst von Beschäftigten,
2017,EUR pro Stunde,,Bürokräfte und verwandte Berufe,Männlich,,,.,,,Durchschnittlicher Stundenverdienst von Beschäftigten,
2018,EUR pro Stunde,,Bürokräfte und verwandte Berufe,Männlich,,,,,,Durchschnittlicher Stundenverdienst von Beschäftigten,18.75
2019,EUR pro Stunde,,Bürokräfte und verwandte Berufe,Männlich,,,.,,,Durchschnittlicher Stundenverdienst von Beschäftigten,
2020,EUR pro Stunde,,Bürokräfte und verwandte Berufe,Männlich,,,.,,,Durchschnittlicher Stundenverdienst von Beschäftigten,
2021,EUR pro Stunde,,Bürokräfte und verwandte Berufe,Männlich,,,.,,,Durchschnittlicher Stundenverdienst von Beschäftigten,
2022,EUR pro Stunde,,Bürokräfte und verwandte Berufe,Männlich,,,,,,Durchschnittlicher Stundenverdienst von Beschäftigten,21.02
2010,EUR pro Stunde,,Dienstleistungsberufe und Verkäufer,Männlich,,,,,,Durchschnittlicher Stundenverdienst von Beschäftigten,13.16
2011,EUR pro Stunde,,Dienstleistungsberufe und Verkäufer,Männlich,,,.,,,Durchschnittlicher Stundenverdienst von Beschäftigten,
2012,EUR pro Stunde,,Dienstleistungsberufe und Verkäufer,Männlich,,,.,,,Durchschnittlicher Stundenverdienst von Beschäftigten,
2013,EUR pro Stunde,,Dienstleistungsberufe und Verkäufer,Männlich,,,.,,,Durchschnittlicher Stundenverdienst von Beschäftigten,
2014,EUR pro Stunde,,Dienstleistungsberufe und Verkäufer,Männlich,,,,,,Durchschnittlicher Stundenverdienst von Beschäftigten,12.77
2015,EUR pro Stunde,,Dienstleistungsberufe und Verkäufer,Männlich,,,.,,,Durchschnittlicher Stundenverdienst von Beschäftigten,
2016,EUR pro Stunde,,Dienstleistungsberufe und Verkäufer,Männlich,,,.,,,Durchschnittlicher Stundenverdienst von Beschäftigten,
2017,EUR pro Stunde,,Dienstleistungsberufe und Verkäufer,Männlich,,,.,,,Durchschnittlicher Stundenverdienst von Beschäftigten,
2018,EUR pro Stunde,,Dienstleistungsberufe und Verkäufer,Männlich,,,,,,Durchschnittlicher Stundenverdienst von Beschäftigten,14.37
2019,EUR pro Stunde,,Dienstleistungsberufe und Verkäufer,Männlich,,,.,,,Durchschnittlicher Stundenverdienst von Beschäftigten,
2020,EUR pro Stunde,,Dienstleistungsberufe und Verkäufer,Männlich,,,.,,,Durchschnittlicher Stundenverdienst von Beschäftigten,
2021,EUR pro Stunde,,Dienstleistungsberufe und Verkäufer,Männlich,,,.,,,Durchschnittlicher Stundenverdienst von Beschäftigten,
2022,EUR pro Stunde,,Dienstleistungsberufe und Verkäufer,Männlich,,,,,,Durchschnittlicher Stundenverdienst von Beschäftigten,16.15
2010,EUR pro Stunde,,"Fachkräfte in Land- und Forstwirtschaft und Fischerei, Handwerks- und verwandte Berufe",Männlich,,,,,,Durchschnittlicher Stundenverdienst von Beschäftigten,11.83
2011,EUR pro Stunde,,"Fachkräfte in Land- und Forstwirtschaft und Fischerei, Handwerks- und verwandte Berufe",Männlich,,,.,,,Durchschnittlicher Stundenverdienst von Beschäftigten,
2012,EUR pro Stunde,,"Fachkräfte in Land- und Forstwirtschaft und Fischerei, Handwerks- und verwandte Berufe",Männlich,,,.,,,Durchschnittlicher Stundenverdienst von Beschäftigten,
2013,EUR pro Stunde,,"Fachkräfte in Land- und Forstwirtschaft und Fischerei, Handwerks- und verwandte Berufe",Männlich,,,.,,,Durchschnittlicher Stundenverdienst von Beschäftigten,
2014,EUR pro Stunde,,"Fachkräfte in Land- und Forstwirtschaft und Fischerei, Handwerks- und verwandte Berufe",Männlich,,,,,,Durchschnittlicher Stundenverdienst von Beschäftigten,12.84
2015,EUR pro Stunde,,"Fachkräfte in Land- und Forstwirtschaft und Fischerei, Handwerks- und verwandte Berufe",Männlich,,,.,,,Durchschnittlicher Stundenverdienst von Beschäftigten,
2016,EUR pro Stunde,,"Fachkräfte in Land- und Forstwirtschaft und Fischerei, Handwerks- und verwandte Berufe",Männlich,,,.,,,Durchschnittlicher Stundenverdienst von Beschäftigten,
2017,EUR pro Stunde,,"Fachkräfte in Land- und Forstwirtschaft und Fischerei, Handwerks- und verwandte Berufe",Männlich,,,.,,,Durchschnittlicher Stundenverdienst von Beschäftigten,
2018,EUR pro Stunde,,"Fachkräfte in Land- und Forstwirtschaft und Fischerei, Handwerks- und verwandte Berufe",Männlich,,,,,,Durchschnittlicher Stundenverdienst von Beschäftigten,15.37
2019,EUR pro Stunde,,"Fachkräfte in Land- und Forstwirtschaft und Fischerei, Handwerks- und verwandte Berufe",Männlich,,,.,,,Durchschnittlicher Stundenverdienst von Beschäftigten,
2020,EUR pro Stunde,,"Fachkräfte in Land- und Forstwirtschaft und Fischerei, Handwerks- und verwandte Berufe",Männlich,,,.,,,Durchschnittlicher Stundenverdienst von Beschäftigten,
2021,EUR pro Stunde,,"Fachkräfte in Land- und Forstwirtschaft und Fischerei, Handwerks- und verwandte Berufe",Männlich,,,.,,,Durchschnittlicher Stundenverdienst von Beschäftigten,
2022,EUR pro Stunde,,"Fachkräfte in Land- und Forstwirtschaft und Fischerei, Handwerks- und verwandte Berufe",Männlich,,,,,,Durchschnittlicher Stundenverdienst von Beschäftigten,16.4
2010,EUR pro Stunde,,Handwerks- und verwandte Berufe,Männlich,,,,,,Durchschnittlicher Stundenverdienst von Beschäftigten,15.36
2011,EUR pro Stunde,,Handwerks- und verwandte Berufe,Männlich,,,.,,,Durchschnittlicher Stundenverdienst von Beschäftigten,
2012,EUR pro Stunde,,Handwerks- und verwandte Berufe,Männlich,,,.,,,Durchschnittlicher Stundenverdienst von Beschäftigten,
2013,EUR pro Stunde,,Handwerks- und verwandte Berufe,Männlich,,,.,,,Durchschnittlicher Stundenverdienst von Beschäftigten,
2014,EUR pro Stunde,,Handwerks- und verwandte Berufe,Männlich,,,,,,Durchschnittlicher Stundenverdienst von Beschäftigten,16.71
2015,EUR pro Stunde,,Handwerks- und verwandte Berufe,Männlich,,,.,,,Durchschnittlicher Stundenverdienst von Beschäftigten,
2016,EUR pro Stunde,,Handwerks- und verwandte Berufe,Männlich,,,.,,,Durchschnittlicher Stundenverdienst von Beschäftigten,
2017,EUR pro Stunde,,Handwerks- und verwandte Berufe,Männlich,,,.,,,Durchschnittlicher Stundenverdienst von Beschäftigten,
2018,EUR pro Stunde,,Handwerks- und verwandte Berufe,Männlich,,,,,,Durchschnittlicher Stundenverdienst von Beschäftigten,18.65
2019,EUR pro Stunde,,Handwerks- und verwandte Berufe,Männlich,,,.,,,Durchschnittlicher Stundenverdienst von Beschäftigten,
2020,EUR pro Stunde,,Handwerks- und verwandte Berufe,Männlich,,,.,,,Durchschnittlicher Stundenverdienst von Beschäftigten,
2021,EUR pro Stunde,,Handwerks- und verwandte Berufe,Männlich,,,.,,,Durchschnittlicher Stundenverdienst von Beschäftigten,
2022,EUR pro Stunde,,Handwerks- und verwandte Berufe,Männlich,,,,,,Durchschnittlicher Stundenverdienst von Beschäftigten,20.22
2010,EUR pro Stunde,,Bediener von Anlagen und Maschinen und Montageberufe,Männlich,,,,,,Durchschnittlicher Stundenverdienst von Beschäftigten,14.78
2011,EUR pro Stunde,,Bediener von Anlagen und Maschinen und Montageberufe,Männlich,,,.,,,Durchschnittlicher Stundenverdienst von Beschäftigten,
2012,EUR pro Stunde,,Bediener von Anlagen und Maschinen und Montageberufe,Männlich,,,.,,,Durchschnittlicher Stundenverdienst von Beschäftigten,
2013,EUR pro Stunde,,Bediener von Anlagen und Maschinen und Montageberufe,Männlich,,,.,,,Durchschnittlicher Stundenverdienst von Beschäftigten,
2014,EUR pro Stunde,,Bediener von Anlagen und Maschinen und Montageberufe,Männlich,,,,,,Durchschnittlicher Stundenverdienst von Beschäftigten,15.1
2015,EUR pro Stunde,,Bediener von Anlagen und Maschinen und Montageberufe,Männlich,,,.,,,Durchschnittlicher Stundenverdienst von Beschäftigten,
2016,EUR pro Stunde,,Bediener von Anlagen und Maschinen und Montageberufe,Männlich,,,.,,,Durchschnittlicher Stundenverdienst von Beschäftigten,
2017,EUR pro Stunde,,Bediener von Anlagen und Maschinen und Montageberufe,Männlich,,,.,,,Durchschnittlicher Stundenverdienst von Beschäftigten,
2018,EUR pro Stunde,,Bediener von Anlagen und Maschinen und Montageberufe,Männlich,,,,,,Durchschnittlicher Stundenverdienst von Beschäftigten,16.6
2019,EUR pro Stunde,,Bediener von Anlagen und Maschinen und Montageberufe,Männlich,,,.,,,Durchschnittlicher Stundenverdienst von Beschäftigten,
2020,EUR pro Stunde,,Bediener von Anlagen und Maschinen und Montageberufe,Männlich,,,.,,,Durchschnittlicher Stundenverdienst von Beschäftigten,
2021,EUR pro Stunde,,Bediener von Anlagen und Maschinen und Montageberufe,Männlich,,,.,,,Durchschnittlicher Stundenverdienst von Beschäftigten,
2022,EUR pro Stunde,,Bediener von Anlagen und Maschinen und Montageberufe,Männlich,,,,,,Durchschnittlicher Stundenverdienst von Beschäftigten,18.36
2010,EUR pro Stunde,,Hilfsarbeitskräfte,Männlich,,,,,,Durchschnittlicher Stundenverdienst von Beschäftigten,10.86
2011,EUR pro Stunde,,Hilfsarbeitskräfte,Männlich,,,.,,,Durchschnittlicher Stundenverdienst von Beschäftigten,
2012,EUR pro Stunde,,Hilfsarbeitskräfte,Männlich,,,.,,,Durchschnittlicher Stundenverdienst von Beschäftigten,
2013,EUR pro Stunde,,Hilfsarbeitskräfte,Männlich,,,.,,,Durchschnittlicher Stundenverdienst von Beschäftigten,
2014,EUR pro Stunde,,Hilfsarbeitskräfte,Männlich,,,,,,Durchschnittlicher Stundenverdienst von Beschäftigten,10.38
2015,EUR pro Stunde,,Hilfsarbeitskräfte,Männlich,,,.,,,Durchschnittlicher Stundenverdienst von Beschäftigten,
2016,EUR pro Stunde,,Hilfsarbeitskräfte,Männlich,,,.,,,Durchschnittlicher Stundenverdienst von Beschäftigten,
2017,EUR pro Stunde,,Hilfsarbeitskräfte,Männlich,,,.,,,Durchschnittlicher Stundenverdienst von Beschäftigten,
2018,EUR pro Stunde,,Hilfsarbeitskräfte,Männlich,,,,,,Durchschnittlicher Stundenverdienst von Beschäftigten,11.86
2019,EUR pro Stunde,,Hilfsarbeitskräfte,Männlich,,,.,,,Durchschnittlicher Stundenverdienst von Beschäftigten,
2020,EUR pro Stunde,,Hilfsarbeitskräfte,Männlich,,,.,,,Durchschnittlicher Stundenverdienst von Beschäftigten,
2021,EUR pro Stunde,,Hilfsarbeitskräfte,Männlich,,,.,,,Durchschnittlicher Stundenverdienst von Beschäftigten,
2022,EUR pro Stunde,,Hilfsarbeitskräfte,Männlich,,,,,,Durchschnittlicher Stundenverdienst von Beschäftigten,14.61
2010,Prozent,,,,,,,,,Verdienstabstand,22.0
2011,Prozent,,,,,,,,,Verdienstabstand,22.0
2012,Prozent,,,,,,,,,Verdienstabstand,23.0
2013,Prozent,,,,,,,,,Verdienstabstand,22.0
2014,Prozent,,,,,,,,,Verdienstabstand,22.0
2015,Prozent,,,,,,,,,Verdienstabstand,22.0
2016,Prozent,,,,,,,,,Verdienstabstand,21.0
2017,Prozent,,,,,,,,,Verdienstabstand,20.0
2018,Prozent,,,,,,,,,Verdienstabstand,20.0
2019,Prozent,,,,,,,,,Verdienstabstand,19.0
2020,Prozent,,,,,,,,,Verdienstabstand,18.0
2021,Prozent,,,,,,,,,Verdienstabstand,18.0
2022,Prozent,,,,,,|,,,Verdienstabstand,18.0
2023,Prozent,,,,,,,,,Verdienstabstand,18.0
2024,Prozent,,,,,,,,,Verdienstabstand,16.0
2025,Prozent,,,,,,,,,Verdienstabstand,16.0
2010,Prozent,24 Jahre und jünger,,,,,.,,,Verdienstabstand,
2011,Prozent,24 Jahre und jünger,,,,,.,,,Verdienstabstand,
2012,Prozent,24 Jahre und jünger,,,,,.,,,Verdienstabstand,
2013,Prozent,24 Jahre und jünger,,,,,.,,,Verdienstabstand,
2014,Prozent,24 Jahre und jünger,,,,,,,,Verdienstabstand,6.0
2015,Prozent,24 Jahre und jünger,,,,,.,,,Verdienstabstand,
2016,Prozent,24 Jahre und jünger,,,,,.,,,Verdienstabstand,
2017,Prozent,24 Jahre und jünger,,,,,.,,,Verdienstabstand,
2018,Prozent,24 Jahre und jünger,,,,,,,,Verdienstabstand,6.0
2019,Prozent,24 Jahre und jünger,,,,,.,,,Verdienstabstand,
2020,Prozent,24 Jahre und jünger,,,,,.,,,Verdienstabstand,
2021,Prozent,24 Jahre und jünger,,,,,.,,,Verdienstabstand,
2022,Prozent,24 Jahre und jünger,,,,,,,,Verdienstabstand,1.0
2023,Prozent,24 Jahre und jünger,,,,,,,,Verdienstabstand,2.0
2024,Prozent,24 Jahre und jünger,,,,,,,,Verdienstabstand,0.0
2025,Prozent,24 Jahre und jünger,,,,,,,,Verdienstabstand,1.0
2010,Prozent,25 bis unter 30 Jahre,,,,,.,,,Verdienstabstand,
2011,Prozent,25 bis unter 30 Jahre,,,,,.,,,Verdienstabstand,
2012,Prozent,25 bis unter 30 Jahre,,,,,.,,,Verdienstabstand,
2013,Prozent,25 bis unter 30 Jahre,,,,,.,,,Verdienstabstand,
2014,Prozent,25 bis unter 30 Jahre,,,,,,,,Verdienstabstand,9.0
2015,Prozent,25 bis unter 30 Jahre,,,,,.,,,Verdienstabstand,
2016,Prozent,25 bis unter 30 Jahre,,,,,.,,,Verdienstabstand,
2017,Prozent,25 bis unter 30 Jahre,,,,,.,,,Verdienstabstand,
2018,Prozent,25 bis unter 30 Jahre,,,,,,,,Verdienstabstand,8.0
2019,Prozent,25 bis unter 30 Jahre,,,,,.,,,Verdienstabstand,
2020,Prozent,25 bis unter 30 Jahre,,,,,.,,,Verdienstabstand,
2021,Prozent,25 bis unter 30 Jahre,,,,,.,,,Verdienstabstand,
2022,Prozent,25 bis unter 30 Jahre,,,,,,,,Verdienstabstand,5.0
2023,Prozent,25 bis unter 30 Jahre,,,,,,,,Verdienstabstand,6.0
2024,Prozent,25 bis unter 30 Jahre,,,,,,,,Verdienstabstand,3.0
2025,Prozent,25 bis unter 30 Jahre,,,,,,,,Verdienstabstand,4.0
2010,Prozent,30 bis unter 35 Jahre,,,,,.,,,Verdienstabstand,
2011,Prozent,30 bis unter 35 Jahre,,,,,.,,,Verdienstabstand,
2012,Prozent,30 bis unter 35 Jahre,,,,,.,,,Verdienstabstand,
2013,Prozent,30 bis unter 35 Jahre,,,,,.,,,Verdienstabstand,
2014,Prozent,30 bis unter 35 Jahre,,,,,,,,Verdienstabstand,13.0
2015,Prozent,30 bis unter 35 Jahre,,,,,.,,,Verdienstabstand,
2016,Prozent,30 bis unter 35 Jahre,,,,,.,,,Verdienstabstand,
2017,Prozent,30 bis unter 35 Jahre,,,,,.,,,Verdienstabstand,
2018,Prozent,30 bis unter 35 Jahre,,,,,,,,Verdienstabstand,10.0
2019,Prozent,30 bis unter 35 Jahre,,,,,.,,,Verdienstabstand,
2020,Prozent,30 bis unter 35 Jahre,,,,,.,,,Verdienstabstand,
2021,Prozent,30 bis unter 35 Jahre,,,,,.,,,Verdienstabstand,
2022,Prozent,30 bis unter 35 Jahre,,,,,,,,Verdienstabstand,10.0
2023,Prozent,30 bis unter 35 Jahre,,,,,,,,Verdienstabstand,10.0
2024,Prozent,30 bis unter 35 Jahre,,,,,,,,Verdienstabstand,8.0
2025,Prozent,30 bis unter 35 Jahre,,,,,,,,Verdienstabstand,8.0
2010,Prozent,35 bis unter 40 Jahre,,,,,.,,,Verdienstabstand,
2011,Prozent,35 bis unter 40 Jahre,,,,,.,,,Verdienstabstand,
2012,Prozent,35 bis unter 40 Jahre,,,,,.,,,Verdienstabstand,
2013,Prozent,35 bis unter 40 Jahre,,,,,.,,,Verdienstabstand,
2014,Prozent,35 bis unter 40 Jahre,,,,,,,,Verdienstabstand,19.0
2015,Prozent,35 bis unter 40 Jahre,,,,,.,,,Verdienstabstand,
2016,Prozent,35 bis unter 40 Jahre,,,,,.,,,Verdienstabstand,
2017,Prozent,35 bis unter 40 Jahre,,,,,.,,,Verdienstabstand,
2018,Prozent,35 bis unter 40 Jahre,,,,,,,,Verdienstabstand,16.0
2019,Prozent,35 bis unter 40 Jahre,,,,,.,,,Verdienstabstand,
2020,Prozent,35 bis unter 40 Jahre,,,,,.,,,Verdienstabstand,
2021,Prozent,35 bis unter 40 Jahre,,,,,.,,,Verdienstabstand,
2022,Prozent,35 bis unter 40 Jahre,,,,,,,,Verdienstabstand,15.0
2023,Prozent,35 bis unter 40 Jahre,,,,,,,,Verdienstabstand,15.0
2024,Prozent,35 bis unter 40 Jahre,,,,,,,,Verdienstabstand,13.0
2025,Prozent,35 bis unter 40 Jahre,,,,,,,,Verdienstabstand,13.0
2010,Prozent,40 bis unter 45 Jahre,,,,,.,,,Verdienstabstand,
2011,Prozent,40 bis unter 45 Jahre,,,,,.,,,Verdienstabstand,
2012,Prozent,40 bis unter 45 Jahre,,,,,.,,,Verdienstabstand,
2013,Prozent,40 bis unter 45 Jahre,,,,,.,,,Verdienstabstand,
2014,Prozent,40 bis unter 45 Jahre,,,,,,,,Verdienstabstand,24.0
2015,Prozent,40 bis unter 45 Jahre,,,,,.,,,Verdienstabstand,
2016,Prozent,40 bis unter 45 Jahre,,,,,.,,,Verdienstabstand,
2017,Prozent,40 bis unter 45 Jahre,,,,,.,,,Verdienstabstand,
2018,Prozent,40 bis unter 45 Jahre,,,,,,,,Verdienstabstand,21.0
2019,Prozent,40 bis unter 45 Jahre,,,,,.,,,Verdienstabstand,
2020,Prozent,40 bis unter 45 Jahre,,,,,.,,,Verdienstabstand,
2021,Prozent,40 bis unter 45 Jahre,,,,,.,,,Verdienstabstand,
2022,Prozent,40 bis unter 45 Jahre,,,,,,,,Verdienstabstand,18.0
2023,Prozent,40 bis unter 45 Jahre,,,,,,,,Verdienstabstand,18.0
2024,Prozent,40 bis unter 45 Jahre,,,,,,,,Verdienstabstand,16.0
2025,Prozent,40 bis unter 45 Jahre,,,,,,,,Verdienstabstand,16.0
2010,Prozent,45 bis unter 50 Jahre,,,,,.,,,Verdienstabstand,
2011,Prozent,45 bis unter 50 Jahre,,,,,.,,,Verdienstabstand,
2012,Prozent,45 bis unter 50 Jahre,,,,,.,,,Verdienstabstand,
2013,Prozent,45 bis unter 50 Jahre,,,,,.,,,Verdienstabstand,
2014,Prozent,45 bis unter 50 Jahre,,,,,,,,Verdienstabstand,28.0
2015,Prozent,45 bis unter 50 Jahre,,,,,.,,,Verdienstabstand,
2016,Prozent,45 bis unter 50 Jahre,,,,,.,,,Verdienstabstand,
2017,Prozent,45 bis unter 50 Jahre,,,,,.,,,Verdienstabstand,
2018,Prozent,45 bis unter 50 Jahre,,,,,,,,Verdienstabstand,24.0
2019,Prozent,45 bis unter 50 Jahre,,,,,.,,,Verdienstabstand,
2020,Prozent,45 bis unter 50 Jahre,,,,,.,,,Verdienstabstand,
2021,Prozent,45 bis unter 50 Jahre,,,,,.,,,Verdienstabstand,
2022,Prozent,45 bis unter 50 Jahre,,,,,,,,Verdienstabstand,22.0
2023,Prozent,45 bis unter 50 Jahre,,,,,,,,Verdienstabstand,21.0
2024,Prozent,45 bis unter 50 Jahre,,,,,,,,Verdienstabstand,19.0
2025,Prozent,45 bis unter 50 Jahre,,,,,,,,Verdienstabstand,19.0
2010,Prozent,50 bis unter 55 Jahre,,,,,.,,,Verdienstabstand,
2011,Prozent,50 bis unter 55 Jahre,,,,,.,,,Verdienstabstand,
2012,Prozent,50 bis unter 55 Jahre,,,,,.,,,Verdienstabstand,
2013,Prozent,50 bis unter 55 Jahre,,,,,.,,,Verdienstabstand,
2014,Prozent,50 bis unter 55 Jahre,,,,,,,,Verdienstabstand,28.0
2015,Prozent,50 bis unter 55 Jahre,,,,,.,,,Verdienstabstand,
2016,Prozent,50 bis unter 55 Jahre,,,,,.,,,Verdienstabstand,
2017,Prozent,50 bis unter 55 Jahre,,,,,.,,,Verdienstabstand,
2018,Prozent,50 bis unter 55 Jahre,,,,,,,,Verdienstabstand,27.0
2019,Prozent,50 bis unter 55 Jahre,,,,,.,,,Verdienstabstand,
2020,Prozent,50 bis unter 55 Jahre,,,,,.,,,Verdienstabstand,
2021,Prozent,50 bis unter 55 Jahre,,,,,.,,,Verdienstabstand,
2022,Prozent,50 bis unter 55 Jahre,,,,,,,,Verdienstabstand,25.0
2023,Prozent,50 bis unter 55 Jahre,,,,,,,,Verdienstabstand,24.0
2024,Prozent,50 bis unter 55 Jahre,,,,,,,,Verdienstabstand,22.0
2025,Prozent,50 bis unter 55 Jahre,,,,,,,,Verdienstabstand,22.0
2010,Prozent,55 bis unter 60 Jahre,,,,,.,,,Verdienstabstand,
2011,Prozent,55 bis unter 60 Jahre,,,,,.,,,Verdienstabstand,
2012,Prozent,55 bis unter 60 Jahre,,,,,.,,,Verdienstabstand,
2013,Prozent,55 bis unter 60 Jahre,,,,,.,,,Verdienstabstand,
2014,Prozent,55 bis unter 60 Jahre,,,,,,,,Verdienstabstand,28.0
2015,Prozent,55 bis unter 60 Jahre,,,,,.,,,Verdienstabstand,
2016,Prozent,55 bis unter 60 Jahre,,,,,.,,,Verdienstabstand,
2017,Prozent,55 bis unter 60 Jahre,,,,,.,,,Verdienstabstand,
2018,Prozent,55 bis unter 60 Jahre,,,,,,,,Verdienstabstand,28.0
2019,Prozent,55 bis unter 60 Jahre,,,,,.,,,Verdienstabstand,
2020,Prozent,55 bis unter 60 Jahre,,,,,.,,,Verdienstabstand,
2021,Prozent,55 bis unter 60 Jahre,,,,,.,,,Verdienstabstand,
2022,Prozent,55 bis unter 60 Jahre,,,,,,,,Verdienstabstand,27.0
2023,Prozent,55 bis unter 60 Jahre,,,,,,,,Verdienstabstand,26.0
2024,Prozent,55 bis unter 60 Jahre,,,,,,,,Verdienstabstand,25.0
2025,Prozent,55 bis unter 60 Jahre,,,,,,,,Verdienstabstand,25.0
2010,Prozent,60 bis unter 65 Jahre,,,,,.,,,Verdienstabstand,
2011,Prozent,60 bis unter 65 Jahre,,,,,.,,,Verdienstabstand,
2012,Prozent,60 bis unter 65 Jahre,,,,,.,,,Verdienstabstand,
2013,Prozent,60 bis unter 65 Jahre,,,,,.,,,Verdienstabstand,
2014,Prozent,60 bis unter 65 Jahre,,,,,,,,Verdienstabstand,27.0
2015,Prozent,60 bis unter 65 Jahre,,,,,.,,,Verdienstabstand,
2016,Prozent,60 bis unter 65 Jahre,,,,,.,,,Verdienstabstand,
2017,Prozent,60 bis unter 65 Jahre,,,,,.,,,Verdienstabstand,
2018,Prozent,60 bis unter 65 Jahre,,,,,,,,Verdienstabstand,26.0
2019,Prozent,60 bis unter 65 Jahre,,,,,.,,,Verdienstabstand,
2020,Prozent,60 bis unter 65 Jahre,,,,,.,,,Verdienstabstand,
2021,Prozent,60 bis unter 65 Jahre,,,,,.,,,Verdienstabstand,
2022,Prozent,60 bis unter 65 Jahre,,,,,,,,Verdienstabstand,25.0
2023,Prozent,60 bis unter 65 Jahre,,,,,,,,Verdienstabstand,26.0
2024,Prozent,60 bis unter 65 Jahre,,,,,,,,Verdienstabstand,25.0
2025,Prozent,60 bis unter 65 Jahre,,,,,,,,Verdienstabstand,25.0
2010,Prozent,65 Jahre und älter,,,,,.,,,Verdienstabstand,
2011,Prozent,65 Jahre und älter,,,,,.,,,Verdienstabstand,
2012,Prozent,65 Jahre und älter,,,,,.,,,Verdienstabstand,
2013,Prozent,65 Jahre und älter,,,,,.,,,Verdienstabstand,
2014,Prozent,65 Jahre und älter,,,,,,,,Verdienstabstand,15.0
2015,Prozent,65 Jahre und älter,,,,,.,,,Verdienstabstand,
2016,Prozent,65 Jahre und älter,,,,,.,,,Verdienstabstand,
2017,Prozent,65 Jahre und älter,,,,,.,,,Verdienstabstand,
2018,Prozent,65 Jahre und älter,,,,,,,,Verdienstabstand,17.0
2019,Prozent,65 Jahre und älter,,,,,.,,,Verdienstabstand,
2020,Prozent,65 Jahre und älter,,,,,.,,,Verdienstabstand,
2021,Prozent,65 Jahre und älter,,,,,.,,,Verdienstabstand,
2022,Prozent,65 Jahre und älter,,,,,,,,Verdienstabstand,9.0
2023,Prozent,65 Jahre und älter,,,,,,,,Verdienstabstand,9.0
2024,Prozent,65 Jahre und älter,,,,,,,,Verdienstabstand,7.0
2025,Prozent,65 Jahre und älter,,,,,,,,Verdienstabstand,11.0
2010,Prozent,,,,Baden-Württemberg,code08,,,,Verdienstabstand,27.0
2011,Prozent,,,,Baden-Württemberg,code08,,,,Verdienstabstand,27.0
2012,Prozent,,,,Baden-Württemberg,code08,,,,Verdienstabstand,27.0
2013,Prozent,,,,Baden-Württemberg,code08,,,,Verdienstabstand,27.0
2014,Prozent,,,,Baden-Württemberg,code08,,,,Verdienstabstand,27.0
2015,Prozent,,,,Baden-Württemberg,code08,,,,Verdienstabstand,26.0
2016,Prozent,,,,Baden-Württemberg,code08,,,,Verdienstabstand,26.0
2017,Prozent,,,,Baden-Württemberg,code08,,,,Verdienstabstand,25.0
2018,Prozent,,,,Baden-Württemberg,code08,,,,Verdienstabstand,24.0
2019,Prozent,,,,Baden-Württemberg,code08,,,,Verdienstabstand,23.0
2020,Prozent,,,,Baden-Württemberg,code08,,,,Verdienstabstand,23.0
2021,Prozent,,,,Baden-Württemberg,code08,,,,Verdienstabstand,22.0
2022,Prozent,,,,Baden-Württemberg,code08,|,,,Verdienstabstand,23.0
2023,Prozent,,,,Baden-Württemberg,code08,,,,Verdienstabstand,22.0
2024,Prozent,,,,Baden-Württemberg,code08,,,,Verdienstabstand,19.0
2025,Prozent,,,,Baden-Württemberg,code08,,,,Verdienstabstand,20.0
2010,Prozent,,,,Bayern,code09,,,,Verdienstabstand,26.0
2011,Prozent,,,,Bayern,code09,,,,Verdienstabstand,25.0
2012,Prozent,,,,Bayern,code09,,,,Verdienstabstand,25.0
2013,Prozent,,,,Bayern,code09,,,,Verdienstabstand,25.0
2014,Prozent,,,,Bayern,code09,,,,Verdienstabstand,25.0
2015,Prozent,,,,Bayern,code09,,,,Verdienstabstand,24.0
2016,Prozent,,,,Bayern,code09,,,,Verdienstabstand,24.0
2017,Prozent,,,,Bayern,code09,,,,Verdienstabstand,24.0
2018,Prozent,,,,Bayern,code09,,,,Verdienstabstand,24.0
2019,Prozent,,,,Bayern,code09,,,,Verdienstabstand,23.0
2020,Prozent,,,,Bayern,code09,,,,Verdienstabstand,22.0
2021,Prozent,,,,Bayern,code09,,,,Verdienstabstand,21.0
2022,Prozent,,,,Bayern,code09,|,,,Verdienstabstand,21.0
2023,Prozent,,,,Bayern,code09,,,,Verdienstabstand,21.0
2024,Prozent,,,,Bayern,code09,,,,Verdienstabstand,18.0
2025,Prozent,,,,Bayern,code09,,,,Verdienstabstand,19.0
2010,Prozent,,,,Berlin,code11,,,,Verdienstabstand,14.0
2011,Prozent,,,,Berlin,code11,,,,Verdienstabstand,15.0
2012,Prozent,,,,Berlin,code11,,,,Verdienstabstand,15.0
2013,Prozent,,,,Berlin,code11,,,,Verdienstabstand,14.0
2014,Prozent,,,,Berlin,code11,,,,Verdienstabstand,14.0
2015,Prozent,,,,Berlin,code11,,,,Verdienstabstand,14.0
2016,Prozent,,,,Berlin,code11,,,,Verdienstabstand,12.0
2017,Prozent,,,,Berlin,code11,,,,Verdienstabstand,10.0
2018,Prozent,,,,Berlin,code11,,,,Verdienstabstand,10.0
2019,Prozent,,,,Berlin,code11,,,,Verdienstabstand,10.0
2020,Prozent,,,,Berlin,code11,,,,Verdienstabstand,10.0
2021,Prozent,,,,Berlin,code11,,,,Verdienstabstand,10.0
2022,Prozent,,,,Berlin,code11,|,,,Verdienstabstand,10.0
2023,Prozent,,,,Berlin,code11,,,,Verdienstabstand,11.0
2024,Prozent,,,,Berlin,code11,,,,Verdienstabstand,10.0
2025,Prozent,,,,Berlin,code11,,,,Verdienstabstand,10.0
2010,Prozent,,,,Brandenburg,code12,,,,Verdienstabstand,7.0
2011,Prozent,,,,Brandenburg,code12,,,,Verdienstabstand,6.0
2012,Prozent,,,,Brandenburg,code12,,,,Verdienstabstand,7.0
2013,Prozent,,,,Brandenburg,code12,,,,Verdienstabstand,5.0
2014,Prozent,,,,Brandenburg,code12,,,,Verdienstabstand,7.0
2015,Prozent,,,,Brandenburg,code12,,,,Verdienstabstand,5.0
2016,Prozent,,,,Brandenburg,code12,,,,Verdienstabstand,6.0
2017,Prozent,,,,Brandenburg,code12,,,,Verdienstabstand,6.0
2018,Prozent,,,,Brandenburg,code12,,,,Verdienstabstand,6.0
2019,Prozent,,,,Brandenburg,code12,,,,Verdienstabstand,7.0
2020,Prozent,,,,Brandenburg,code12,,,,Verdienstabstand,6.0
2021,Prozent,,,,Brandenburg,code12,,,,Verdienstabstand,5.0
2022,Prozent,,,,Brandenburg,code12,|,,,Verdienstabstand,6.0
2023,Prozent,,,,Brandenburg,code12,,,,Verdienstabstand,4.0
2024,Prozent,,,,Brandenburg,code12,,,,Verdienstabstand,2.0
2025,Prozent,,,,Brandenburg,code12,,,,Verdienstabstand,4.0
2010,Prozent,,,,Bremen,code04,,,,Verdienstabstand,24.0
2011,Prozent,,,,Bremen,code04,,,,Verdienstabstand,24.0
2012,Prozent,,,,Bremen,code04,,,,Verdienstabstand,27.0
2013,Prozent,,,,Bremen,code04,,,,Verdienstabstand,25.0
2014,Prozent,,,,Bremen,code04,,,,Verdienstabstand,25.0
2015,Prozent,,,,Bremen,code04,,,,Verdienstabstand,25.0
2016,Prozent,,,,Bremen,code04,,,,Verdienstabstand,24.0
2017,Prozent,,,,Bremen,code04,,,,Verdienstabstand,24.0
2018,Prozent,,,,Bremen,code04,,,,Verdienstabstand,23.0
2019,Prozent,,,,Bremen,code04,,,,Verdienstabstand,25.0
2020,Prozent,,,,Bremen,code04,,,,Verdienstabstand,22.0
2021,Prozent,,,,Bremen,code04,,,,Verdienstabstand,22.0
2022,Prozent,,,,Bremen,code04,|,,,Verdienstabstand,20.0
2023,Prozent,,,,Bremen,code04,,,,Verdienstabstand,19.0
2024,Prozent,,,,Bremen,code04,,,,Verdienstabstand,17.0
2025,Prozent,,,,Bremen,code04,,,,Verdienstabstand,14.0
2010,Prozent,,,,Hamburg,code02,,,,Verdienstabstand,23.0
2011,Prozent,,,,Hamburg,code02,,,,Verdienstabstand,22.0
2012,Prozent,,,,Hamburg,code02,,,,Verdienstabstand,24.0
2013,Prozent,,,,Hamburg,code02,,,,Verdienstabstand,23.0
2014,Prozent,,,,Hamburg,code02,,,,Verdienstabstand,22.0
2015,Prozent,,,,Hamburg,code02,,,,Verdienstabstand,22.0
2016,Prozent,,,,Hamburg,code02,,,,Verdienstabstand,21.0
2017,Prozent,,,,Hamburg,code02,,,,Verdienstabstand,21.0
2018,Prozent,,,,Hamburg,code02,,,,Verdienstabstand,21.0
2019,Prozent,,,,Hamburg,code02,,,,Verdienstabstand,21.0
2020,Prozent,,,,Hamburg,code02,,,,Verdienstabstand,21.0
2021,Prozent,,,,Hamburg,code02,,,,Verdienstabstand,21.0
2022,Prozent,,,,Hamburg,code02,|,,,Verdienstabstand,18.0
2023,Prozent,,,,Hamburg,code02,,,,Verdienstabstand,18.0
2024,Prozent,,,,Hamburg,code02,,,,Verdienstabstand,18.0
2025,Prozent,,,,Hamburg,code02,,,,Verdienstabstand,17.0
2010,Prozent,,,,Hessen,code06,,,,Verdienstabstand,25.0
2011,Prozent,,,,Hessen,code06,,,,Verdienstabstand,25.0
2012,Prozent,,,,Hessen,code06,,,,Verdienstabstand,24.0
2013,Prozent,,,,Hessen,code06,,,,Verdienstabstand,23.0
2014,Prozent,,,,Hessen,code06,,,,Verdienstabstand,24.0
2015,Prozent,,,,Hessen,code06,,,,Verdienstabstand,23.0
2016,Prozent,,,,Hessen,code06,,,,Verdienstabstand,22.0
2017,Prozent,,,,Hessen,code06,,,,Verdienstabstand,22.0
2018,Prozent,,,,Hessen,code06,,,,Verdienstabstand,21.0
2019,Prozent,,,,Hessen,code06,,,,Verdienstabstand,19.0
2020,Prozent,,,,Hessen,code06,,,,Verdienstabstand,18.0
2021,Prozent,,,,Hessen,code06,,,,Verdienstabstand,18.0
2022,Prozent,,,,Hessen,code06,|,,,Verdienstabstand,21.0
2023,Prozent,,,,Hessen,code06,,,,Verdienstabstand,20.0
2024,Prozent,,,,Hessen,code06,,,,Verdienstabstand,19.0
2025,Prozent,,,,Hessen,code06,,,,Verdienstabstand,19.0
2010,Prozent,,,,Mecklenburg-Vorpommern,code13,,,,Verdienstabstand,4.0
2011,Prozent,,,,Mecklenburg-Vorpommern,code13,,,,Verdienstabstand,6.0
2012,Prozent,,,,Mecklenburg-Vorpommern,code13,,,,Verdienstabstand,7.0
2013,Prozent,,,,Mecklenburg-Vorpommern,code13,,,,Verdienstabstand,6.0
2014,Prozent,,,,Mecklenburg-Vorpommern,code13,,,,Verdienstabstand,8.0
2015,Prozent,,,,Mecklenburg-Vorpommern,code13,,,,Verdienstabstand,7.0
2016,Prozent,,,,Mecklenburg-Vorpommern,code13,,,,Verdienstabstand,6.0
2017,Prozent,,,,Mecklenburg-Vorpommern,code13,,,,Verdienstabstand,6.0
2018,Prozent,,,,Mecklenburg-Vorpommern,code13,,,,Verdienstabstand,6.0
2019,Prozent,,,,Mecklenburg-Vorpommern,code13,,,,Verdienstabstand,6.0
2020,Prozent,,,,Mecklenburg-Vorpommern,code13,,,,Verdienstabstand,6.0
2021,Prozent,,,,Mecklenburg-Vorpommern,code13,,,,Verdienstabstand,5.0
2022,Prozent,,,,Mecklenburg-Vorpommern,code13,|,,,Verdienstabstand,6.0
2023,Prozent,,,,Mecklenburg-Vorpommern,code13,,,,Verdienstabstand,7.0
2024,Prozent,,,,Mecklenburg-Vorpommern,code13,,,,Verdienstabstand,7.0
2025,Prozent,,,,Mecklenburg-Vorpommern,code13,,,,Verdienstabstand,4.0
2010,Prozent,,,,Niedersachsen,code03,,,,Verdienstabstand,22.0
2011,Prozent,,,,Niedersachsen,code03,,,,Verdienstabstand,22.0
2012,Prozent,,,,Niedersachsen,code03,,,,Verdienstabstand,21.0
2013,Prozent,,,,Niedersachsen,code03,,,,Verdienstabstand,20.0
2014,Prozent,,,,Niedersachsen,code03,,,,Verdienstabstand,22.0
2015,Prozent,,,,Niedersachsen,code03,,,,Verdienstabstand,22.0
2016,Prozent,,,,Niedersachsen,code03,,,,Verdienstabstand,21.0
2017,Prozent,,,,Niedersachsen,code03,,,,Verdienstabstand,21.0
2018,Prozent,,,,Niedersachsen,code03,,,,Verdienstabstand,21.0
2019,Prozent,,,,Niedersachsen,code03,,,,Verdienstabstand,21.0
2020,Prozent,,,,Niedersachsen,code03,,,,Verdienstabstand,19.0
2021,Prozent,,,,Niedersachsen,code03,,,,Verdienstabstand,19.0
2022,Prozent,,,,Niedersachsen,code03,|,,,Verdienstabstand,18.0
2023,Prozent,,,,Niedersachsen,code03,,,,Verdienstabstand,18.0
2024,Prozent,,,,Niedersachsen,code03,,,,Verdienstabstand,15.0
2025,Prozent,,,,Niedersachsen,code03,,,,Verdienstabstand,16.0
2010,Prozent,,,,Nordrhein-Westfalen,code05,,,,Verdienstabstand,23.0
2011,Prozent,,,,Nordrhein-Westfalen,code05,,,,Verdienstabstand,23.0
2012,Prozent,,,,Nordrhein-Westfalen,code05,,,,Verdienstabstand,24.0
2013,Prozent,,,,Nordrhein-Westfalen,code05,,,,Verdienstabstand,23.0
2014,Prozent,,,,Nordrhein-Westfalen,code05,,,,Verdienstabstand,23.0
2015,Prozent,,,,Nordrhein-Westfalen,code05,,,,Verdienstabstand,23.0
2016,Prozent,,,,Nordrhein-Westfalen,code05,,,,Verdienstabstand,22.0
2017,Prozent,,,,Nordrhein-Westfalen,code05,,,,Verdienstabstand,21.0
2018,Prozent,,,,Nordrhein-Westfalen,code05,,,,Verdienstabstand,20.0
2019,Prozent,,,,Nordrhein-Westfalen,code05,,,,Verdienstabstand,19.0
2020,Prozent,,,,Nordrhein-Westfalen,code05,,,,Verdienstabstand,18.0
2021,Prozent,,,,Nordrhein-Westfalen,code05,,,,Verdienstabstand,17.0
2022,Prozent,,,,Nordrhein-Westfalen,code05,|,,,Verdienstabstand,17.0
2023,Prozent,,,,Nordrhein-Westfalen,code05,,,,Verdienstabstand,17.0
2024,Prozent,,,,Nordrhein-Westfalen,code05,,,,Verdienstabstand,16.0
2025,Prozent,,,,Nordrhein-Westfalen,code05,,,,Verdienstabstand,15.0
2010,Prozent,,,,Rheinland-Pfalz,code07,,,,Verdienstabstand,22.0
2011,Prozent,,,,Rheinland-Pfalz,code07,,,,Verdienstabstand,22.0
2012,Prozent,,,,Rheinland-Pfalz,code07,,,,Verdienstabstand,22.0
2013,Prozent,,,,Rheinland-Pfalz,code07,,,,Verdienstabstand,22.0
2014,Prozent,,,,Rheinland-Pfalz,code07,,,,Verdienstabstand,21.0
2015,Prozent,,,,Rheinland-Pfalz,code07,,,,Verdienstabstand,20.0
2016,Prozent,,,,Rheinland-Pfalz,code07,,,,Verdienstabstand,20.0
2017,Prozent,,,,Rheinland-Pfalz,code07,,,,Verdienstabstand,19.0
2018,Prozent,,,,Rheinland-Pfalz,code07,,,,Verdienstabstand,18.0
2019,Prozent,,,,Rheinland-Pfalz,code07,,,,Verdienstabstand,17.0
2020,Prozent,,,,Rheinland-Pfalz,code07,,,,Verdienstabstand,15.0
2021,Prozent,,,,Rheinland-Pfalz,code07,,,,Verdienstabstand,15.0
2022,Prozent,,,,Rheinland-Pfalz,code07,|,,,Verdienstabstand,15.0
2023,Prozent,,,,Rheinland-Pfalz,code07,,,,Verdienstabstand,15.0
2024,Prozent,,,,Rheinland-Pfalz,code07,,,,Verdienstabstand,14.0
2025,Prozent,,,,Rheinland-Pfalz,code07,,,,Verdienstabstand,14.0
2010,Prozent,,,,Saarland,code10,,,,Verdienstabstand,25.0
2011,Prozent,,,,Saarland,code10,,,,Verdienstabstand,25.0
2012,Prozent,,,,Saarland,code10,,,,Verdienstabstand,25.0
2013,Prozent,,,,Saarland,code10,,,,Verdienstabstand,24.0
2014,Prozent,,,,Saarland,code10,,,,Verdienstabstand,23.0
2015,Prozent,,,,Saarland,code10,,,,Verdienstabstand,24.0
2016,Prozent,,,,Saarland,code10,,,,Verdienstabstand,24.0
2017,Prozent,,,,Saarland,code10,,,,Verdienstabstand,24.0
2018,Prozent,,,,Saarland,code10,,,,Verdienstabstand,23.0
2019,Prozent,,,,Saarland,code10,,,,Verdienstabstand,22.0
2020,Prozent,,,,Saarland,code10,,,,Verdienstabstand,20.0
2021,Prozent,,,,Saarland,code10,,,,Verdienstabstand,20.0
2022,Prozent,,,,Saarland,code10,|,,,Verdienstabstand,18.0
2023,Prozent,,,,Saarland,code10,,,,Verdienstabstand,18.0
2024,Prozent,,,,Saarland,code10,,,,Verdienstabstand,16.0
2025,Prozent,,,,Saarland,code10,,,,Verdienstabstand,16.0
2010,Prozent,,,,Sachsen,code14,,,,Verdienstabstand,9.0
2011,Prozent,,,,Sachsen,code14,,,,Verdienstabstand,10.0
2012,Prozent,,,,Sachsen,code14,,,,Verdienstabstand,11.0
2013,Prozent,,,,Sachsen,code14,,,,Verdienstabstand,11.0
2014,Prozent,,,,Sachsen,code14,,,,Verdienstabstand,11.0
2015,Prozent,,,,Sachsen,code14,,,,Verdienstabstand,11.0
2016,Prozent,,,,Sachsen,code14,,,,Verdienstabstand,10.0
2017,Prozent,,,,Sachsen,code14,,,,Verdienstabstand,9.0
2018,Prozent,,,,Sachsen,code14,,,,Verdienstabstand,8.0
2019,Prozent,,,,Sachsen,code14,,,,Verdienstabstand,7.0
2020,Prozent,,,,Sachsen,code14,,,,Verdienstabstand,7.0
2021,Prozent,,,,Sachsen,code14,,,,Verdienstabstand,6.0
2022,Prozent,,,,Sachsen,code14,|,,,Verdienstabstand,8.0
2023,Prozent,,,,Sachsen,code14,,,,Verdienstabstand,9.0
2024,Prozent,,,,Sachsen,code14,,,,Verdienstabstand,7.0
2025,Prozent,,,,Sachsen,code14,,,,Verdienstabstand,6.0
2010,Prozent,,,,Sachsen-Anhalt,code15,,,,Verdienstabstand,4.0
2011,Prozent,,,,Sachsen-Anhalt,code15,,,,Verdienstabstand,5.0
2012,Prozent,,,,Sachsen-Anhalt,code15,,,,Verdienstabstand,5.0
2013,Prozent,,,,Sachsen-Anhalt,code15,,,,Verdienstabstand,4.0
2014,Prozent,,,,Sachsen-Anhalt,code15,,,,Verdienstabstand,5.0
2015,Prozent,,,,Sachsen-Anhalt,code15,,,,Verdienstabstand,4.0
2016,Prozent,,,,Sachsen-Anhalt,code15,,,,Verdienstabstand,4.0
2017,Prozent,,,,Sachsen-Anhalt,code15,,,,Verdienstabstand,6.0
2018,Prozent,,,,Sachsen-Anhalt,code15,,,,Verdienstabstand,8.0
2019,Prozent,,,,Sachsen-Anhalt,code15,,,,Verdienstabstand,7.0
2020,Prozent,,,,Sachsen-Anhalt,code15,,,,Verdienstabstand,8.0
2021,Prozent,,,,Sachsen-Anhalt,code15,,,,Verdienstabstand,7.0
2022,Prozent,,,,Sachsen-Anhalt,code15,|,,,Verdienstabstand,6.0
2023,Prozent,,,,Sachsen-Anhalt,code15,,,,Verdienstabstand,5.0
2024,Prozent,,,,Sachsen-Anhalt,code15,,,,Verdienstabstand,4.0
2025,Prozent,,,,Sachsen-Anhalt,code15,,,,Verdienstabstand,4.0
2010,Prozent,,,,Schleswig-Holstein,code01,,,,Verdienstabstand,18.0
2011,Prozent,,,,Schleswig-Holstein,code01,,,,Verdienstabstand,17.0
2012,Prozent,,,,Schleswig-Holstein,code01,,,,Verdienstabstand,18.0
2013,Prozent,,,,Schleswig-Holstein,code01,,,,Verdienstabstand,18.0
2014,Prozent,,,,Schleswig-Holstein,code01,,,,Verdienstabstand,17.0
2015,Prozent,,,,Schleswig-Holstein,code01,,,,Verdienstabstand,16.0
2016,Prozent,,,,Schleswig-Holstein,code01,,,,Verdienstabstand,16.0
2017,Prozent,,,,Schleswig-Holstein,code01,,,,Verdienstabstand,14.0
2018,Prozent,,,,Schleswig-Holstein,code01,,,,Verdienstabstand,14.0
2019,Prozent,,,,Schleswig-Holstein,code01,,,,Verdienstabstand,13.0
2020,Prozent,,,,Schleswig-Holstein,code01,,,,Verdienstabstand,13.0
2021,Prozent,,,,Schleswig-Holstein,code01,,,,Verdienstabstand,12.0
2022,Prozent,,,,Schleswig-Holstein,code01,|,,,Verdienstabstand,12.0
2023,Prozent,,,,Schleswig-Holstein,code01,,,,Verdienstabstand,12.0
2024,Prozent,,,,Schleswig-Holstein,code01,,,,Verdienstabstand,11.0
2025,Prozent,,,,Schleswig-Holstein,code01,,,,Verdienstabstand,12.0
2010,Prozent,,,,Thüringen,code16,,,,Verdienstabstand,6.0
2011,Prozent,,,,Thüringen,code16,,,,Verdienstabstand,7.0
2012,Prozent,,,,Thüringen,code16,,,,Verdienstabstand,8.0
2013,Prozent,,,,Thüringen,code16,,,,Verdienstabstand,9.0
2014,Prozent,,,,Thüringen,code16,,,,Verdienstabstand,8.0
2015,Prozent,,,,Thüringen,code16,,,,Verdienstabstand,9.0
2016,Prozent,,,,Thüringen,code16,,,,Verdienstabstand,7.0
2017,Prozent,,,,Thüringen,code16,,,,Verdienstabstand,6.0
2018,Prozent,,,,Thüringen,code16,,,,Verdienstabstand,6.0
2019,Prozent,,,,Thüringen,code16,,,,Verdienstabstand,6.0
2020,Prozent,,,,Thüringen,code16,,,,Verdienstabstand,5.0
2021,Prozent,,,,Thüringen,code16,,,,Verdienstabstand,5.0
2022,Prozent,,,,Thüringen,code16,|,,,Verdienstabstand,7.0
2023,Prozent,,,,Thüringen,code16,,,,Verdienstabstand,7.0
2024,Prozent,,,,Thüringen,code16,,,,Verdienstabstand,6.0
2025,Prozent,,,,Thüringen,code16,,,,Verdienstabstand,5.0
