Year,Units,timeseries,age group,sex,COMMENT_OBS_0,COMMENT_OBS_1,COMMENT_OBS_2,Value
2010,number,victims of non-sexual harassment,,,,,,28870.0
2011,number,victims of non-sexual harassment,,,,,,26876.0
2012,number,victims of non-sexual harassment,,,,,,26360.0
2013,number,victims of non-sexual harassment,,,,,,25517.0
2014,number,victims of non-sexual harassment,,,,,,23303.0
2015,number,victims of non-sexual harassment,,,,,,21070.0
2016,number,victims of non-sexual harassment,,,,,,19949.0
2017,number,victims of non-sexual harassment,,,r,,,19750.0
2018,number,victims of non-sexual harassment,,,r,,,20280.0
2019,number,victims of non-sexual harassment,,,r,,,20204.0
2020,number,victims of non-sexual harassment,,,r,,,20997.0
2021,number,victims of non-sexual harassment,,,r,,,22091.0
2022,number,victims of non-sexual harassment,,,r,,,23082.0
2023,number,victims of non-sexual harassment,,,r,,,25138.0
2024,number,victims of non-sexual harassment,,,,,,26703.0
2010,number,victims of non-sexual harassment,,female,,,,22909.0
2011,number,victims of non-sexual harassment,,female,,,,21414.0
2012,number,victims of non-sexual harassment,,female,,,,21217.0
2013,number,victims of non-sexual harassment,,female,,,,20455.0
2014,number,victims of non-sexual harassment,,female,,,,18682.0
2015,number,victims of non-sexual harassment,,female,,,,16941.0
2016,number,victims of non-sexual harassment,,female,,,,16115.0
2017,number,victims of non-sexual harassment,,female,r,,,15999.0
2018,number,victims of non-sexual harassment,,female,r,,,16456.0
2019,number,victims of non-sexual harassment,,female,r,,,16432.0
2020,number,victims of non-sexual harassment,,female,r,,,16974.0
2021,number,victims of non-sexual harassment,,female,r,,,17693.0
2022,number,victims of non-sexual harassment,,female,r,,,18628.0
2023,number,victims of non-sexual harassment,,female,r,,,20089.0
2024,number,victims of non-sexual harassment,,female,,,,21382.0
2010,number,victims of non-sexual harassment,,male,,,,5961.0
2011,number,victims of non-sexual harassment,,male,,,,5462.0
2012,number,victims of non-sexual harassment,,male,,,,5143.0
2013,number,victims of non-sexual harassment,,male,,,,5062.0
2014,number,victims of non-sexual harassment,,male,,,,4621.0
2015,number,victims of non-sexual harassment,,male,,,,4129.0
2016,number,victims of non-sexual harassment,,male,,,,3834.0
2017,number,victims of non-sexual harassment,,male,r,,,3751.0
2018,number,victims of non-sexual harassment,,male,r,,,3824.0
2019,number,victims of non-sexual harassment,,male,r,,,3772.0
2020,number,victims of non-sexual harassment,,male,r,,,4023.0
2021,number,victims of non-sexual harassment,,male,r,,,4398.0
2022,number,victims of non-sexual harassment,,male,r,,,4454.0
2023,number,victims of non-sexual harassment,,male,r,,,5049.0
2024,number,victims of non-sexual harassment,,male,,,,5321.0
2010,number,victims of non-sexual harassment,13 years and younger,,,,,443.0
2011,number,victims of non-sexual harassment,13 years and younger,,,,,416.0
2012,number,victims of non-sexual harassment,13 years and younger,,,,,432.0
2013,number,victims of non-sexual harassment,13 years and younger,,,,,427.0
2014,number,victims of non-sexual harassment,13 years and younger,,,,,377.0
2015,number,victims of non-sexual harassment,13 years and younger,,,,,343.0
2016,number,victims of non-sexual harassment,13 years and younger,,,,,336.0
2017,number,victims of non-sexual harassment,13 years and younger,,r,,,338.0
2018,number,victims of non-sexual harassment,13 years and younger,,r,,,346.0
2019,number,victims of non-sexual harassment,13 years and younger,,r,,,398.0
2020,number,victims of non-sexual harassment,13 years and younger,,r,,,380.0
2021,number,victims of non-sexual harassment,13 years and younger,,r,,,404.0
2022,number,victims of non-sexual harassment,13 years and younger,,r,,,460.0
2023,number,victims of non-sexual harassment,13 years and younger,,r,,,579.0
2024,number,victims of non-sexual harassment,13 years and younger,,,,,681.0
2010,number,victims of non-sexual harassment,13 years and younger,female,,,,272.0
2011,number,victims of non-sexual harassment,13 years and younger,female,,,,263.0
2012,number,victims of non-sexual harassment,13 years and younger,female,,,,310.0
2013,number,victims of non-sexual harassment,13 years and younger,female,,,,273.0
2014,number,victims of non-sexual harassment,13 years and younger,female,,,,260.0
2015,number,victims of non-sexual harassment,13 years and younger,female,,,,221.0
2016,number,victims of non-sexual harassment,13 years and younger,female,,,,221.0
2017,number,victims of non-sexual harassment,13 years and younger,female,r,,,212.0
2018,number,victims of non-sexual harassment,13 years and younger,female,r,,,239.0
2019,number,victims of non-sexual harassment,13 years and younger,female,r,,,241.0
2020,number,victims of non-sexual harassment,13 years and younger,female,r,,,226.0
2021,number,victims of non-sexual harassment,13 years and younger,female,r,,,264.0
2022,number,victims of non-sexual harassment,13 years and younger,female,r,,,313.0
2023,number,victims of non-sexual harassment,13 years and younger,female,r,,,353.0
2024,number,victims of non-sexual harassment,13 years and younger,female,,,,404.0
2010,number,victims of non-sexual harassment,13 years and younger,male,,,,171.0
2011,number,victims of non-sexual harassment,13 years and younger,male,,,,153.0
2012,number,victims of non-sexual harassment,13 years and younger,male,,,,122.0
2013,number,victims of non-sexual harassment,13 years and younger,male,,,,154.0
2014,number,victims of non-sexual harassment,13 years and younger,male,,,,117.0
2015,number,victims of non-sexual harassment,13 years and younger,male,,,,122.0
2016,number,victims of non-sexual harassment,13 years and younger,male,,,,115.0
2017,number,victims of non-sexual harassment,13 years and younger,male,r,,,126.0
2018,number,victims of non-sexual harassment,13 years and younger,male,r,,,107.0
2019,number,victims of non-sexual harassment,13 years and younger,male,r,,,157.0
2020,number,victims of non-sexual harassment,13 years and younger,male,r,,,154.0
2021,number,victims of non-sexual harassment,13 years and younger,male,r,,,140.0
2022,number,victims of non-sexual harassment,13 years and younger,male,r,,,147.0
2023,number,victims of non-sexual harassment,13 years and younger,male,r,,,226.0
2024,number,victims of non-sexual harassment,13 years and younger,male,,,,277.0
2010,number,victims of non-sexual harassment,14 to under 18 years,,,,,1289.0
2011,number,victims of non-sexual harassment,14 to under 18 years,,,,,1227.0
2012,number,victims of non-sexual harassment,14 to under 18 years,,,,,1101.0
2013,number,victims of non-sexual harassment,14 to under 18 years,,,,,1143.0
2014,number,victims of non-sexual harassment,14 to under 18 years,,,,,1063.0
2015,number,victims of non-sexual harassment,14 to under 18 years,,,,,817.0
2016,number,victims of non-sexual harassment,14 to under 18 years,,,,,806.0
2017,number,victims of non-sexual harassment,14 to under 18 years,,r,,,829.0
2018,number,victims of non-sexual harassment,14 to under 18 years,,r,,,798.0
2019,number,victims of non-sexual harassment,14 to under 18 years,,r,,,821.0
2020,number,victims of non-sexual harassment,14 to under 18 years,,r,,,751.0
2021,number,victims of non-sexual harassment,14 to under 18 years,,r,,,803.0
2022,number,victims of non-sexual harassment,14 to under 18 years,,r,,,822.0
2023,number,victims of non-sexual harassment,14 to under 18 years,,r,,,928.0
2024,number,victims of non-sexual harassment,14 to under 18 years,,,,,1019.0
2010,number,victims of non-sexual harassment,14 to under 18 years,female,,,,1132.0
2011,number,victims of non-sexual harassment,14 to under 18 years,female,,,,1087.0
2012,number,victims of non-sexual harassment,14 to under 18 years,female,,,,991.0
2013,number,victims of non-sexual harassment,14 to under 18 years,female,,,,1015.0
2014,number,victims of non-sexual harassment,14 to under 18 years,female,,,,943.0
2015,number,victims of non-sexual harassment,14 to under 18 years,female,,,,716.0
2016,number,victims of non-sexual harassment,14 to under 18 years,female,,,,710.0
2017,number,victims of non-sexual harassment,14 to under 18 years,female,r,,,718.0
2018,number,victims of non-sexual harassment,14 to under 18 years,female,r,,,724.0
2019,number,victims of non-sexual harassment,14 to under 18 years,female,r,,,704.0
2020,number,victims of non-sexual harassment,14 to under 18 years,female,r,,,624.0
2021,number,victims of non-sexual harassment,14 to under 18 years,female,r,,,672.0
2022,number,victims of non-sexual harassment,14 to under 18 years,female,r,,,686.0
2023,number,victims of non-sexual harassment,14 to under 18 years,female,r,,,786.0
2024,number,victims of non-sexual harassment,14 to under 18 years,female,,,,820.0
2010,number,victims of non-sexual harassment,14 to under 18 years,male,,,,157.0
2011,number,victims of non-sexual harassment,14 to under 18 years,male,,,,140.0
2012,number,victims of non-sexual harassment,14 to under 18 years,male,,,,110.0
2013,number,victims of non-sexual harassment,14 to under 18 years,male,,,,128.0
2014,number,victims of non-sexual harassment,14 to under 18 years,male,,,,120.0
2015,number,victims of non-sexual harassment,14 to under 18 years,male,,,,101.0
2016,number,victims of non-sexual harassment,14 to under 18 years,male,,,,96.0
2017,number,victims of non-sexual harassment,14 to under 18 years,male,r,,,111.0
2018,number,victims of non-sexual harassment,14 to under 18 years,male,r,,,74.0
2019,number,victims of non-sexual harassment,14 to under 18 years,male,r,,,117.0
2020,number,victims of non-sexual harassment,14 to under 18 years,male,r,,,127.0
2021,number,victims of non-sexual harassment,14 to under 18 years,male,r,,,131.0
2022,number,victims of non-sexual harassment,14 to under 18 years,male,r,,,136.0
2023,number,victims of non-sexual harassment,14 to under 18 years,male,r,,,142.0
2024,number,victims of non-sexual harassment,14 to under 18 years,male,,,,199.0
2010,number,victims of non-sexual harassment,18 to under 21 years,,,,,2467.0
2011,number,victims of non-sexual harassment,18 to under 21 years,,,,,2202.0
2012,number,victims of non-sexual harassment,18 to under 21 years,,,,,2036.0
2013,number,victims of non-sexual harassment,18 to under 21 years,,,,,1769.0
2014,number,victims of non-sexual harassment,18 to under 21 years,,,,,1654.0
2015,number,victims of non-sexual harassment,18 to under 21 years,,,,,1402.0
2016,number,victims of non-sexual harassment,18 to under 21 years,,,,,1253.0
2017,number,victims of non-sexual harassment,18 to under 21 years,,r,,,1340.0
2018,number,victims of non-sexual harassment,18 to under 21 years,,r,,,1462.0
2019,number,victims of non-sexual harassment,18 to under 21 years,,r,,,1279.0
2020,number,victims of non-sexual harassment,18 to under 21 years,,r,,,1385.0
2021,number,victims of non-sexual harassment,18 to under 21 years,,r,,,1393.0
2022,number,victims of non-sexual harassment,18 to under 21 years,,r,,,1321.0
2023,number,victims of non-sexual harassment,18 to under 21 years,,r,,,1421.0
2024,number,victims of non-sexual harassment,18 to under 21 years,,,,,1593.0
2010,number,victims of non-sexual harassment,18 to under 21 years,female,,,,2185.0
2011,number,victims of non-sexual harassment,18 to under 21 years,female,,,,1946.0
2012,number,victims of non-sexual harassment,18 to under 21 years,female,,,,1804.0
2013,number,victims of non-sexual harassment,18 to under 21 years,female,,,,1586.0
2014,number,victims of non-sexual harassment,18 to under 21 years,female,,,,1477.0
2015,number,victims of non-sexual harassment,18 to under 21 years,female,,,,1265.0
2016,number,victims of non-sexual harassment,18 to under 21 years,female,,,,1136.0
2017,number,victims of non-sexual harassment,18 to under 21 years,female,r,,,1214.0
2018,number,victims of non-sexual harassment,18 to under 21 years,female,r,,,1298.0
2019,number,victims of non-sexual harassment,18 to under 21 years,female,r,,,1149.0
2020,number,victims of non-sexual harassment,18 to under 21 years,female,r,,,1252.0
2021,number,victims of non-sexual harassment,18 to under 21 years,female,r,,,1226.0
2022,number,victims of non-sexual harassment,18 to under 21 years,female,r,,,1174.0
2023,number,victims of non-sexual harassment,18 to under 21 years,female,r,,,1223.0
2024,number,victims of non-sexual harassment,18 to under 21 years,female,,,,1388.0
2010,number,victims of non-sexual harassment,18 to under 21 years,male,,,,282.0
2011,number,victims of non-sexual harassment,18 to under 21 years,male,,,,256.0
2012,number,victims of non-sexual harassment,18 to under 21 years,male,,,,232.0
2013,number,victims of non-sexual harassment,18 to under 21 years,male,,,,183.0
2014,number,victims of non-sexual harassment,18 to under 21 years,male,,,,177.0
2015,number,victims of non-sexual harassment,18 to under 21 years,male,,,,137.0
2016,number,victims of non-sexual harassment,18 to under 21 years,male,,,,117.0
2017,number,victims of non-sexual harassment,18 to under 21 years,male,r,,,126.0
2018,number,victims of non-sexual harassment,18 to under 21 years,male,r,,,164.0
2019,number,victims of non-sexual harassment,18 to under 21 years,male,r,,,130.0
2020,number,victims of non-sexual harassment,18 to under 21 years,male,r,,,133.0
2021,number,victims of non-sexual harassment,18 to under 21 years,male,r,,,167.0
2022,number,victims of non-sexual harassment,18 to under 21 years,male,r,,,147.0
2023,number,victims of non-sexual harassment,18 to under 21 years,male,r,,,198.0
2024,number,victims of non-sexual harassment,18 to under 21 years,male,,,,205.0
2010,number,victims of non-sexual harassment,21 to under 60 years,,,,,23019.0
2011,number,victims of non-sexual harassment,21 to under 60 years,,,,,21536.0
2012,number,victims of non-sexual harassment,21 to under 60 years,,,,,21296.0
2013,number,victims of non-sexual harassment,21 to under 60 years,,,,,20738.0
2014,number,victims of non-sexual harassment,21 to under 60 years,,,,,18814.0
2015,number,victims of non-sexual harassment,21 to under 60 years,,,,,17239.0
2016,number,victims of non-sexual harassment,21 to under 60 years,,,,,16303.0
2017,number,victims of non-sexual harassment,21 to under 60 years,,r,,,16060.0
2018,number,victims of non-sexual harassment,21 to under 60 years,,r,,,16423.0
2019,number,victims of non-sexual harassment,21 to under 60 years,,r,,,16440.0
2020,number,victims of non-sexual harassment,21 to under 60 years,,r,,,17193.0
2021,number,victims of non-sexual harassment,21 to under 60 years,,r,,,18068.0
2022,number,victims of non-sexual harassment,21 to under 60 years,,r,,,18925.0
2023,number,victims of non-sexual harassment,21 to under 60 years,,r,,,20453.0
2024,number,victims of non-sexual harassment,21 to under 60 years,,,,,21639.0
2010,number,victims of non-sexual harassment,21 to under 60 years,female,,,,18342.0
2011,number,victims of non-sexual harassment,21 to under 60 years,female,,,,17238.0
2012,number,victims of non-sexual harassment,21 to under 60 years,female,,,,17207.0
2013,number,victims of non-sexual harassment,21 to under 60 years,female,,,,16679.0
2014,number,victims of non-sexual harassment,21 to under 60 years,female,,,,15118.0
2015,number,victims of non-sexual harassment,21 to under 60 years,female,,,,13916.0
2016,number,victims of non-sexual harassment,21 to under 60 years,female,,,,13260.0
2017,number,victims of non-sexual harassment,21 to under 60 years,female,r,,,13064.0
2018,number,victims of non-sexual harassment,21 to under 60 years,female,r,,,13403.0
2019,number,victims of non-sexual harassment,21 to under 60 years,female,r,,,13504.0
2020,number,victims of non-sexual harassment,21 to under 60 years,female,r,,,14027.0
2021,number,victims of non-sexual harassment,21 to under 60 years,female,r,,,14625.0
2022,number,victims of non-sexual harassment,21 to under 60 years,female,r,,,15432.0
2023,number,victims of non-sexual harassment,21 to under 60 years,female,r,,,16583.0
2024,number,victims of non-sexual harassment,21 to under 60 years,female,,,,17639.0
2010,number,victims of non-sexual harassment,21 to under 60 years,male,,,,4677.0
2011,number,victims of non-sexual harassment,21 to under 60 years,male,,,,4298.0
2012,number,victims of non-sexual harassment,21 to under 60 years,male,,,,4089.0
2013,number,victims of non-sexual harassment,21 to under 60 years,male,,,,4059.0
2014,number,victims of non-sexual harassment,21 to under 60 years,male,,,,3696.0
2015,number,victims of non-sexual harassment,21 to under 60 years,male,,,,3323.0
2016,number,victims of non-sexual harassment,21 to under 60 years,male,,,,3043.0
2017,number,victims of non-sexual harassment,21 to under 60 years,male,r,,,2996.0
2018,number,victims of non-sexual harassment,21 to under 60 years,male,r,,,3020.0
2019,number,victims of non-sexual harassment,21 to under 60 years,male,r,,,2936.0
2020,number,victims of non-sexual harassment,21 to under 60 years,male,r,,,3166.0
2021,number,victims of non-sexual harassment,21 to under 60 years,male,r,,,3443.0
2022,number,victims of non-sexual harassment,21 to under 60 years,male,r,,,3493.0
2023,number,victims of non-sexual harassment,21 to under 60 years,male,r,,,3870.0
2024,number,victims of non-sexual harassment,21 to under 60 years,male,,,,4000.0
2010,number,victims of non-sexual harassment,60 years and older,,,,,1652.0
2011,number,victims of non-sexual harassment,60 years and older,,,,,1495.0
2012,number,victims of non-sexual harassment,60 years and older,,,,,1495.0
2013,number,victims of non-sexual harassment,60 years and older,,,,,1440.0
2014,number,victims of non-sexual harassment,60 years and older,,,,,1395.0
2015,number,victims of non-sexual harassment,60 years and older,,,,,1269.0
2016,number,victims of non-sexual harassment,60 years and older,,,,,1251.0
2017,number,victims of non-sexual harassment,60 years and older,,r,,,1183.0
2018,number,victims of non-sexual harassment,60 years and older,,r,,,1251.0
2019,number,victims of non-sexual harassment,60 years and older,,r,,,1266.0
2020,number,victims of non-sexual harassment,60 years and older,,r,,,1288.0
2021,number,victims of non-sexual harassment,60 years and older,,r,,,1423.0
2022,number,victims of non-sexual harassment,60 years and older,,r,,,1554.0
2023,number,victims of non-sexual harassment,60 years and older,,r,,,1757.0
2024,number,victims of non-sexual harassment,60 years and older,,,,,1771.0
2010,number,victims of non-sexual harassment,60 years and older,female,,,,978.0
2011,number,victims of non-sexual harassment,60 years and older,female,,,,880.0
2012,number,victims of non-sexual harassment,60 years and older,female,,,,905.0
2013,number,victims of non-sexual harassment,60 years and older,female,,,,902.0
2014,number,victims of non-sexual harassment,60 years and older,female,,,,884.0
2015,number,victims of non-sexual harassment,60 years and older,female,,,,823.0
2016,number,victims of non-sexual harassment,60 years and older,female,,,,788.0
2017,number,victims of non-sexual harassment,60 years and older,female,r,,,791.0
2018,number,victims of non-sexual harassment,60 years and older,female,r,,,792.0
2019,number,victims of non-sexual harassment,60 years and older,female,r,,,834.0
2020,number,victims of non-sexual harassment,60 years and older,female,r,,,845.0
2021,number,victims of non-sexual harassment,60 years and older,female,r,,,906.0
2022,number,victims of non-sexual harassment,60 years and older,female,r,,,1023.0
2023,number,victims of non-sexual harassment,60 years and older,female,r,,,1144.0
2024,number,victims of non-sexual harassment,60 years and older,female,,,,1131.0
2010,number,victims of non-sexual harassment,60 years and older,male,,,,674.0
2011,number,victims of non-sexual harassment,60 years and older,male,,,,615.0
2012,number,victims of non-sexual harassment,60 years and older,male,,,,590.0
2013,number,victims of non-sexual harassment,60 years and older,male,,,,538.0
2014,number,victims of non-sexual harassment,60 years and older,male,,,,511.0
2015,number,victims of non-sexual harassment,60 years and older,male,,,,446.0
2016,number,victims of non-sexual harassment,60 years and older,male,,,,463.0
2017,number,victims of non-sexual harassment,60 years and older,male,r,,,392.0
2018,number,victims of non-sexual harassment,60 years and older,male,r,,,459.0
2019,number,victims of non-sexual harassment,60 years and older,male,r,,,432.0
2020,number,victims of non-sexual harassment,60 years and older,male,r,,,443.0
2021,number,victims of non-sexual harassment,60 years and older,male,r,,,517.0
2022,number,victims of non-sexual harassment,60 years and older,male,r,,,531.0
2023,number,victims of non-sexual harassment,60 years and older,male,r,,,613.0
2024,number,victims of non-sexual harassment,60 years and older,male,,,,640.0
2010,number,victims of sexual harassment,,,,,,7523.0
2011,number,victims of sexual harassment,,,,,,8011.0
2012,number,victims of sexual harassment,,,,,,8306.0
2013,number,victims of sexual harassment,,,,,,8161.0
2014,number,victims of sexual harassment,,,,,,8356.0
2015,number,victims of sexual harassment,,,,,,8262.0
2016,number,victims of sexual harassment,,,,,,8599.0
2017,number,victims of sexual harassment,,,r,,,8350.0
2018,number,victims of sexual harassment,,,r,,,8817.0
2019,number,victims of sexual harassment,,,r,,,8031.0
2020,number,victims of sexual harassment,,,r,,,9319.0
2021,number,victims of sexual harassment,,,|,r,,9035.0
2022,number,victims of sexual harassment,,,r,,,9640.0
2023,number,victims of sexual harassment,,,r,,,10166.0
2024,number,victims of sexual harassment,,,,,,10773.0
2010,number,victims of sexual harassment,,female,,,,6624.0
2011,number,victims of sexual harassment,,female,,,,7050.0
2012,number,victims of sexual harassment,,female,,,,7400.0
2013,number,victims of sexual harassment,,female,,,,7269.0
2014,number,victims of sexual harassment,,female,,,,7381.0
2015,number,victims of sexual harassment,,female,,,,7296.0
2016,number,victims of sexual harassment,,female,,,,7525.0
2017,number,victims of sexual harassment,,female,r,,,7273.0
2018,number,victims of sexual harassment,,female,r,,,7628.0
2019,number,victims of sexual harassment,,female,r,,,6840.0
2020,number,victims of sexual harassment,,female,r,,,7967.0
2021,number,victims of sexual harassment,,female,|,r,,7673.0
2022,number,victims of sexual harassment,,female,r,,,8152.0
2023,number,victims of sexual harassment,,female,r,,,8451.0
2024,number,victims of sexual harassment,,female,,,,8839.0
2010,number,victims of sexual harassment,,male,,,,899.0
2011,number,victims of sexual harassment,,male,,,,961.0
2012,number,victims of sexual harassment,,male,,,,906.0
2013,number,victims of sexual harassment,,male,,,,892.0
2014,number,victims of sexual harassment,,male,,,,975.0
2015,number,victims of sexual harassment,,male,,,,966.0
2016,number,victims of sexual harassment,,male,,,,1074.0
2017,number,victims of sexual harassment,,male,r,,,1077.0
2018,number,victims of sexual harassment,,male,r,,,1189.0
2019,number,victims of sexual harassment,,male,r,,,1191.0
2020,number,victims of sexual harassment,,male,r,,,1352.0
2021,number,victims of sexual harassment,,male,|,r,,1362.0
2022,number,victims of sexual harassment,,male,r,,,1488.0
2023,number,victims of sexual harassment,,male,r,,,1715.0
2024,number,victims of sexual harassment,,male,,,,1934.0
2010,number,victims of sexual harassment,13 years and younger,,,,,0.0
2011,number,victims of sexual harassment,13 years and younger,,,,,0.0
2012,number,victims of sexual harassment,13 years and younger,,,,,0.0
2013,number,victims of sexual harassment,13 years and younger,,,,,0.0
2014,number,victims of sexual harassment,13 years and younger,,,,,0.0
2015,number,victims of sexual harassment,13 years and younger,,,,,0.0
2016,number,victims of sexual harassment,13 years and younger,,,,,0.0
2017,number,victims of sexual harassment,13 years and younger,,r,,,0.0
2018,number,victims of sexual harassment,13 years and younger,,r,,,0.0
2019,number,victims of sexual harassment,13 years and younger,,r,,,0.0
2020,number,victims of sexual harassment,13 years and younger,,r,,,0.0
2021,number,victims of sexual harassment,13 years and younger,,|,r,,47.0
2022,number,victims of sexual harassment,13 years and younger,,r,,,144.0
2023,number,victims of sexual harassment,13 years and younger,,r,,,130.0
2024,number,victims of sexual harassment,13 years and younger,,,,,140.0
2010,number,victims of sexual harassment,13 years and younger,female,,,,0.0
2011,number,victims of sexual harassment,13 years and younger,female,,,,0.0
2012,number,victims of sexual harassment,13 years and younger,female,,,,0.0
2013,number,victims of sexual harassment,13 years and younger,female,,,,0.0
2014,number,victims of sexual harassment,13 years and younger,female,,,,0.0
2015,number,victims of sexual harassment,13 years and younger,female,,,,0.0
2016,number,victims of sexual harassment,13 years and younger,female,,,,0.0
2017,number,victims of sexual harassment,13 years and younger,female,r,,,0.0
2018,number,victims of sexual harassment,13 years and younger,female,r,,,0.0
2019,number,victims of sexual harassment,13 years and younger,female,r,,,0.0
2020,number,victims of sexual harassment,13 years and younger,female,r,,,0.0
2021,number,victims of sexual harassment,13 years and younger,female,|,r,,32.0
2022,number,victims of sexual harassment,13 years and younger,female,r,,,118.0
2023,number,victims of sexual harassment,13 years and younger,female,r,,,107.0
2024,number,victims of sexual harassment,13 years and younger,female,,,,91.0
2010,number,victims of sexual harassment,13 years and younger,male,,,,0.0
2011,number,victims of sexual harassment,13 years and younger,male,,,,0.0
2012,number,victims of sexual harassment,13 years and younger,male,,,,0.0
2013,number,victims of sexual harassment,13 years and younger,male,,,,0.0
2014,number,victims of sexual harassment,13 years and younger,male,,,,0.0
2015,number,victims of sexual harassment,13 years and younger,male,,,,0.0
2016,number,victims of sexual harassment,13 years and younger,male,,,,0.0
2017,number,victims of sexual harassment,13 years and younger,male,r,,,0.0
2018,number,victims of sexual harassment,13 years and younger,male,r,,,0.0
2019,number,victims of sexual harassment,13 years and younger,male,r,,,0.0
2020,number,victims of sexual harassment,13 years and younger,male,r,,,0.0
2021,number,victims of sexual harassment,13 years and younger,male,|,r,,15.0
2022,number,victims of sexual harassment,13 years and younger,male,r,,,26.0
2023,number,victims of sexual harassment,13 years and younger,male,r,,,23.0
2024,number,victims of sexual harassment,13 years and younger,male,,,,49.0
2010,number,victims of sexual harassment,14 to under 18 years,,,,,1267.0
2011,number,victims of sexual harassment,14 to under 18 years,,,,,1362.0
2012,number,victims of sexual harassment,14 to under 18 years,,,,,1356.0
2013,number,victims of sexual harassment,14 to under 18 years,,,,,1384.0
2014,number,victims of sexual harassment,14 to under 18 years,,,,,1368.0
2015,number,victims of sexual harassment,14 to under 18 years,,,,,1245.0
2016,number,victims of sexual harassment,14 to under 18 years,,,,,1149.0
2017,number,victims of sexual harassment,14 to under 18 years,,r,,,1104.0
2018,number,victims of sexual harassment,14 to under 18 years,,r,,,1110.0
2019,number,victims of sexual harassment,14 to under 18 years,,r,,,931.0
2020,number,victims of sexual harassment,14 to under 18 years,,r,,,1067.0
2021,number,victims of sexual harassment,14 to under 18 years,,|,r,,1070.0
2022,number,victims of sexual harassment,14 to under 18 years,,r,,,1243.0
2023,number,victims of sexual harassment,14 to under 18 years,,r,,,1208.0
2024,number,victims of sexual harassment,14 to under 18 years,,,,,1367.0
2010,number,victims of sexual harassment,14 to under 18 years,female,,,,1112.0
2011,number,victims of sexual harassment,14 to under 18 years,female,,,,1217.0
2012,number,victims of sexual harassment,14 to under 18 years,female,,,,1221.0
2013,number,victims of sexual harassment,14 to under 18 years,female,,,,1235.0
2014,number,victims of sexual harassment,14 to under 18 years,female,,,,1228.0
2015,number,victims of sexual harassment,14 to under 18 years,female,,,,1151.0
2016,number,victims of sexual harassment,14 to under 18 years,female,,,,1024.0
2017,number,victims of sexual harassment,14 to under 18 years,female,r,,,955.0
2018,number,victims of sexual harassment,14 to under 18 years,female,r,,,958.0
2019,number,victims of sexual harassment,14 to under 18 years,female,r,,,811.0
2020,number,victims of sexual harassment,14 to under 18 years,female,r,,,928.0
2021,number,victims of sexual harassment,14 to under 18 years,female,|,r,,936.0
2022,number,victims of sexual harassment,14 to under 18 years,female,r,,,1076.0
2023,number,victims of sexual harassment,14 to under 18 years,female,r,,,1022.0
2024,number,victims of sexual harassment,14 to under 18 years,female,,,,1152.0
2010,number,victims of sexual harassment,14 to under 18 years,male,,,,155.0
2011,number,victims of sexual harassment,14 to under 18 years,male,,,,145.0
2012,number,victims of sexual harassment,14 to under 18 years,male,,,,135.0
2013,number,victims of sexual harassment,14 to under 18 years,male,,,,149.0
2014,number,victims of sexual harassment,14 to under 18 years,male,,,,140.0
2015,number,victims of sexual harassment,14 to under 18 years,male,,,,94.0
2016,number,victims of sexual harassment,14 to under 18 years,male,,,,125.0
2017,number,victims of sexual harassment,14 to under 18 years,male,r,,,149.0
2018,number,victims of sexual harassment,14 to under 18 years,male,r,,,152.0
2019,number,victims of sexual harassment,14 to under 18 years,male,r,,,120.0
2020,number,victims of sexual harassment,14 to under 18 years,male,r,,,139.0
2021,number,victims of sexual harassment,14 to under 18 years,male,|,r,,134.0
2022,number,victims of sexual harassment,14 to under 18 years,male,r,,,167.0
2023,number,victims of sexual harassment,14 to under 18 years,male,r,,,186.0
2024,number,victims of sexual harassment,14 to under 18 years,male,,,,215.0
2010,number,victims of sexual harassment,18 to under 21 years,,,,,796.0
2011,number,victims of sexual harassment,18 to under 21 years,,,,,811.0
2012,number,victims of sexual harassment,18 to under 21 years,,,,,808.0
2013,number,victims of sexual harassment,18 to under 21 years,,,,,752.0
2014,number,victims of sexual harassment,18 to under 21 years,,,,,809.0
2015,number,victims of sexual harassment,18 to under 21 years,,,,,803.0
2016,number,victims of sexual harassment,18 to under 21 years,,,,,776.0
2017,number,victims of sexual harassment,18 to under 21 years,,r,,,931.0
2018,number,victims of sexual harassment,18 to under 21 years,,r,,,878.0
2019,number,victims of sexual harassment,18 to under 21 years,,r,,,725.0
2020,number,victims of sexual harassment,18 to under 21 years,,r,,,969.0
2021,number,victims of sexual harassment,18 to under 21 years,,|,r,,883.0
2022,number,victims of sexual harassment,18 to under 21 years,,r,,,925.0
2023,number,victims of sexual harassment,18 to under 21 years,,r,,,934.0
2024,number,victims of sexual harassment,18 to under 21 years,,,,,1040.0
2010,number,victims of sexual harassment,18 to under 21 years,female,,,,728.0
2011,number,victims of sexual harassment,18 to under 21 years,female,,,,747.0
2012,number,victims of sexual harassment,18 to under 21 years,female,,,,752.0
2013,number,victims of sexual harassment,18 to under 21 years,female,,,,694.0
2014,number,victims of sexual harassment,18 to under 21 years,female,,,,754.0
2015,number,victims of sexual harassment,18 to under 21 years,female,,,,740.0
2016,number,victims of sexual harassment,18 to under 21 years,female,,,,702.0
2017,number,victims of sexual harassment,18 to under 21 years,female,r,,,858.0
2018,number,victims of sexual harassment,18 to under 21 years,female,r,,,783.0
2019,number,victims of sexual harassment,18 to under 21 years,female,r,,,640.0
2020,number,victims of sexual harassment,18 to under 21 years,female,r,,,876.0
2021,number,victims of sexual harassment,18 to under 21 years,female,|,r,,789.0
2022,number,victims of sexual harassment,18 to under 21 years,female,r,,,826.0
2023,number,victims of sexual harassment,18 to under 21 years,female,r,,,825.0
2024,number,victims of sexual harassment,18 to under 21 years,female,,,,901.0
2010,number,victims of sexual harassment,18 to under 21 years,male,,,,68.0
2011,number,victims of sexual harassment,18 to under 21 years,male,,,,64.0
2012,number,victims of sexual harassment,18 to under 21 years,male,,,,56.0
2013,number,victims of sexual harassment,18 to under 21 years,male,,,,58.0
2014,number,victims of sexual harassment,18 to under 21 years,male,,,,55.0
2015,number,victims of sexual harassment,18 to under 21 years,male,,,,63.0
2016,number,victims of sexual harassment,18 to under 21 years,male,,,,74.0
2017,number,victims of sexual harassment,18 to under 21 years,male,r,,,73.0
2018,number,victims of sexual harassment,18 to under 21 years,male,r,,,95.0
2019,number,victims of sexual harassment,18 to under 21 years,male,r,,,85.0
2020,number,victims of sexual harassment,18 to under 21 years,male,r,,,93.0
2021,number,victims of sexual harassment,18 to under 21 years,male,|,r,,94.0
2022,number,victims of sexual harassment,18 to under 21 years,male,r,,,99.0
2023,number,victims of sexual harassment,18 to under 21 years,male,r,,,109.0
2024,number,victims of sexual harassment,18 to under 21 years,male,,,,139.0
2010,number,victims of sexual harassment,21 to under 60 years,,,,,4797.0
2011,number,victims of sexual harassment,21 to under 60 years,,,,,5125.0
2012,number,victims of sexual harassment,21 to under 60 years,,,,,5438.0
2013,number,victims of sexual harassment,21 to under 60 years,,,,,5293.0
2014,number,victims of sexual harassment,21 to under 60 years,,,,,5463.0
2015,number,victims of sexual harassment,21 to under 60 years,,,,,5446.0
2016,number,victims of sexual harassment,21 to under 60 years,,,,,5894.0
2017,number,victims of sexual harassment,21 to under 60 years,,r,,,5565.0
2018,number,victims of sexual harassment,21 to under 60 years,,r,,,6020.0
2019,number,victims of sexual harassment,21 to under 60 years,,r,,,5637.0
2020,number,victims of sexual harassment,21 to under 60 years,,r,,,6486.0
2021,number,victims of sexual harassment,21 to under 60 years,,|,r,,6245.0
2022,number,victims of sexual harassment,21 to under 60 years,,r,,,6542.0
2023,number,victims of sexual harassment,21 to under 60 years,,r,,,6985.0
2024,number,victims of sexual harassment,21 to under 60 years,,,,,7309.0
2010,number,victims of sexual harassment,21 to under 60 years,female,,,,4192.0
2011,number,victims of sexual harassment,21 to under 60 years,female,,,,4468.0
2012,number,victims of sexual harassment,21 to under 60 years,female,,,,4801.0
2013,number,victims of sexual harassment,21 to under 60 years,female,,,,4672.0
2014,number,victims of sexual harassment,21 to under 60 years,female,,,,4761.0
2015,number,victims of sexual harassment,21 to under 60 years,female,,,,4734.0
2016,number,victims of sexual harassment,21 to under 60 years,female,,,,5097.0
2017,number,victims of sexual harassment,21 to under 60 years,female,r,,,4802.0
2018,number,victims of sexual harassment,21 to under 60 years,female,r,,,5198.0
2019,number,victims of sexual harassment,21 to under 60 years,female,r,,,4727.0
2020,number,victims of sexual harassment,21 to under 60 years,female,r,,,5487.0
2021,number,victims of sexual harassment,21 to under 60 years,female,|,r,,5227.0
2022,number,victims of sexual harassment,21 to under 60 years,female,r,,,5461.0
2023,number,victims of sexual harassment,21 to under 60 years,female,r,,,5753.0
2024,number,victims of sexual harassment,21 to under 60 years,female,,,,5948.0
2010,number,victims of sexual harassment,21 to under 60 years,male,,,,605.0
2011,number,victims of sexual harassment,21 to under 60 years,male,,,,657.0
2012,number,victims of sexual harassment,21 to under 60 years,male,,,,637.0
2013,number,victims of sexual harassment,21 to under 60 years,male,,,,621.0
2014,number,victims of sexual harassment,21 to under 60 years,male,,,,702.0
2015,number,victims of sexual harassment,21 to under 60 years,male,,,,712.0
2016,number,victims of sexual harassment,21 to under 60 years,male,,,,797.0
2017,number,victims of sexual harassment,21 to under 60 years,male,r,,,763.0
2018,number,victims of sexual harassment,21 to under 60 years,male,r,,,822.0
2019,number,victims of sexual harassment,21 to under 60 years,male,r,,,910.0
2020,number,victims of sexual harassment,21 to under 60 years,male,r,,,999.0
2021,number,victims of sexual harassment,21 to under 60 years,male,|,r,,1018.0
2022,number,victims of sexual harassment,21 to under 60 years,male,r,,,1081.0
2023,number,victims of sexual harassment,21 to under 60 years,male,r,,,1232.0
2024,number,victims of sexual harassment,21 to under 60 years,male,,,,1361.0
2010,number,victims of sexual harassment,60 years and older,,,,,663.0
2011,number,victims of sexual harassment,60 years and older,,,,,713.0
2012,number,victims of sexual harassment,60 years and older,,,,,704.0
2013,number,victims of sexual harassment,60 years and older,,,,,732.0
2014,number,victims of sexual harassment,60 years and older,,,,,716.0
2015,number,victims of sexual harassment,60 years and older,,,,,768.0
2016,number,victims of sexual harassment,60 years and older,,,,,780.0
2017,number,victims of sexual harassment,60 years and older,,r,,,750.0
2018,number,victims of sexual harassment,60 years and older,,r,,,809.0
2019,number,victims of sexual harassment,60 years and older,,r,,,738.0
2020,number,victims of sexual harassment,60 years and older,,r,,,797.0
2021,number,victims of sexual harassment,60 years and older,,|,r,,790.0
2022,number,victims of sexual harassment,60 years and older,,r,,,786.0
2023,number,victims of sexual harassment,60 years and older,,r,,,909.0
2024,number,victims of sexual harassment,60 years and older,,,,,917.0
2010,number,victims of sexual harassment,60 years and older,female,,,,592.0
2011,number,victims of sexual harassment,60 years and older,female,,,,618.0
2012,number,victims of sexual harassment,60 years and older,female,,,,626.0
2013,number,victims of sexual harassment,60 years and older,female,,,,668.0
2014,number,victims of sexual harassment,60 years and older,female,,,,638.0
2015,number,victims of sexual harassment,60 years and older,female,,,,671.0
2016,number,victims of sexual harassment,60 years and older,female,,,,702.0
2017,number,victims of sexual harassment,60 years and older,female,r,,,658.0
2018,number,victims of sexual harassment,60 years and older,female,r,,,689.0
2019,number,victims of sexual harassment,60 years and older,female,r,,,662.0
2020,number,victims of sexual harassment,60 years and older,female,r,,,676.0
2021,number,victims of sexual harassment,60 years and older,female,|,r,,689.0
2022,number,victims of sexual harassment,60 years and older,female,r,,,671.0
2023,number,victims of sexual harassment,60 years and older,female,r,,,744.0
2024,number,victims of sexual harassment,60 years and older,female,,,,747.0
2010,number,victims of sexual harassment,60 years and older,male,,,,71.0
2011,number,victims of sexual harassment,60 years and older,male,,,,95.0
2012,number,victims of sexual harassment,60 years and older,male,,,,78.0
2013,number,victims of sexual harassment,60 years and older,male,,,,64.0
2014,number,victims of sexual harassment,60 years and older,male,,,,78.0
2015,number,victims of sexual harassment,60 years and older,male,,,,97.0
2016,number,victims of sexual harassment,60 years and older,male,,,,78.0
2017,number,victims of sexual harassment,60 years and older,male,r,,,92.0
2018,number,victims of sexual harassment,60 years and older,male,r,,,120.0
2019,number,victims of sexual harassment,60 years and older,male,r,,,76.0
2020,number,victims of sexual harassment,60 years and older,male,r,,,121.0
2021,number,victims of sexual harassment,60 years and older,male,|,r,,101.0
2022,number,victims of sexual harassment,60 years and older,male,r,,,115.0
2023,number,victims of sexual harassment,60 years and older,male,r,,,165.0
2024,number,victims of sexual harassment,60 years and older,male,,,,170.0
2010,"per 100,000 inhabitants","number of victims per 100,000 of non-sexual harassment",,,,,,35.3
2011,"per 100,000 inhabitants","number of victims per 100,000 of non-sexual harassment",,,,,,32.9
2012,"per 100,000 inhabitants","number of victims per 100,000 of non-sexual harassment",,,,,,32.2
2013,"per 100,000 inhabitants","number of victims per 100,000 of non-sexual harassment",,,,,,31.7
2014,"per 100,000 inhabitants","number of victims per 100,000 of non-sexual harassment",,,,,,28.9
2015,"per 100,000 inhabitants","number of victims per 100,000 of non-sexual harassment",,,,,,25.9
2016,"per 100,000 inhabitants","number of victims per 100,000 of non-sexual harassment",,,,,,24.3
2017,"per 100,000 inhabitants","number of victims per 100,000 of non-sexual harassment",,,,,,23.9
2018,"per 100,000 inhabitants","number of victims per 100,000 of non-sexual harassment",,,,,,24.5
2019,"per 100,000 inhabitants","number of victims per 100,000 of non-sexual harassment",,,,,,24.3
2020,"per 100,000 inhabitants","number of victims per 100,000 of non-sexual harassment",,,,,,25.2
2021,"per 100,000 inhabitants","number of victims per 100,000 of non-sexual harassment",,,,,,26.6
2022,"per 100,000 inhabitants","number of victims per 100,000 of non-sexual harassment",,,,,,27.7
2023,"per 100,000 inhabitants","number of victims per 100,000 of non-sexual harassment",,,,,,29.8
2024,"per 100,000 inhabitants","number of victims per 100,000 of non-sexual harassment",,,|,,,32.0
2010,"per 100,000 inhabitants","number of victims per 100,000 of non-sexual harassment",,female,,,,54.9
2011,"per 100,000 inhabitants","number of victims per 100,000 of non-sexual harassment",,female,,,,51.4
2012,"per 100,000 inhabitants","number of victims per 100,000 of non-sexual harassment",,female,,,,51.0
2013,"per 100,000 inhabitants","number of victims per 100,000 of non-sexual harassment",,female,,,,49.7
2014,"per 100,000 inhabitants","number of victims per 100,000 of non-sexual harassment",,female,,,,45.3
2015,"per 100,000 inhabitants","number of victims per 100,000 of non-sexual harassment",,female,,,,41.0
2016,"per 100,000 inhabitants","number of victims per 100,000 of non-sexual harassment",,female,,,,38.7
2017,"per 100,000 inhabitants","number of victims per 100,000 of non-sexual harassment",,female,,,,38.3
2018,"per 100,000 inhabitants","number of victims per 100,000 of non-sexual harassment",,female,,,,39.2
2019,"per 100,000 inhabitants","number of victims per 100,000 of non-sexual harassment",,female,,,,39.1
2020,"per 100,000 inhabitants","number of victims per 100,000 of non-sexual harassment",,female,,,,40.3
2021,"per 100,000 inhabitants","number of victims per 100,000 of non-sexual harassment",,female,,,,42.0
2022,"per 100,000 inhabitants","number of victims per 100,000 of non-sexual harassment",,female,,,,44.2
2023,"per 100,000 inhabitants","number of victims per 100,000 of non-sexual harassment",,female,,,,46.9
2024,"per 100,000 inhabitants","number of victims per 100,000 of non-sexual harassment",,female,|,,,50.6
2010,"per 100,000 inhabitants","number of victims per 100,000 of non-sexual harassment",,male,,,,14.9
2011,"per 100,000 inhabitants","number of victims per 100,000 of non-sexual harassment",,male,,,,13.6
2012,"per 100,000 inhabitants","number of victims per 100,000 of non-sexual harassment",,male,,,,12.8
2013,"per 100,000 inhabitants","number of victims per 100,000 of non-sexual harassment",,male,,,,12.9
2014,"per 100,000 inhabitants","number of victims per 100,000 of non-sexual harassment",,male,,,,11.7
2015,"per 100,000 inhabitants","number of victims per 100,000 of non-sexual harassment",,male,,,,10.4
2016,"per 100,000 inhabitants","number of victims per 100,000 of non-sexual harassment",,male,,,,9.5
2017,"per 100,000 inhabitants","number of victims per 100,000 of non-sexual harassment",,male,,,,9.2
2018,"per 100,000 inhabitants","number of victims per 100,000 of non-sexual harassment",,male,,,,9.4
2019,"per 100,000 inhabitants","number of victims per 100,000 of non-sexual harassment",,male,,,,9.2
2020,"per 100,000 inhabitants","number of victims per 100,000 of non-sexual harassment",,male,,,,9.8
2021,"per 100,000 inhabitants","number of victims per 100,000 of non-sexual harassment",,male,,,,10.7
2022,"per 100,000 inhabitants","number of victims per 100,000 of non-sexual harassment",,male,,,,10.8
2023,"per 100,000 inhabitants","number of victims per 100,000 of non-sexual harassment",,male,,,,12.1
2024,"per 100,000 inhabitants","number of victims per 100,000 of non-sexual harassment",,male,|,,,12.9
2010,"per 100,000 inhabitants","number of victims per 100,000 of non-sexual harassment",13 years and younger,,,,,4.3
2011,"per 100,000 inhabitants","number of victims per 100,000 of non-sexual harassment",13 years and younger,,,,,4.1
2012,"per 100,000 inhabitants","number of victims per 100,000 of non-sexual harassment",13 years and younger,,,,,4.3
2013,"per 100,000 inhabitants","number of victims per 100,000 of non-sexual harassment",13 years and younger,,,,,4.3
2014,"per 100,000 inhabitants","number of victims per 100,000 of non-sexual harassment",13 years and younger,,,,,3.8
2015,"per 100,000 inhabitants","number of victims per 100,000 of non-sexual harassment",13 years and younger,,,,,3.5
2016,"per 100,000 inhabitants","number of victims per 100,000 of non-sexual harassment",13 years and younger,,,,,3.3
2017,"per 100,000 inhabitants","number of victims per 100,000 of non-sexual harassment",13 years and younger,,,,,3.3
2018,"per 100,000 inhabitants","number of victims per 100,000 of non-sexual harassment",13 years and younger,,,,,3.3
2019,"per 100,000 inhabitants","number of victims per 100,000 of non-sexual harassment",13 years and younger,,,,,3.8
2020,"per 100,000 inhabitants","number of victims per 100,000 of non-sexual harassment",13 years and younger,,,,,3.6
2021,"per 100,000 inhabitants","number of victims per 100,000 of non-sexual harassment",13 years and younger,,,,,3.8
2022,"per 100,000 inhabitants","number of victims per 100,000 of non-sexual harassment",13 years and younger,,,,,4.2
2023,"per 100,000 inhabitants","number of victims per 100,000 of non-sexual harassment",13 years and younger,,,,,5.2
2024,"per 100,000 inhabitants","number of victims per 100,000 of non-sexual harassment",13 years and younger,,|,,,6.3
2010,"per 100,000 inhabitants","number of victims per 100,000 of non-sexual harassment",13 years and younger,female,,,,5.5
2011,"per 100,000 inhabitants","number of victims per 100,000 of non-sexual harassment",13 years and younger,female,,,,5.3
2012,"per 100,000 inhabitants","number of victims per 100,000 of non-sexual harassment",13 years and younger,female,,,,6.4
2013,"per 100,000 inhabitants","number of victims per 100,000 of non-sexual harassment",13 years and younger,female,,,,5.7
2014,"per 100,000 inhabitants","number of victims per 100,000 of non-sexual harassment",13 years and younger,female,,,,5.4
2015,"per 100,000 inhabitants","number of victims per 100,000 of non-sexual harassment",13 years and younger,female,,,,4.6
2016,"per 100,000 inhabitants","number of victims per 100,000 of non-sexual harassment",13 years and younger,female,,,,4.5
2017,"per 100,000 inhabitants","number of victims per 100,000 of non-sexual harassment",13 years and younger,female,,,,4.2
2018,"per 100,000 inhabitants","number of victims per 100,000 of non-sexual harassment",13 years and younger,female,,,,4.7
2019,"per 100,000 inhabitants","number of victims per 100,000 of non-sexual harassment",13 years and younger,female,,,,4.7
2020,"per 100,000 inhabitants","number of victims per 100,000 of non-sexual harassment",13 years and younger,female,,,,4.4
2021,"per 100,000 inhabitants","number of victims per 100,000 of non-sexual harassment",13 years and younger,female,,,,5.1
2022,"per 100,000 inhabitants","number of victims per 100,000 of non-sexual harassment",13 years and younger,female,,,,5.9
2023,"per 100,000 inhabitants","number of victims per 100,000 of non-sexual harassment",13 years and younger,female,,,,6.5
2024,"per 100,000 inhabitants","number of victims per 100,000 of non-sexual harassment",13 years and younger,female,|,,,7.6
2010,"per 100,000 inhabitants","number of victims per 100,000 of non-sexual harassment",13 years and younger,male,,,,3.3
2011,"per 100,000 inhabitants","number of victims per 100,000 of non-sexual harassment",13 years and younger,male,,,,2.9
2012,"per 100,000 inhabitants","number of victims per 100,000 of non-sexual harassment",13 years and younger,male,,,,2.4
2013,"per 100,000 inhabitants","number of victims per 100,000 of non-sexual harassment",13 years and younger,male,,,,3.0
2014,"per 100,000 inhabitants","number of victims per 100,000 of non-sexual harassment",13 years and younger,male,,,,2.3
2015,"per 100,000 inhabitants","number of victims per 100,000 of non-sexual harassment",13 years and younger,male,,,,2.4
2016,"per 100,000 inhabitants","number of victims per 100,000 of non-sexual harassment",13 years and younger,male,,,,2.2
2017,"per 100,000 inhabitants","number of victims per 100,000 of non-sexual harassment",13 years and younger,male,,,,2.4
2018,"per 100,000 inhabitants","number of victims per 100,000 of non-sexual harassment",13 years and younger,male,,,,2.0
2019,"per 100,000 inhabitants","number of victims per 100,000 of non-sexual harassment",13 years and younger,male,,,,2.9
2020,"per 100,000 inhabitants","number of victims per 100,000 of non-sexual harassment",13 years and younger,male,,,,2.8
2021,"per 100,000 inhabitants","number of victims per 100,000 of non-sexual harassment",13 years and younger,male,,,,2.5
2022,"per 100,000 inhabitants","number of victims per 100,000 of non-sexual harassment",13 years and younger,male,,,,2.6
2023,"per 100,000 inhabitants","number of victims per 100,000 of non-sexual harassment",13 years and younger,male,,,,3.9
2024,"per 100,000 inhabitants","number of victims per 100,000 of non-sexual harassment",13 years and younger,male,|,,,5.0
2010,"per 100,000 inhabitants","number of victims per 100,000 of non-sexual harassment",14 to under 18 years,,,,,39.8
2011,"per 100,000 inhabitants","number of victims per 100,000 of non-sexual harassment",14 to under 18 years,,,,,38.3
2012,"per 100,000 inhabitants","number of victims per 100,000 of non-sexual harassment",14 to under 18 years,,,,,34.3
2013,"per 100,000 inhabitants","number of victims per 100,000 of non-sexual harassment",14 to under 18 years,,,,,35.7
2014,"per 100,000 inhabitants","number of victims per 100,000 of non-sexual harassment",14 to under 18 years,,,,,33.0
2015,"per 100,000 inhabitants","number of victims per 100,000 of non-sexual harassment",14 to under 18 years,,,,,25.5
2016,"per 100,000 inhabitants","number of victims per 100,000 of non-sexual harassment",14 to under 18 years,,,,,25.1
2017,"per 100,000 inhabitants","number of victims per 100,000 of non-sexual harassment",14 to under 18 years,,,,,26.1
2018,"per 100,000 inhabitants","number of victims per 100,000 of non-sexual harassment",14 to under 18 years,,,,,25.6
2019,"per 100,000 inhabitants","number of victims per 100,000 of non-sexual harassment",14 to under 18 years,,,,,26.8
2020,"per 100,000 inhabitants","number of victims per 100,000 of non-sexual harassment",14 to under 18 years,,,,,24.8
2021,"per 100,000 inhabitants","number of victims per 100,000 of non-sexual harassment",14 to under 18 years,,,,,26.8
2022,"per 100,000 inhabitants","number of victims per 100,000 of non-sexual harassment",14 to under 18 years,,,,,27.3
2023,"per 100,000 inhabitants","number of victims per 100,000 of non-sexual harassment",14 to under 18 years,,,,,29.9
2024,"per 100,000 inhabitants","number of victims per 100,000 of non-sexual harassment",14 to under 18 years,,|,,,32.9
2010,"per 100,000 inhabitants","number of victims per 100,000 of non-sexual harassment",14 to under 18 years,female,,,,71.8
2011,"per 100,000 inhabitants","number of victims per 100,000 of non-sexual harassment",14 to under 18 years,female,,,,69.7
2012,"per 100,000 inhabitants","number of victims per 100,000 of non-sexual harassment",14 to under 18 years,female,,,,48.2
2013,"per 100,000 inhabitants","number of victims per 100,000 of non-sexual harassment",14 to under 18 years,female,,,,65.1
2014,"per 100,000 inhabitants","number of victims per 100,000 of non-sexual harassment",14 to under 18 years,female,,,,60.2
2015,"per 100,000 inhabitants","number of victims per 100,000 of non-sexual harassment",14 to under 18 years,female,,,,45.9
2016,"per 100,000 inhabitants","number of victims per 100,000 of non-sexual harassment",14 to under 18 years,female,,,,46.0
2017,"per 100,000 inhabitants","number of victims per 100,000 of non-sexual harassment",14 to under 18 years,female,,,,47.2
2018,"per 100,000 inhabitants","number of victims per 100,000 of non-sexual harassment",14 to under 18 years,female,,,,48.2
2019,"per 100,000 inhabitants","number of victims per 100,000 of non-sexual harassment",14 to under 18 years,female,,,,47.6
2020,"per 100,000 inhabitants","number of victims per 100,000 of non-sexual harassment",14 to under 18 years,female,,,,42.5
2021,"per 100,000 inhabitants","number of victims per 100,000 of non-sexual harassment",14 to under 18 years,female,,,,46.2
2022,"per 100,000 inhabitants","number of victims per 100,000 of non-sexual harassment",14 to under 18 years,female,,,,47.0
2023,"per 100,000 inhabitants","number of victims per 100,000 of non-sexual harassment",14 to under 18 years,female,,,,52.3
2024,"per 100,000 inhabitants","number of victims per 100,000 of non-sexual harassment",14 to under 18 years,female,|,,,54.9
2010,"per 100,000 inhabitants","number of victims per 100,000 of non-sexual harassment",14 to under 18 years,male,,,,9.5
2011,"per 100,000 inhabitants","number of victims per 100,000 of non-sexual harassment",14 to under 18 years,male,,,,8.5
2012,"per 100,000 inhabitants","number of victims per 100,000 of non-sexual harassment",14 to under 18 years,male,,,,5.1
2013,"per 100,000 inhabitants","number of victims per 100,000 of non-sexual harassment",14 to under 18 years,male,,,,7.8
2014,"per 100,000 inhabitants","number of victims per 100,000 of non-sexual harassment",14 to under 18 years,male,,,,7.3
2015,"per 100,000 inhabitants","number of victims per 100,000 of non-sexual harassment",14 to under 18 years,male,,,,6.1
2016,"per 100,000 inhabitants","number of victims per 100,000 of non-sexual harassment",14 to under 18 years,male,,,,5.8
2017,"per 100,000 inhabitants","number of victims per 100,000 of non-sexual harassment",14 to under 18 years,male,,,,6.7
2018,"per 100,000 inhabitants","number of victims per 100,000 of non-sexual harassment",14 to under 18 years,male,,,,4.6
2019,"per 100,000 inhabitants","number of victims per 100,000 of non-sexual harassment",14 to under 18 years,male,,,,7.4
2020,"per 100,000 inhabitants","number of victims per 100,000 of non-sexual harassment",14 to under 18 years,male,,,,8.1
2021,"per 100,000 inhabitants","number of victims per 100,000 of non-sexual harassment",14 to under 18 years,male,,,,8.5
2022,"per 100,000 inhabitants","number of victims per 100,000 of non-sexual harassment",14 to under 18 years,male,,,,8.8
2023,"per 100,000 inhabitants","number of victims per 100,000 of non-sexual harassment",14 to under 18 years,male,,,,8.8
2024,"per 100,000 inhabitants","number of victims per 100,000 of non-sexual harassment",14 to under 18 years,male,|,,,12.4
2010,"per 100,000 inhabitants","number of victims per 100,000 of non-sexual harassment",18 to under 21 years,,,,,87.1
2011,"per 100,000 inhabitants","number of victims per 100,000 of non-sexual harassment",18 to under 21 years,,,,,80.7
2012,"per 100,000 inhabitants","number of victims per 100,000 of non-sexual harassment",18 to under 21 years,,,,,78.4
2013,"per 100,000 inhabitants","number of victims per 100,000 of non-sexual harassment",18 to under 21 years,,,,,71.7
2014,"per 100,000 inhabitants","number of victims per 100,000 of non-sexual harassment",18 to under 21 years,,,,,68.0
2015,"per 100,000 inhabitants","number of victims per 100,000 of non-sexual harassment",18 to under 21 years,,,,,56.5
2016,"per 100,000 inhabitants","number of victims per 100,000 of non-sexual harassment",18 to under 21 years,,,,,48.0
2017,"per 100,000 inhabitants","number of victims per 100,000 of non-sexual harassment",18 to under 21 years,,,,,50.6
2018,"per 100,000 inhabitants","number of victims per 100,000 of non-sexual harassment",18 to under 21 years,,,,,55.5
2019,"per 100,000 inhabitants","number of victims per 100,000 of non-sexual harassment",18 to under 21 years,,,,,49.4
2020,"per 100,000 inhabitants","number of victims per 100,000 of non-sexual harassment",18 to under 21 years,,,,,54.7
2021,"per 100,000 inhabitants","number of victims per 100,000 of non-sexual harassment",18 to under 21 years,,,,,56.7
2022,"per 100,000 inhabitants","number of victims per 100,000 of non-sexual harassment",18 to under 21 years,,,,,55.0
2023,"per 100,000 inhabitants","number of victims per 100,000 of non-sexual harassment",18 to under 21 years,,,,,58.1
2024,"per 100,000 inhabitants","number of victims per 100,000 of non-sexual harassment",18 to under 21 years,,|,,,65.8
2010,"per 100,000 inhabitants","number of victims per 100,000 of non-sexual harassment",18 to under 21 years,female,,,,158.1
2011,"per 100,000 inhabitants","number of victims per 100,000 of non-sexual harassment",18 to under 21 years,female,,,,146.2
2012,"per 100,000 inhabitants","number of victims per 100,000 of non-sexual harassment",18 to under 21 years,female,,,,142.5
2013,"per 100,000 inhabitants","number of victims per 100,000 of non-sexual harassment",18 to under 21 years,female,,,,131.9
2014,"per 100,000 inhabitants","number of victims per 100,000 of non-sexual harassment",18 to under 21 years,female,,,,125.1
2015,"per 100,000 inhabitants","number of victims per 100,000 of non-sexual harassment",18 to under 21 years,female,,,,105.4
2016,"per 100,000 inhabitants","number of victims per 100,000 of non-sexual harassment",18 to under 21 years,female,,,,91.8
2017,"per 100,000 inhabitants","number of victims per 100,000 of non-sexual harassment",18 to under 21 years,female,,,,96.9
2018,"per 100,000 inhabitants","number of victims per 100,000 of non-sexual harassment",18 to under 21 years,female,,,,104.3
2019,"per 100,000 inhabitants","number of victims per 100,000 of non-sexual harassment",18 to under 21 years,female,,,,93.4
2020,"per 100,000 inhabitants","number of victims per 100,000 of non-sexual harassment",18 to under 21 years,female,,,,103.6
2021,"per 100,000 inhabitants","number of victims per 100,000 of non-sexual harassment",18 to under 21 years,female,,,,103.8
2022,"per 100,000 inhabitants","number of victims per 100,000 of non-sexual harassment",18 to under 21 years,female,,,,101.3
2023,"per 100,000 inhabitants","number of victims per 100,000 of non-sexual harassment",18 to under 21 years,female,,,,103.6
2024,"per 100,000 inhabitants","number of victims per 100,000 of non-sexual harassment",18 to under 21 years,female,|,,,119.4
2010,"per 100,000 inhabitants","number of victims per 100,000 of non-sexual harassment",18 to under 21 years,male,,,,19.4
2011,"per 100,000 inhabitants","number of victims per 100,000 of non-sexual harassment",18 to under 21 years,male,,,,18.3
2012,"per 100,000 inhabitants","number of victims per 100,000 of non-sexual harassment",18 to under 21 years,male,,,,17.4
2013,"per 100,000 inhabitants","number of victims per 100,000 of non-sexual harassment",18 to under 21 years,male,,,,14.5
2014,"per 100,000 inhabitants","number of victims per 100,000 of non-sexual harassment",18 to under 21 years,male,,,,14.2
2015,"per 100,000 inhabitants","number of victims per 100,000 of non-sexual harassment",18 to under 21 years,male,,,,10.7
2016,"per 100,000 inhabitants","number of victims per 100,000 of non-sexual harassment",18 to under 21 years,male,,,,8.5
2017,"per 100,000 inhabitants","number of victims per 100,000 of non-sexual harassment",18 to under 21 years,male,,,,9.0
2018,"per 100,000 inhabitants","number of victims per 100,000 of non-sexual harassment",18 to under 21 years,male,,,,11.8
2019,"per 100,000 inhabitants","number of victims per 100,000 of non-sexual harassment",18 to under 21 years,male,,,,9.6
2020,"per 100,000 inhabitants","number of victims per 100,000 of non-sexual harassment",18 to under 21 years,male,,,,10.1
2021,"per 100,000 inhabitants","number of victims per 100,000 of non-sexual harassment",18 to under 21 years,male,,,,13.1
2022,"per 100,000 inhabitants","number of victims per 100,000 of non-sexual harassment",18 to under 21 years,male,,,,11.8
2023,"per 100,000 inhabitants","number of victims per 100,000 of non-sexual harassment",18 to under 21 years,male,,,,15.7
2024,"per 100,000 inhabitants","number of victims per 100,000 of non-sexual harassment",18 to under 21 years,male,|,,,16.3
2010,"per 100,000 inhabitants","number of victims per 100,000 of non-sexual harassment",21 to under 60 years,,,,,52.0
2011,"per 100,000 inhabitants","number of victims per 100,000 of non-sexual harassment",21 to under 60 years,,,,,48.7
2012,"per 100,000 inhabitants","number of victims per 100,000 of non-sexual harassment",21 to under 60 years,,,,,48.1
2013,"per 100,000 inhabitants","number of victims per 100,000 of non-sexual harassment",21 to under 60 years,,,,,47.8
2014,"per 100,000 inhabitants","number of victims per 100,000 of non-sexual harassment",21 to under 60 years,,,,,43.4
2015,"per 100,000 inhabitants","number of victims per 100,000 of non-sexual harassment",21 to under 60 years,,,,,37.6
2016,"per 100,000 inhabitants","number of victims per 100,000 of non-sexual harassment",21 to under 60 years,,,,,37.3
2017,"per 100,000 inhabitants","number of victims per 100,000 of non-sexual harassment",21 to under 60 years,,,,,36.8
2018,"per 100,000 inhabitants","number of victims per 100,000 of non-sexual harassment",21 to under 60 years,,,,,37.7
2019,"per 100,000 inhabitants","number of victims per 100,000 of non-sexual harassment",21 to under 60 years,,,,,37.8
2020,"per 100,000 inhabitants","number of victims per 100,000 of non-sexual harassment",21 to under 60 years,,,,,39.8
2021,"per 100,000 inhabitants","number of victims per 100,000 of non-sexual harassment",21 to under 60 years,,,,,42.2
2022,"per 100,000 inhabitants","number of victims per 100,000 of non-sexual harassment",21 to under 60 years,,,,,44.5
2023,"per 100,000 inhabitants","number of victims per 100,000 of non-sexual harassment",21 to under 60 years,,,,,47.8
2024,"per 100,000 inhabitants","number of victims per 100,000 of non-sexual harassment",21 to under 60 years,,|,,,51.5
2010,"per 100,000 inhabitants","number of victims per 100,000 of non-sexual harassment",21 to under 60 years,female,,,,83.9
2011,"per 100,000 inhabitants","number of victims per 100,000 of non-sexual harassment",21 to under 60 years,female,,,,79.1
2012,"per 100,000 inhabitants","number of victims per 100,000 of non-sexual harassment",21 to under 60 years,female,,,,78.9
2013,"per 100,000 inhabitants","number of victims per 100,000 of non-sexual harassment",21 to under 60 years,female,,,,77.6
2014,"per 100,000 inhabitants","number of victims per 100,000 of non-sexual harassment",21 to under 60 years,female,,,,70.4
2015,"per 100,000 inhabitants","number of victims per 100,000 of non-sexual harassment",21 to under 60 years,female,,,,61.5
2016,"per 100,000 inhabitants","number of victims per 100,000 of non-sexual harassment",21 to under 60 years,female,,,,61.7
2017,"per 100,000 inhabitants","number of victims per 100,000 of non-sexual harassment",21 to under 60 years,female,,,,60.9
2018,"per 100,000 inhabitants","number of victims per 100,000 of non-sexual harassment",21 to under 60 years,female,,,,62.6
2019,"per 100,000 inhabitants","number of victims per 100,000 of non-sexual harassment",21 to under 60 years,female,,,,63.2
2020,"per 100,000 inhabitants","number of victims per 100,000 of non-sexual harassment",21 to under 60 years,female,,,,66.0
2021,"per 100,000 inhabitants","number of victims per 100,000 of non-sexual harassment",21 to under 60 years,female,,,,69.4
2022,"per 100,000 inhabitants","number of victims per 100,000 of non-sexual harassment",21 to under 60 years,female,,,,73.8
2023,"per 100,000 inhabitants","number of victims per 100,000 of non-sexual harassment",21 to under 60 years,female,,,,78.6
2024,"per 100,000 inhabitants","number of victims per 100,000 of non-sexual harassment",21 to under 60 years,female,|,,,85.4
2010,"per 100,000 inhabitants","number of victims per 100,000 of non-sexual harassment",21 to under 60 years,male,,,,20.9
2011,"per 100,000 inhabitants","number of victims per 100,000 of non-sexual harassment",21 to under 60 years,male,,,,19.2
2012,"per 100,000 inhabitants","number of victims per 100,000 of non-sexual harassment",21 to under 60 years,male,,,,18.2
2013,"per 100,000 inhabitants","number of victims per 100,000 of non-sexual harassment",21 to under 60 years,male,,,,18.6
2014,"per 100,000 inhabitants","number of victims per 100,000 of non-sexual harassment",21 to under 60 years,male,,,,16.9
2015,"per 100,000 inhabitants","number of victims per 100,000 of non-sexual harassment",21 to under 60 years,male,,,,14.3
2016,"per 100,000 inhabitants","number of victims per 100,000 of non-sexual harassment",21 to under 60 years,male,,,,13.7
2017,"per 100,000 inhabitants","number of victims per 100,000 of non-sexual harassment",21 to under 60 years,male,,,,13.5
2018,"per 100,000 inhabitants","number of victims per 100,000 of non-sexual harassment",21 to under 60 years,male,,,,13.6
2019,"per 100,000 inhabitants","number of victims per 100,000 of non-sexual harassment",21 to under 60 years,male,,,,13.3
2020,"per 100,000 inhabitants","number of victims per 100,000 of non-sexual harassment",21 to under 60 years,male,,,,14.4
2021,"per 100,000 inhabitants","number of victims per 100,000 of non-sexual harassment",21 to under 60 years,male,,,,15.8
2022,"per 100,000 inhabitants","number of victims per 100,000 of non-sexual harassment",21 to under 60 years,male,,,,16.1
2023,"per 100,000 inhabitants","number of victims per 100,000 of non-sexual harassment",21 to under 60 years,male,,,,17.8
2024,"per 100,000 inhabitants","number of victims per 100,000 of non-sexual harassment",21 to under 60 years,male,|,,,18.7
2010,"per 100,000 inhabitants","number of victims per 100,000 of non-sexual harassment",60 years and older,,,,,7.8
2011,"per 100,000 inhabitants","number of victims per 100,000 of non-sexual harassment",60 years and older,,,,,7.0
2012,"per 100,000 inhabitants","number of victims per 100,000 of non-sexual harassment",60 years and older,,,,,6.9
2013,"per 100,000 inhabitants","number of victims per 100,000 of non-sexual harassment",60 years and older,,,,,6.6
2014,"per 100,000 inhabitants","number of victims per 100,000 of non-sexual harassment",60 years and older,,,,,6.4
2015,"per 100,000 inhabitants","number of victims per 100,000 of non-sexual harassment",60 years and older,,,,,5.7
2016,"per 100,000 inhabitants","number of victims per 100,000 of non-sexual harassment",60 years and older,,,,,5.6
2017,"per 100,000 inhabitants","number of victims per 100,000 of non-sexual harassment",60 years and older,,,,,5.2
2018,"per 100,000 inhabitants","number of victims per 100,000 of non-sexual harassment",60 years and older,,,,,5.4
2019,"per 100,000 inhabitants","number of victims per 100,000 of non-sexual harassment",60 years and older,,,,,5.4
2020,"per 100,000 inhabitants","number of victims per 100,000 of non-sexual harassment",60 years and older,,,,,5.4
2021,"per 100,000 inhabitants","number of victims per 100,000 of non-sexual harassment",60 years and older,,,,,5.9
2022,"per 100,000 inhabitants","number of victims per 100,000 of non-sexual harassment",60 years and older,,,,,6.4
2023,"per 100,000 inhabitants","number of victims per 100,000 of non-sexual harassment",60 years and older,,,,,7.1
2024,"per 100,000 inhabitants","number of victims per 100,000 of non-sexual harassment",60 years and older,,|,,,7.1
2010,"per 100,000 inhabitants","number of victims per 100,000 of non-sexual harassment",60 years and older,female,,,,8.2
2011,"per 100,000 inhabitants","number of victims per 100,000 of non-sexual harassment",60 years and older,female,,,,7.3
2012,"per 100,000 inhabitants","number of victims per 100,000 of non-sexual harassment",60 years and older,female,,,,7.5
2013,"per 100,000 inhabitants","number of victims per 100,000 of non-sexual harassment",60 years and older,female,,,,7.5
2014,"per 100,000 inhabitants","number of victims per 100,000 of non-sexual harassment",60 years and older,female,,,,7.3
2015,"per 100,000 inhabitants","number of victims per 100,000 of non-sexual harassment",60 years and older,female,,,,6.7
2016,"per 100,000 inhabitants","number of victims per 100,000 of non-sexual harassment",60 years and older,female,,,,6.3
2017,"per 100,000 inhabitants","number of victims per 100,000 of non-sexual harassment",60 years and older,female,,,,6.3
2018,"per 100,000 inhabitants","number of victims per 100,000 of non-sexual harassment",60 years and older,female,,,,6.2
2019,"per 100,000 inhabitants","number of victims per 100,000 of non-sexual harassment",60 years and older,female,,,,6.5
2020,"per 100,000 inhabitants","number of victims per 100,000 of non-sexual harassment",60 years and older,female,,,,6.5
2021,"per 100,000 inhabitants","number of victims per 100,000 of non-sexual harassment",60 years and older,female,,,,6.9
2022,"per 100,000 inhabitants","number of victims per 100,000 of non-sexual harassment",60 years and older,female,,,,7.7
2023,"per 100,000 inhabitants","number of victims per 100,000 of non-sexual harassment",60 years and older,female,,,,8.4
2024,"per 100,000 inhabitants","number of victims per 100,000 of non-sexual harassment",60 years and older,female,|,,,8.3
2010,"per 100,000 inhabitants","number of victims per 100,000 of non-sexual harassment",60 years and older,male,,,,7.2
2011,"per 100,000 inhabitants","number of victims per 100,000 of non-sexual harassment",60 years and older,male,,,,6.5
2012,"per 100,000 inhabitants","number of victims per 100,000 of non-sexual harassment",60 years and older,male,,,,6.1
2013,"per 100,000 inhabitants","number of victims per 100,000 of non-sexual harassment",60 years and older,male,,,,5.6
2014,"per 100,000 inhabitants","number of victims per 100,000 of non-sexual harassment",60 years and older,male,,,,5.3
2015,"per 100,000 inhabitants","number of victims per 100,000 of non-sexual harassment",60 years and older,male,,,,4.5
2016,"per 100,000 inhabitants","number of victims per 100,000 of non-sexual harassment",60 years and older,male,,,,4.6
2017,"per 100,000 inhabitants","number of victims per 100,000 of non-sexual harassment",60 years and older,male,,,,3.8
2018,"per 100,000 inhabitants","number of victims per 100,000 of non-sexual harassment",60 years and older,male,,,,4.4
2019,"per 100,000 inhabitants","number of victims per 100,000 of non-sexual harassment",60 years and older,male,,,,4.1
2020,"per 100,000 inhabitants","number of victims per 100,000 of non-sexual harassment",60 years and older,male,,,,4.1
2021,"per 100,000 inhabitants","number of victims per 100,000 of non-sexual harassment",60 years and older,male,,,,4.7
2022,"per 100,000 inhabitants","number of victims per 100,000 of non-sexual harassment",60 years and older,male,,,,4.8
2023,"per 100,000 inhabitants","number of victims per 100,000 of non-sexual harassment",60 years and older,male,,,,5.4
2024,"per 100,000 inhabitants","number of victims per 100,000 of non-sexual harassment",60 years and older,male,|,,,5.6
2010,"per 100,000 inhabitants","number of victims per 100,000 of sexual harassment",,,.,,,
2011,"per 100,000 inhabitants","number of victims per 100,000 of sexual harassment",,,.,,,
2012,"per 100,000 inhabitants","number of victims per 100,000 of sexual harassment",,,,,,10.1
2013,"per 100,000 inhabitants","number of victims per 100,000 of sexual harassment",,,,,,10.1
2014,"per 100,000 inhabitants","number of victims per 100,000 of sexual harassment",,,,,,10.3
2015,"per 100,000 inhabitants","number of victims per 100,000 of sexual harassment",,,,,,10.2
2016,"per 100,000 inhabitants","number of victims per 100,000 of sexual harassment",,,,,,10.5
2017,"per 100,000 inhabitants","number of victims per 100,000 of sexual harassment",,,,,,10.1
2018,"per 100,000 inhabitants","number of victims per 100,000 of sexual harassment",,,,,,10.6
2019,"per 100,000 inhabitants","number of victims per 100,000 of sexual harassment",,,,,,9.7
2020,"per 100,000 inhabitants","number of victims per 100,000 of sexual harassment",,,,,,11.2
2021,"per 100,000 inhabitants","number of victims per 100,000 of sexual harassment",,,|,,,10.9
2022,"per 100,000 inhabitants","number of victims per 100,000 of sexual harassment",,,,,,11.6
2023,"per 100,000 inhabitants","number of victims per 100,000 of sexual harassment",,,,,,12.1
2024,"per 100,000 inhabitants","number of victims per 100,000 of sexual harassment",,,|,,,12.9
2010,"per 100,000 inhabitants","number of victims per 100,000 of sexual harassment",,female,.,,,
2011,"per 100,000 inhabitants","number of victims per 100,000 of sexual harassment",,female,.,,,
2012,"per 100,000 inhabitants","number of victims per 100,000 of sexual harassment",,female,,,,17.8
2013,"per 100,000 inhabitants","number of victims per 100,000 of sexual harassment",,female,,,,17.7
2014,"per 100,000 inhabitants","number of victims per 100,000 of sexual harassment",,female,,,,17.9
2015,"per 100,000 inhabitants","number of victims per 100,000 of sexual harassment",,female,,,,17.6
2016,"per 100,000 inhabitants","number of victims per 100,000 of sexual harassment",,female,,,,18.1
2017,"per 100,000 inhabitants","number of victims per 100,000 of sexual harassment",,female,,,,17.4
2018,"per 100,000 inhabitants","number of victims per 100,000 of sexual harassment",,female,,,,18.2
2019,"per 100,000 inhabitants","number of victims per 100,000 of sexual harassment",,female,,,,16.3
2020,"per 100,000 inhabitants","number of victims per 100,000 of sexual harassment",,female,,,,18.9
2021,"per 100,000 inhabitants","number of victims per 100,000 of sexual harassment",,female,|,,,18.2
2022,"per 100,000 inhabitants","number of victims per 100,000 of sexual harassment",,female,,,,19.3
2023,"per 100,000 inhabitants","number of victims per 100,000 of sexual harassment",,female,,,,19.7
2024,"per 100,000 inhabitants","number of victims per 100,000 of sexual harassment",,female,|,,,20.9
2010,"per 100,000 inhabitants","number of victims per 100,000 of sexual harassment",,male,.,,,
2011,"per 100,000 inhabitants","number of victims per 100,000 of sexual harassment",,male,.,,,
2012,"per 100,000 inhabitants","number of victims per 100,000 of sexual harassment",,male,,,,2.3
2013,"per 100,000 inhabitants","number of victims per 100,000 of sexual harassment",,male,,,,2.3
2014,"per 100,000 inhabitants","number of victims per 100,000 of sexual harassment",,male,,,,2.5
2015,"per 100,000 inhabitants","number of victims per 100,000 of sexual harassment",,male,,,,2.4
2016,"per 100,000 inhabitants","number of victims per 100,000 of sexual harassment",,male,,,,2.7
2017,"per 100,000 inhabitants","number of victims per 100,000 of sexual harassment",,male,,,,2.6
2018,"per 100,000 inhabitants","number of victims per 100,000 of sexual harassment",,male,,,,2.9
2019,"per 100,000 inhabitants","number of victims per 100,000 of sexual harassment",,male,,,,2.9
2020,"per 100,000 inhabitants","number of victims per 100,000 of sexual harassment",,male,,,,3.3
2021,"per 100,000 inhabitants","number of victims per 100,000 of sexual harassment",,male,|,,,3.3
2022,"per 100,000 inhabitants","number of victims per 100,000 of sexual harassment",,male,,,,3.6
2023,"per 100,000 inhabitants","number of victims per 100,000 of sexual harassment",,male,,,,4.1
2024,"per 100,000 inhabitants","number of victims per 100,000 of sexual harassment",,male,|,,,4.7
2010,"per 100,000 inhabitants","number of victims per 100,000 of sexual harassment",13 years and younger,,.,,,
2011,"per 100,000 inhabitants","number of victims per 100,000 of sexual harassment",13 years and younger,,.,,,
2012,"per 100,000 inhabitants","number of victims per 100,000 of sexual harassment",13 years and younger,,‒,,,0.0
2013,"per 100,000 inhabitants","number of victims per 100,000 of sexual harassment",13 years and younger,,‒,,,0.0
2014,"per 100,000 inhabitants","number of victims per 100,000 of sexual harassment",13 years and younger,,‒,,,0.0
2015,"per 100,000 inhabitants","number of victims per 100,000 of sexual harassment",13 years and younger,,‒,,,0.0
2016,"per 100,000 inhabitants","number of victims per 100,000 of sexual harassment",13 years and younger,,‒,,,0.0
2017,"per 100,000 inhabitants","number of victims per 100,000 of sexual harassment",13 years and younger,,‒,,,0.0
2018,"per 100,000 inhabitants","number of victims per 100,000 of sexual harassment",13 years and younger,,‒,,,0.0
2019,"per 100,000 inhabitants","number of victims per 100,000 of sexual harassment",13 years and younger,,‒,,,0.0
2020,"per 100,000 inhabitants","number of victims per 100,000 of sexual harassment",13 years and younger,,‒,,,0.0
2021,"per 100,000 inhabitants","number of victims per 100,000 of sexual harassment",13 years and younger,,|,,,0.4
2022,"per 100,000 inhabitants","number of victims per 100,000 of sexual harassment",13 years and younger,,,,,1.3
2023,"per 100,000 inhabitants","number of victims per 100,000 of sexual harassment",13 years and younger,,,,,1.2
2024,"per 100,000 inhabitants","number of victims per 100,000 of sexual harassment",13 years and younger,,|,,,1.3
2010,"per 100,000 inhabitants","number of victims per 100,000 of sexual harassment",13 years and younger,female,.,,,
2011,"per 100,000 inhabitants","number of victims per 100,000 of sexual harassment",13 years and younger,female,.,,,
2012,"per 100,000 inhabitants","number of victims per 100,000 of sexual harassment",13 years and younger,female,‒,,,0.0
2013,"per 100,000 inhabitants","number of victims per 100,000 of sexual harassment",13 years and younger,female,‒,,,0.0
2014,"per 100,000 inhabitants","number of victims per 100,000 of sexual harassment",13 years and younger,female,‒,,,0.0
2015,"per 100,000 inhabitants","number of victims per 100,000 of sexual harassment",13 years and younger,female,‒,,,0.0
2016,"per 100,000 inhabitants","number of victims per 100,000 of sexual harassment",13 years and younger,female,‒,,,0.0
2017,"per 100,000 inhabitants","number of victims per 100,000 of sexual harassment",13 years and younger,female,‒,,,0.0
2018,"per 100,000 inhabitants","number of victims per 100,000 of sexual harassment",13 years and younger,female,‒,,,0.0
2019,"per 100,000 inhabitants","number of victims per 100,000 of sexual harassment",13 years and younger,female,‒,,,0.0
2020,"per 100,000 inhabitants","number of victims per 100,000 of sexual harassment",13 years and younger,female,‒,,,0.0
2021,"per 100,000 inhabitants","number of victims per 100,000 of sexual harassment",13 years and younger,female,|,,,0.6
2022,"per 100,000 inhabitants","number of victims per 100,000 of sexual harassment",13 years and younger,female,,,,2.2
2023,"per 100,000 inhabitants","number of victims per 100,000 of sexual harassment",13 years and younger,female,,,,2.0
2024,"per 100,000 inhabitants","number of victims per 100,000 of sexual harassment",13 years and younger,female,|,,,1.7
2010,"per 100,000 inhabitants","number of victims per 100,000 of sexual harassment",13 years and younger,male,.,,,
2011,"per 100,000 inhabitants","number of victims per 100,000 of sexual harassment",13 years and younger,male,.,,,
2012,"per 100,000 inhabitants","number of victims per 100,000 of sexual harassment",13 years and younger,male,‒,,,0.0
2013,"per 100,000 inhabitants","number of victims per 100,000 of sexual harassment",13 years and younger,male,‒,,,0.0
2014,"per 100,000 inhabitants","number of victims per 100,000 of sexual harassment",13 years and younger,male,‒,,,0.0
2015,"per 100,000 inhabitants","number of victims per 100,000 of sexual harassment",13 years and younger,male,‒,,,0.0
2016,"per 100,000 inhabitants","number of victims per 100,000 of sexual harassment",13 years and younger,male,‒,,,0.0
2017,"per 100,000 inhabitants","number of victims per 100,000 of sexual harassment",13 years and younger,male,‒,,,0.0
2018,"per 100,000 inhabitants","number of victims per 100,000 of sexual harassment",13 years and younger,male,‒,,,0.0
2019,"per 100,000 inhabitants","number of victims per 100,000 of sexual harassment",13 years and younger,male,‒,,,0.0
2020,"per 100,000 inhabitants","number of victims per 100,000 of sexual harassment",13 years and younger,male,‒,,,0.0
2021,"per 100,000 inhabitants","number of victims per 100,000 of sexual harassment",13 years and younger,male,|,,,0.3
2022,"per 100,000 inhabitants","number of victims per 100,000 of sexual harassment",13 years and younger,male,,,,0.5
2023,"per 100,000 inhabitants","number of victims per 100,000 of sexual harassment",13 years and younger,male,,,,0.4
2024,"per 100,000 inhabitants","number of victims per 100,000 of sexual harassment",13 years and younger,male,|,,,0.9
2010,"per 100,000 inhabitants","number of victims per 100,000 of sexual harassment",14 to under 18 years,,.,,,
2011,"per 100,000 inhabitants","number of victims per 100,000 of sexual harassment",14 to under 18 years,,.,,,
2012,"per 100,000 inhabitants","number of victims per 100,000 of sexual harassment",14 to under 18 years,,,,,42.3
2013,"per 100,000 inhabitants","number of victims per 100,000 of sexual harassment",14 to under 18 years,,,,,43.2
2014,"per 100,000 inhabitants","number of victims per 100,000 of sexual harassment",14 to under 18 years,,,,,42.5
2015,"per 100,000 inhabitants","number of victims per 100,000 of sexual harassment",14 to under 18 years,,,,,38.8
2016,"per 100,000 inhabitants","number of victims per 100,000 of sexual harassment",14 to under 18 years,,,,,35.8
2017,"per 100,000 inhabitants","number of victims per 100,000 of sexual harassment",14 to under 18 years,,,,,34.8
2018,"per 100,000 inhabitants","number of victims per 100,000 of sexual harassment",14 to under 18 years,,,,,35.6
2019,"per 100,000 inhabitants","number of victims per 100,000 of sexual harassment",14 to under 18 years,,,,,30.4
2020,"per 100,000 inhabitants","number of victims per 100,000 of sexual harassment",14 to under 18 years,,,,,35.2
2021,"per 100,000 inhabitants","number of victims per 100,000 of sexual harassment",14 to under 18 years,,|,,,35.7
2022,"per 100,000 inhabitants","number of victims per 100,000 of sexual harassment",14 to under 18 years,,,,,41.3
2023,"per 100,000 inhabitants","number of victims per 100,000 of sexual harassment",14 to under 18 years,,,,,38.9
2024,"per 100,000 inhabitants","number of victims per 100,000 of sexual harassment",14 to under 18 years,,|,,,44.1
2010,"per 100,000 inhabitants","number of victims per 100,000 of sexual harassment",14 to under 18 years,female,.,,,
2011,"per 100,000 inhabitants","number of victims per 100,000 of sexual harassment",14 to under 18 years,female,.,,,
2012,"per 100,000 inhabitants","number of victims per 100,000 of sexual harassment",14 to under 18 years,female,,,,59.3
2013,"per 100,000 inhabitants","number of victims per 100,000 of sexual harassment",14 to under 18 years,female,,,,79.2
2014,"per 100,000 inhabitants","number of victims per 100,000 of sexual harassment",14 to under 18 years,female,,,,78.4
2015,"per 100,000 inhabitants","number of victims per 100,000 of sexual harassment",14 to under 18 years,female,,,,73.8
2016,"per 100,000 inhabitants","number of victims per 100,000 of sexual harassment",14 to under 18 years,female,,,,66.3
2017,"per 100,000 inhabitants","number of victims per 100,000 of sexual harassment",14 to under 18 years,female,,,,62.7
2018,"per 100,000 inhabitants","number of victims per 100,000 of sexual harassment",14 to under 18 years,female,,,,63.8
2019,"per 100,000 inhabitants","number of victims per 100,000 of sexual harassment",14 to under 18 years,female,,,,54.8
2020,"per 100,000 inhabitants","number of victims per 100,000 of sexual harassment",14 to under 18 years,female,,,,63.2
2021,"per 100,000 inhabitants","number of victims per 100,000 of sexual harassment",14 to under 18 years,female,|,,,64.3
2022,"per 100,000 inhabitants","number of victims per 100,000 of sexual harassment",14 to under 18 years,female,,,,73.8
2023,"per 100,000 inhabitants","number of victims per 100,000 of sexual harassment",14 to under 18 years,female,,,,68.0
2024,"per 100,000 inhabitants","number of victims per 100,000 of sexual harassment",14 to under 18 years,female,|,,,77.1
2010,"per 100,000 inhabitants","number of victims per 100,000 of sexual harassment",14 to under 18 years,male,.,,,
2011,"per 100,000 inhabitants","number of victims per 100,000 of sexual harassment",14 to under 18 years,male,.,,,
2012,"per 100,000 inhabitants","number of victims per 100,000 of sexual harassment",14 to under 18 years,male,,,,6.2
2013,"per 100,000 inhabitants","number of victims per 100,000 of sexual harassment",14 to under 18 years,male,,,,9.1
2014,"per 100,000 inhabitants","number of victims per 100,000 of sexual harassment",14 to under 18 years,male,,,,8.5
2015,"per 100,000 inhabitants","number of victims per 100,000 of sexual harassment",14 to under 18 years,male,,,,5.7
2016,"per 100,000 inhabitants","number of victims per 100,000 of sexual harassment",14 to under 18 years,male,,,,7.5
2017,"per 100,000 inhabitants","number of victims per 100,000 of sexual harassment",14 to under 18 years,male,,,,9.0
2018,"per 100,000 inhabitants","number of victims per 100,000 of sexual harassment",14 to under 18 years,male,,,,9.4
2019,"per 100,000 inhabitants","number of victims per 100,000 of sexual harassment",14 to under 18 years,male,,,,7.6
2020,"per 100,000 inhabitants","number of victims per 100,000 of sexual harassment",14 to under 18 years,male,,,,8.9
2021,"per 100,000 inhabitants","number of victims per 100,000 of sexual harassment",14 to under 18 years,male,|,,,8.7
2022,"per 100,000 inhabitants","number of victims per 100,000 of sexual harassment",14 to under 18 years,male,,,,10.8
2023,"per 100,000 inhabitants","number of victims per 100,000 of sexual harassment",14 to under 18 years,male,,,,11.6
2024,"per 100,000 inhabitants","number of victims per 100,000 of sexual harassment",14 to under 18 years,male,|,,,13.4
2010,"per 100,000 inhabitants","number of victims per 100,000 of sexual harassment",18 to under 21 years,,.,,,
2011,"per 100,000 inhabitants","number of victims per 100,000 of sexual harassment",18 to under 21 years,,.,,,
2012,"per 100,000 inhabitants","number of victims per 100,000 of sexual harassment",18 to under 21 years,,,,,31.1
2013,"per 100,000 inhabitants","number of victims per 100,000 of sexual harassment",18 to under 21 years,,,,,30.5
2014,"per 100,000 inhabitants","number of victims per 100,000 of sexual harassment",18 to under 21 years,,,,,33.3
2015,"per 100,000 inhabitants","number of victims per 100,000 of sexual harassment",18 to under 21 years,,,,,32.4
2016,"per 100,000 inhabitants","number of victims per 100,000 of sexual harassment",18 to under 21 years,,,,,29.7
2017,"per 100,000 inhabitants","number of victims per 100,000 of sexual harassment",18 to under 21 years,,,,,35.2
2018,"per 100,000 inhabitants","number of victims per 100,000 of sexual harassment",18 to under 21 years,,,,,33.4
2019,"per 100,000 inhabitants","number of victims per 100,000 of sexual harassment",18 to under 21 years,,,,,28.0
2020,"per 100,000 inhabitants","number of victims per 100,000 of sexual harassment",18 to under 21 years,,,,,38.3
2021,"per 100,000 inhabitants","number of victims per 100,000 of sexual harassment",18 to under 21 years,,|,,,35.9
2022,"per 100,000 inhabitants","number of victims per 100,000 of sexual harassment",18 to under 21 years,,,,,38.5
2023,"per 100,000 inhabitants","number of victims per 100,000 of sexual harassment",18 to under 21 years,,,,,38.2
2024,"per 100,000 inhabitants","number of victims per 100,000 of sexual harassment",18 to under 21 years,,|,,,42.9
2010,"per 100,000 inhabitants","number of victims per 100,000 of sexual harassment",18 to under 21 years,female,.,,,
2011,"per 100,000 inhabitants","number of victims per 100,000 of sexual harassment",18 to under 21 years,female,.,,,
2012,"per 100,000 inhabitants","number of victims per 100,000 of sexual harassment",18 to under 21 years,female,,,,59.4
2013,"per 100,000 inhabitants","number of victims per 100,000 of sexual harassment",18 to under 21 years,female,,,,57.7
2014,"per 100,000 inhabitants","number of victims per 100,000 of sexual harassment",18 to under 21 years,female,,,,63.9
2015,"per 100,000 inhabitants","number of victims per 100,000 of sexual harassment",18 to under 21 years,female,,,,61.6
2016,"per 100,000 inhabitants","number of victims per 100,000 of sexual harassment",18 to under 21 years,female,,,,56.7
2017,"per 100,000 inhabitants","number of victims per 100,000 of sexual harassment",18 to under 21 years,female,,,,68.5
2018,"per 100,000 inhabitants","number of victims per 100,000 of sexual harassment",18 to under 21 years,female,,,,62.9
2019,"per 100,000 inhabitants","number of victims per 100,000 of sexual harassment",18 to under 21 years,female,,,,52.0
2020,"per 100,000 inhabitants","number of victims per 100,000 of sexual harassment",18 to under 21 years,female,,,,72.5
2021,"per 100,000 inhabitants","number of victims per 100,000 of sexual harassment",18 to under 21 years,female,|,,,66.8
2022,"per 100,000 inhabitants","number of victims per 100,000 of sexual harassment",18 to under 21 years,female,,,,71.3
2023,"per 100,000 inhabitants","number of victims per 100,000 of sexual harassment",18 to under 21 years,female,,,,69.9
2024,"per 100,000 inhabitants","number of victims per 100,000 of sexual harassment",18 to under 21 years,female,|,,,77.5
2010,"per 100,000 inhabitants","number of victims per 100,000 of sexual harassment",18 to under 21 years,male,.,,,
2011,"per 100,000 inhabitants","number of victims per 100,000 of sexual harassment",18 to under 21 years,male,.,,,
2012,"per 100,000 inhabitants","number of victims per 100,000 of sexual harassment",18 to under 21 years,male,,,,4.2
2013,"per 100,000 inhabitants","number of victims per 100,000 of sexual harassment",18 to under 21 years,male,,,,4.6
2014,"per 100,000 inhabitants","number of victims per 100,000 of sexual harassment",18 to under 21 years,male,,,,4.4
2015,"per 100,000 inhabitants","number of victims per 100,000 of sexual harassment",18 to under 21 years,male,,,,4.9
2016,"per 100,000 inhabitants","number of victims per 100,000 of sexual harassment",18 to under 21 years,male,,,,5.4
2017,"per 100,000 inhabitants","number of victims per 100,000 of sexual harassment",18 to under 21 years,male,,,,5.2
2018,"per 100,000 inhabitants","number of victims per 100,000 of sexual harassment",18 to under 21 years,male,,,,6.8
2019,"per 100,000 inhabitants","number of victims per 100,000 of sexual harassment",18 to under 21 years,male,,,,6.3
2020,"per 100,000 inhabitants","number of victims per 100,000 of sexual harassment",18 to under 21 years,male,,,,7.0
2021,"per 100,000 inhabitants","number of victims per 100,000 of sexual harassment",18 to under 21 years,male,|,,,7.4
2022,"per 100,000 inhabitants","number of victims per 100,000 of sexual harassment",18 to under 21 years,male,,,,8.0
2023,"per 100,000 inhabitants","number of victims per 100,000 of sexual harassment",18 to under 21 years,male,,,,8.6
2024,"per 100,000 inhabitants","number of victims per 100,000 of sexual harassment",18 to under 21 years,male,|,,,11.0
2010,"per 100,000 inhabitants","number of victims per 100,000 of sexual harassment",21 to under 60 years,,.,,,
2011,"per 100,000 inhabitants","number of victims per 100,000 of sexual harassment",21 to under 60 years,,.,,,
2012,"per 100,000 inhabitants","number of victims per 100,000 of sexual harassment",21 to under 60 years,,,,,12.3
2013,"per 100,000 inhabitants","number of victims per 100,000 of sexual harassment",21 to under 60 years,,,,,12.2
2014,"per 100,000 inhabitants","number of victims per 100,000 of sexual harassment",21 to under 60 years,,,,,12.6
2015,"per 100,000 inhabitants","number of victims per 100,000 of sexual harassment",21 to under 60 years,,,,,11.9
2016,"per 100,000 inhabitants","number of victims per 100,000 of sexual harassment",21 to under 60 years,,,,,13.5
2017,"per 100,000 inhabitants","number of victims per 100,000 of sexual harassment",21 to under 60 years,,,,,12.8
2018,"per 100,000 inhabitants","number of victims per 100,000 of sexual harassment",21 to under 60 years,,,,,13.8
2019,"per 100,000 inhabitants","number of victims per 100,000 of sexual harassment",21 to under 60 years,,,,,13.0
2020,"per 100,000 inhabitants","number of victims per 100,000 of sexual harassment",21 to under 60 years,,,,,15.0
2021,"per 100,000 inhabitants","number of victims per 100,000 of sexual harassment",21 to under 60 years,,|,,,14.6
2022,"per 100,000 inhabitants","number of victims per 100,000 of sexual harassment",21 to under 60 years,,,,,15.4
2023,"per 100,000 inhabitants","number of victims per 100,000 of sexual harassment",21 to under 60 years,,,,,16.3
2024,"per 100,000 inhabitants","number of victims per 100,000 of sexual harassment",21 to under 60 years,,|,,,17.4
2010,"per 100,000 inhabitants","number of victims per 100,000 of sexual harassment",21 to under 60 years,female,.,,,
2011,"per 100,000 inhabitants","number of victims per 100,000 of sexual harassment",21 to under 60 years,female,.,,,
2012,"per 100,000 inhabitants","number of victims per 100,000 of sexual harassment",21 to under 60 years,female,,,,22.0
2013,"per 100,000 inhabitants","number of victims per 100,000 of sexual harassment",21 to under 60 years,female,,,,21.7
2014,"per 100,000 inhabitants","number of victims per 100,000 of sexual harassment",21 to under 60 years,female,,,,22.2
2015,"per 100,000 inhabitants","number of victims per 100,000 of sexual harassment",21 to under 60 years,female,,,,20.9
2016,"per 100,000 inhabitants","number of victims per 100,000 of sexual harassment",21 to under 60 years,female,,,,23.7
2017,"per 100,000 inhabitants","number of victims per 100,000 of sexual harassment",21 to under 60 years,female,,,,22.4
2018,"per 100,000 inhabitants","number of victims per 100,000 of sexual harassment",21 to under 60 years,female,,,,24.3
2019,"per 100,000 inhabitants","number of victims per 100,000 of sexual harassment",21 to under 60 years,female,,,,22.1
2020,"per 100,000 inhabitants","number of victims per 100,000 of sexual harassment",21 to under 60 years,female,,,,25.8
2021,"per 100,000 inhabitants","number of victims per 100,000 of sexual harassment",21 to under 60 years,female,|,,,24.8
2022,"per 100,000 inhabitants","number of victims per 100,000 of sexual harassment",21 to under 60 years,female,,,,26.1
2023,"per 100,000 inhabitants","number of victims per 100,000 of sexual harassment",21 to under 60 years,female,,,,27.3
2024,"per 100,000 inhabitants","number of victims per 100,000 of sexual harassment",21 to under 60 years,female,|,,,28.8
2010,"per 100,000 inhabitants","number of victims per 100,000 of sexual harassment",21 to under 60 years,male,.,,,
2011,"per 100,000 inhabitants","number of victims per 100,000 of sexual harassment",21 to under 60 years,male,.,,,
2012,"per 100,000 inhabitants","number of victims per 100,000 of sexual harassment",21 to under 60 years,male,,,,2.8
2013,"per 100,000 inhabitants","number of victims per 100,000 of sexual harassment",21 to under 60 years,male,,,,2.8
2014,"per 100,000 inhabitants","number of victims per 100,000 of sexual harassment",21 to under 60 years,male,,,,3.2
2015,"per 100,000 inhabitants","number of victims per 100,000 of sexual harassment",21 to under 60 years,male,,,,3.1
2016,"per 100,000 inhabitants","number of victims per 100,000 of sexual harassment",21 to under 60 years,male,,,,3.6
2017,"per 100,000 inhabitants","number of victims per 100,000 of sexual harassment",21 to under 60 years,male,,,,3.4
2018,"per 100,000 inhabitants","number of victims per 100,000 of sexual harassment",21 to under 60 years,male,,,,3.7
2019,"per 100,000 inhabitants","number of victims per 100,000 of sexual harassment",21 to under 60 years,male,,,,4.1
2020,"per 100,000 inhabitants","number of victims per 100,000 of sexual harassment",21 to under 60 years,male,,,,4.5
2021,"per 100,000 inhabitants","number of victims per 100,000 of sexual harassment",21 to under 60 years,male,|,,,4.7
2022,"per 100,000 inhabitants","number of victims per 100,000 of sexual harassment",21 to under 60 years,male,,,,5.0
2023,"per 100,000 inhabitants","number of victims per 100,000 of sexual harassment",21 to under 60 years,male,,,,5.7
2024,"per 100,000 inhabitants","number of victims per 100,000 of sexual harassment",21 to under 60 years,male,|,,,6.4
2010,"per 100,000 inhabitants","number of victims per 100,000 of sexual harassment",60 years and older,,.,,,
2011,"per 100,000 inhabitants","number of victims per 100,000 of sexual harassment",60 years and older,,.,,,
2012,"per 100,000 inhabitants","number of victims per 100,000 of sexual harassment",60 years and older,,,,,3.2
2013,"per 100,000 inhabitants","number of victims per 100,000 of sexual harassment",60 years and older,,,,,3.4
2014,"per 100,000 inhabitants","number of victims per 100,000 of sexual harassment",60 years and older,,,,,3.3
2015,"per 100,000 inhabitants","number of victims per 100,000 of sexual harassment",60 years and older,,,,,3.5
2016,"per 100,000 inhabitants","number of victims per 100,000 of sexual harassment",60 years and older,,,,,3.5
2017,"per 100,000 inhabitants","number of victims per 100,000 of sexual harassment",60 years and older,,,,,3.3
2018,"per 100,000 inhabitants","number of victims per 100,000 of sexual harassment",60 years and older,,,,,3.5
2019,"per 100,000 inhabitants","number of victims per 100,000 of sexual harassment",60 years and older,,,,,3.2
2020,"per 100,000 inhabitants","number of victims per 100,000 of sexual harassment",60 years and older,,,,,3.4
2021,"per 100,000 inhabitants","number of victims per 100,000 of sexual harassment",60 years and older,,|,,,3.3
2022,"per 100,000 inhabitants","number of victims per 100,000 of sexual harassment",60 years and older,,,,,3.2
2023,"per 100,000 inhabitants","number of victims per 100,000 of sexual harassment",60 years and older,,,,,3.7
2024,"per 100,000 inhabitants","number of victims per 100,000 of sexual harassment",60 years and older,,|,,,3.7
2010,"per 100,000 inhabitants","number of victims per 100,000 of sexual harassment",60 years and older,female,.,,,
2011,"per 100,000 inhabitants","number of victims per 100,000 of sexual harassment",60 years and older,female,.,,,
2012,"per 100,000 inhabitants","number of victims per 100,000 of sexual harassment",60 years and older,female,,,,5.2
2013,"per 100,000 inhabitants","number of victims per 100,000 of sexual harassment",60 years and older,female,,,,5.5
2014,"per 100,000 inhabitants","number of victims per 100,000 of sexual harassment",60 years and older,female,,,,5.2
2015,"per 100,000 inhabitants","number of victims per 100,000 of sexual harassment",60 years and older,female,,,,5.4
2016,"per 100,000 inhabitants","number of victims per 100,000 of sexual harassment",60 years and older,female,,,,5.6
2017,"per 100,000 inhabitants","number of victims per 100,000 of sexual harassment",60 years and older,female,,,,5.2
2018,"per 100,000 inhabitants","number of victims per 100,000 of sexual harassment",60 years and older,female,,,,5.4
2019,"per 100,000 inhabitants","number of victims per 100,000 of sexual harassment",60 years and older,female,,,,5.1
2020,"per 100,000 inhabitants","number of victims per 100,000 of sexual harassment",60 years and older,female,,,,5.2
2021,"per 100,000 inhabitants","number of victims per 100,000 of sexual harassment",60 years and older,female,|,,,5.2
2022,"per 100,000 inhabitants","number of victims per 100,000 of sexual harassment",60 years and older,female,,,,5.0
2023,"per 100,000 inhabitants","number of victims per 100,000 of sexual harassment",60 years and older,female,,,,5.5
2024,"per 100,000 inhabitants","number of victims per 100,000 of sexual harassment",60 years and older,female,|,,,5.5
2010,"per 100,000 inhabitants","number of victims per 100,000 of sexual harassment",60 years and older,male,.,,,
2011,"per 100,000 inhabitants","number of victims per 100,000 of sexual harassment",60 years and older,male,.,,,
2012,"per 100,000 inhabitants","number of victims per 100,000 of sexual harassment",60 years and older,male,,,,0.8
2013,"per 100,000 inhabitants","number of victims per 100,000 of sexual harassment",60 years and older,male,,,,0.7
2014,"per 100,000 inhabitants","number of victims per 100,000 of sexual harassment",60 years and older,male,,,,0.8
2015,"per 100,000 inhabitants","number of victims per 100,000 of sexual harassment",60 years and older,male,,,,1.0
2016,"per 100,000 inhabitants","number of victims per 100,000 of sexual harassment",60 years and older,male,,,,0.8
2017,"per 100,000 inhabitants","number of victims per 100,000 of sexual harassment",60 years and older,male,,,,0.9
2018,"per 100,000 inhabitants","number of victims per 100,000 of sexual harassment",60 years and older,male,,,,1.2
2019,"per 100,000 inhabitants","number of victims per 100,000 of sexual harassment",60 years and older,male,,,,0.7
2020,"per 100,000 inhabitants","number of victims per 100,000 of sexual harassment",60 years and older,male,,,,1.1
2021,"per 100,000 inhabitants","number of victims per 100,000 of sexual harassment",60 years and older,male,|,,,0.9
2022,"per 100,000 inhabitants","number of victims per 100,000 of sexual harassment",60 years and older,male,,,,1.0
2023,"per 100,000 inhabitants","number of victims per 100,000 of sexual harassment",60 years and older,male,,,,1.5
2024,"per 100,000 inhabitants","number of victims per 100,000 of sexual harassment",60 years and older,male,|,,,1.5
