Year,Value
2010,8.126
2011,8.138
2012,8.113999999999999
2013,8.127
2014,8.131
2015,8.113999999999999
2016,
2017,8.149
