Year,type of proceeding,industry,land,GeoCode,COMMENT_OBS_0,COMMENT_OBS_1,COMMENT_OBS_2,Value
2010,administrative offense proceedings,,,,.,,,
2011,administrative offense proceedings,,,,.,,,
2012,administrative offense proceedings,,,,.,,,
2013,administrative offense proceedings,,,,.,,,
2014,administrative offense proceedings,,,,.,,,
2015,administrative offense proceedings,,,,,,,22066
2016,administrative offense proceedings,,,,,,,21821
2017,administrative offense proceedings,,,,,,,26142
2018,administrative offense proceedings,,,,,,,28466
2019,administrative offense proceedings,,,,,,,31356
2020,administrative offense proceedings,,,,,,,28772
2021,administrative offense proceedings,,,,,,,32296
2022,administrative offense proceedings,,,,,,,47928
2023,administrative offense proceedings,,,,,,,48812
2024,administrative offense proceedings,,,,,,,49686
2025,administrative offense proceedings,,,,,,,52125
2010,administrative offense proceedings,construction sector,,,,,,
2011,administrative offense proceedings,construction sector,,,,,,
2012,administrative offense proceedings,construction sector,,,,,,
2013,administrative offense proceedings,construction sector,,,,,,
2014,administrative offense proceedings,construction sector,,,,,,
2015,administrative offense proceedings,construction sector,,,,,,
2016,administrative offense proceedings,construction sector,,,,,,
2017,administrative offense proceedings,construction sector,,,,,,
2018,administrative offense proceedings,construction sector,,,,,,
2019,administrative offense proceedings,construction sector,,,,,,
2020,administrative offense proceedings,construction sector,,,,,,
2021,administrative offense proceedings,construction sector,,,,,,
2022,administrative offense proceedings,construction sector,,,,,,
2023,administrative offense proceedings,construction sector,,,,,,
2024,administrative offense proceedings,construction sector,,,,,,6856
2025,administrative offense proceedings,construction sector,,,,,,6888
2010,administrative offense proceedings,catering and hotel sector,,,,,,
2011,administrative offense proceedings,catering and hotel sector,,,,,,
2012,administrative offense proceedings,catering and hotel sector,,,,,,
2013,administrative offense proceedings,catering and hotel sector,,,,,,
2014,administrative offense proceedings,catering and hotel sector,,,,,,
2015,administrative offense proceedings,catering and hotel sector,,,,,,
2016,administrative offense proceedings,catering and hotel sector,,,,,,
2017,administrative offense proceedings,catering and hotel sector,,,,,,
2018,administrative offense proceedings,catering and hotel sector,,,,,,
2019,administrative offense proceedings,catering and hotel sector,,,,,,
2020,administrative offense proceedings,catering and hotel sector,,,,,,
2021,administrative offense proceedings,catering and hotel sector,,,,,,
2022,administrative offense proceedings,catering and hotel sector,,,,,,
2023,administrative offense proceedings,catering and hotel sector,,,,,,
2024,administrative offense proceedings,catering and hotel sector,,,,,,12440
2025,administrative offense proceedings,catering and hotel sector,,,,,,13593
2010,administrative offense proceedings,hairdressing and beauty sector,,,,,,
2011,administrative offense proceedings,hairdressing and beauty sector,,,,,,
2012,administrative offense proceedings,hairdressing and beauty sector,,,,,,
2013,administrative offense proceedings,hairdressing and beauty sector,,,,,,
2014,administrative offense proceedings,hairdressing and beauty sector,,,,,,
2015,administrative offense proceedings,hairdressing and beauty sector,,,,,,
2016,administrative offense proceedings,hairdressing and beauty sector,,,,,,
2017,administrative offense proceedings,hairdressing and beauty sector,,,,,,
2018,administrative offense proceedings,hairdressing and beauty sector,,,,,,
2019,administrative offense proceedings,hairdressing and beauty sector,,,,,,
2020,administrative offense proceedings,hairdressing and beauty sector,,,,,,
2021,administrative offense proceedings,hairdressing and beauty sector,,,,,,
2022,administrative offense proceedings,hairdressing and beauty sector,,,,,,
2023,administrative offense proceedings,hairdressing and beauty sector,,,,,,
2024,administrative offense proceedings,hairdressing and beauty sector,,,,,,1406
2025,administrative offense proceedings,hairdressing and beauty sector,,,,,,1863
2010,administrative offense proceedings,"haulage, transport and associated logistics sector",,,,,,
2011,administrative offense proceedings,"haulage, transport and associated logistics sector",,,,,,
2012,administrative offense proceedings,"haulage, transport and associated logistics sector",,,,,,
2013,administrative offense proceedings,"haulage, transport and associated logistics sector",,,,,,
2014,administrative offense proceedings,"haulage, transport and associated logistics sector",,,,,,
2015,administrative offense proceedings,"haulage, transport and associated logistics sector",,,,,,
2016,administrative offense proceedings,"haulage, transport and associated logistics sector",,,,,,
2017,administrative offense proceedings,"haulage, transport and associated logistics sector",,,,,,
2018,administrative offense proceedings,"haulage, transport and associated logistics sector",,,,,,
2019,administrative offense proceedings,"haulage, transport and associated logistics sector",,,,,,
2020,administrative offense proceedings,"haulage, transport and associated logistics sector",,,,,,
2021,administrative offense proceedings,"haulage, transport and associated logistics sector",,,,,,
2022,administrative offense proceedings,"haulage, transport and associated logistics sector",,,,,,
2023,administrative offense proceedings,"haulage, transport and associated logistics sector",,,,,,
2024,administrative offense proceedings,"haulage, transport and associated logistics sector",,,,,,3169
2025,administrative offense proceedings,"haulage, transport and associated logistics sector",,,,,,3107
2010,administrative offense proceedings,,baden-württemberg,code08,,,,
2011,administrative offense proceedings,,baden-württemberg,code08,,,,
2012,administrative offense proceedings,,baden-württemberg,code08,,,,
2013,administrative offense proceedings,,baden-württemberg,code08,,,,
2014,administrative offense proceedings,,baden-württemberg,code08,,,,
2015,administrative offense proceedings,,baden-württemberg,code08,,,,
2016,administrative offense proceedings,,baden-württemberg,code08,,,,
2017,administrative offense proceedings,,baden-württemberg,code08,,,,
2018,administrative offense proceedings,,baden-württemberg,code08,,,,
2019,administrative offense proceedings,,baden-württemberg,code08,,,,
2020,administrative offense proceedings,,baden-württemberg,code08,,,,
2021,administrative offense proceedings,,baden-württemberg,code08,,,,
2022,administrative offense proceedings,,baden-württemberg,code08,,,,
2023,administrative offense proceedings,,baden-württemberg,code08,,,,
2024,administrative offense proceedings,,baden-württemberg,code08,,,,7404
2025,administrative offense proceedings,,baden-württemberg,code08,,,,7074
2010,administrative offense proceedings,construction sector,baden-württemberg,code08,,,,
2011,administrative offense proceedings,construction sector,baden-württemberg,code08,,,,
2012,administrative offense proceedings,construction sector,baden-württemberg,code08,,,,
2013,administrative offense proceedings,construction sector,baden-württemberg,code08,,,,
2014,administrative offense proceedings,construction sector,baden-württemberg,code08,,,,
2015,administrative offense proceedings,construction sector,baden-württemberg,code08,,,,
2016,administrative offense proceedings,construction sector,baden-württemberg,code08,,,,
2017,administrative offense proceedings,construction sector,baden-württemberg,code08,,,,
2018,administrative offense proceedings,construction sector,baden-württemberg,code08,,,,
2019,administrative offense proceedings,construction sector,baden-württemberg,code08,,,,
2020,administrative offense proceedings,construction sector,baden-württemberg,code08,,,,
2021,administrative offense proceedings,construction sector,baden-württemberg,code08,,,,
2022,administrative offense proceedings,construction sector,baden-württemberg,code08,,,,
2023,administrative offense proceedings,construction sector,baden-württemberg,code08,,,,
2024,administrative offense proceedings,construction sector,baden-württemberg,code08,,,,919
2025,administrative offense proceedings,construction sector,baden-württemberg,code08,,,,946
2010,administrative offense proceedings,catering and hotel sector,baden-württemberg,code08,,,,
2011,administrative offense proceedings,catering and hotel sector,baden-württemberg,code08,,,,
2012,administrative offense proceedings,catering and hotel sector,baden-württemberg,code08,,,,
2013,administrative offense proceedings,catering and hotel sector,baden-württemberg,code08,,,,
2014,administrative offense proceedings,catering and hotel sector,baden-württemberg,code08,,,,
2015,administrative offense proceedings,catering and hotel sector,baden-württemberg,code08,,,,
2016,administrative offense proceedings,catering and hotel sector,baden-württemberg,code08,,,,
2017,administrative offense proceedings,catering and hotel sector,baden-württemberg,code08,,,,
2018,administrative offense proceedings,catering and hotel sector,baden-württemberg,code08,,,,
2019,administrative offense proceedings,catering and hotel sector,baden-württemberg,code08,,,,
2020,administrative offense proceedings,catering and hotel sector,baden-württemberg,code08,,,,
2021,administrative offense proceedings,catering and hotel sector,baden-württemberg,code08,,,,
2022,administrative offense proceedings,catering and hotel sector,baden-württemberg,code08,,,,
2023,administrative offense proceedings,catering and hotel sector,baden-württemberg,code08,,,,
2024,administrative offense proceedings,catering and hotel sector,baden-württemberg,code08,,,,1909
2025,administrative offense proceedings,catering and hotel sector,baden-württemberg,code08,,,,1830
2010,administrative offense proceedings,hairdressing and beauty sector,baden-württemberg,code08,,,,
2011,administrative offense proceedings,hairdressing and beauty sector,baden-württemberg,code08,,,,
2012,administrative offense proceedings,hairdressing and beauty sector,baden-württemberg,code08,,,,
2013,administrative offense proceedings,hairdressing and beauty sector,baden-württemberg,code08,,,,
2014,administrative offense proceedings,hairdressing and beauty sector,baden-württemberg,code08,,,,
2015,administrative offense proceedings,hairdressing and beauty sector,baden-württemberg,code08,,,,
2016,administrative offense proceedings,hairdressing and beauty sector,baden-württemberg,code08,,,,
2017,administrative offense proceedings,hairdressing and beauty sector,baden-württemberg,code08,,,,
2018,administrative offense proceedings,hairdressing and beauty sector,baden-württemberg,code08,,,,
2019,administrative offense proceedings,hairdressing and beauty sector,baden-württemberg,code08,,,,
2020,administrative offense proceedings,hairdressing and beauty sector,baden-württemberg,code08,,,,
2021,administrative offense proceedings,hairdressing and beauty sector,baden-württemberg,code08,,,,
2022,administrative offense proceedings,hairdressing and beauty sector,baden-württemberg,code08,,,,
2023,administrative offense proceedings,hairdressing and beauty sector,baden-württemberg,code08,,,,
2024,administrative offense proceedings,hairdressing and beauty sector,baden-württemberg,code08,,,,199
2025,administrative offense proceedings,hairdressing and beauty sector,baden-württemberg,code08,,,,228
2010,administrative offense proceedings,"haulage, transport and associated logistics sector",baden-württemberg,code08,,,,
2011,administrative offense proceedings,"haulage, transport and associated logistics sector",baden-württemberg,code08,,,,
2012,administrative offense proceedings,"haulage, transport and associated logistics sector",baden-württemberg,code08,,,,
2013,administrative offense proceedings,"haulage, transport and associated logistics sector",baden-württemberg,code08,,,,
2014,administrative offense proceedings,"haulage, transport and associated logistics sector",baden-württemberg,code08,,,,
2015,administrative offense proceedings,"haulage, transport and associated logistics sector",baden-württemberg,code08,,,,
2016,administrative offense proceedings,"haulage, transport and associated logistics sector",baden-württemberg,code08,,,,
2017,administrative offense proceedings,"haulage, transport and associated logistics sector",baden-württemberg,code08,,,,
2018,administrative offense proceedings,"haulage, transport and associated logistics sector",baden-württemberg,code08,,,,
2019,administrative offense proceedings,"haulage, transport and associated logistics sector",baden-württemberg,code08,,,,
2020,administrative offense proceedings,"haulage, transport and associated logistics sector",baden-württemberg,code08,,,,
2021,administrative offense proceedings,"haulage, transport and associated logistics sector",baden-württemberg,code08,,,,
2022,administrative offense proceedings,"haulage, transport and associated logistics sector",baden-württemberg,code08,,,,
2023,administrative offense proceedings,"haulage, transport and associated logistics sector",baden-württemberg,code08,,,,
2024,administrative offense proceedings,"haulage, transport and associated logistics sector",baden-württemberg,code08,,,,432
2025,administrative offense proceedings,"haulage, transport and associated logistics sector",baden-württemberg,code08,,,,389
2010,administrative offense proceedings,,bavaria,code09,,,,
2011,administrative offense proceedings,,bavaria,code09,,,,
2012,administrative offense proceedings,,bavaria,code09,,,,
2013,administrative offense proceedings,,bavaria,code09,,,,
2014,administrative offense proceedings,,bavaria,code09,,,,
2015,administrative offense proceedings,,bavaria,code09,,,,
2016,administrative offense proceedings,,bavaria,code09,,,,
2017,administrative offense proceedings,,bavaria,code09,,,,
2018,administrative offense proceedings,,bavaria,code09,,,,
2019,administrative offense proceedings,,bavaria,code09,,,,
2020,administrative offense proceedings,,bavaria,code09,,,,
2021,administrative offense proceedings,,bavaria,code09,,,,
2022,administrative offense proceedings,,bavaria,code09,,,,
2023,administrative offense proceedings,,bavaria,code09,,,,
2024,administrative offense proceedings,,bavaria,code09,,,,6658
2025,administrative offense proceedings,,bavaria,code09,,,,6569
2010,administrative offense proceedings,construction sector,bavaria,code09,,,,
2011,administrative offense proceedings,construction sector,bavaria,code09,,,,
2012,administrative offense proceedings,construction sector,bavaria,code09,,,,
2013,administrative offense proceedings,construction sector,bavaria,code09,,,,
2014,administrative offense proceedings,construction sector,bavaria,code09,,,,
2015,administrative offense proceedings,construction sector,bavaria,code09,,,,
2016,administrative offense proceedings,construction sector,bavaria,code09,,,,
2017,administrative offense proceedings,construction sector,bavaria,code09,,,,
2018,administrative offense proceedings,construction sector,bavaria,code09,,,,
2019,administrative offense proceedings,construction sector,bavaria,code09,,,,
2020,administrative offense proceedings,construction sector,bavaria,code09,,,,
2021,administrative offense proceedings,construction sector,bavaria,code09,,,,
2022,administrative offense proceedings,construction sector,bavaria,code09,,,,
2023,administrative offense proceedings,construction sector,bavaria,code09,,,,
2024,administrative offense proceedings,construction sector,bavaria,code09,,,,905
2025,administrative offense proceedings,construction sector,bavaria,code09,,,,917
2010,administrative offense proceedings,catering and hotel sector,bavaria,code09,,,,
2011,administrative offense proceedings,catering and hotel sector,bavaria,code09,,,,
2012,administrative offense proceedings,catering and hotel sector,bavaria,code09,,,,
2013,administrative offense proceedings,catering and hotel sector,bavaria,code09,,,,
2014,administrative offense proceedings,catering and hotel sector,bavaria,code09,,,,
2015,administrative offense proceedings,catering and hotel sector,bavaria,code09,,,,
2016,administrative offense proceedings,catering and hotel sector,bavaria,code09,,,,
2017,administrative offense proceedings,catering and hotel sector,bavaria,code09,,,,
2018,administrative offense proceedings,catering and hotel sector,bavaria,code09,,,,
2019,administrative offense proceedings,catering and hotel sector,bavaria,code09,,,,
2020,administrative offense proceedings,catering and hotel sector,bavaria,code09,,,,
2021,administrative offense proceedings,catering and hotel sector,bavaria,code09,,,,
2022,administrative offense proceedings,catering and hotel sector,bavaria,code09,,,,
2023,administrative offense proceedings,catering and hotel sector,bavaria,code09,,,,
2024,administrative offense proceedings,catering and hotel sector,bavaria,code09,,,,1697
2025,administrative offense proceedings,catering and hotel sector,bavaria,code09,,,,1742
2010,administrative offense proceedings,hairdressing and beauty sector,bavaria,code09,,,,
2011,administrative offense proceedings,hairdressing and beauty sector,bavaria,code09,,,,
2012,administrative offense proceedings,hairdressing and beauty sector,bavaria,code09,,,,
2013,administrative offense proceedings,hairdressing and beauty sector,bavaria,code09,,,,
2014,administrative offense proceedings,hairdressing and beauty sector,bavaria,code09,,,,
2015,administrative offense proceedings,hairdressing and beauty sector,bavaria,code09,,,,
2016,administrative offense proceedings,hairdressing and beauty sector,bavaria,code09,,,,
2017,administrative offense proceedings,hairdressing and beauty sector,bavaria,code09,,,,
2018,administrative offense proceedings,hairdressing and beauty sector,bavaria,code09,,,,
2019,administrative offense proceedings,hairdressing and beauty sector,bavaria,code09,,,,
2020,administrative offense proceedings,hairdressing and beauty sector,bavaria,code09,,,,
2021,administrative offense proceedings,hairdressing and beauty sector,bavaria,code09,,,,
2022,administrative offense proceedings,hairdressing and beauty sector,bavaria,code09,,,,
2023,administrative offense proceedings,hairdressing and beauty sector,bavaria,code09,,,,
2024,administrative offense proceedings,hairdressing and beauty sector,bavaria,code09,,,,164
2025,administrative offense proceedings,hairdressing and beauty sector,bavaria,code09,,,,212
2010,administrative offense proceedings,"haulage, transport and associated logistics sector",bavaria,code09,,,,
2011,administrative offense proceedings,"haulage, transport and associated logistics sector",bavaria,code09,,,,
2012,administrative offense proceedings,"haulage, transport and associated logistics sector",bavaria,code09,,,,
2013,administrative offense proceedings,"haulage, transport and associated logistics sector",bavaria,code09,,,,
2014,administrative offense proceedings,"haulage, transport and associated logistics sector",bavaria,code09,,,,
2015,administrative offense proceedings,"haulage, transport and associated logistics sector",bavaria,code09,,,,
2016,administrative offense proceedings,"haulage, transport and associated logistics sector",bavaria,code09,,,,
2017,administrative offense proceedings,"haulage, transport and associated logistics sector",bavaria,code09,,,,
2018,administrative offense proceedings,"haulage, transport and associated logistics sector",bavaria,code09,,,,
2019,administrative offense proceedings,"haulage, transport and associated logistics sector",bavaria,code09,,,,
2020,administrative offense proceedings,"haulage, transport and associated logistics sector",bavaria,code09,,,,
2021,administrative offense proceedings,"haulage, transport and associated logistics sector",bavaria,code09,,,,
2022,administrative offense proceedings,"haulage, transport and associated logistics sector",bavaria,code09,,,,
2023,administrative offense proceedings,"haulage, transport and associated logistics sector",bavaria,code09,,,,
2024,administrative offense proceedings,"haulage, transport and associated logistics sector",bavaria,code09,,,,702
2025,administrative offense proceedings,"haulage, transport and associated logistics sector",bavaria,code09,,,,442
2010,administrative offense proceedings,,berlin,code11,,,,
2011,administrative offense proceedings,,berlin,code11,,,,
2012,administrative offense proceedings,,berlin,code11,,,,
2013,administrative offense proceedings,,berlin,code11,,,,
2014,administrative offense proceedings,,berlin,code11,,,,
2015,administrative offense proceedings,,berlin,code11,,,,
2016,administrative offense proceedings,,berlin,code11,,,,
2017,administrative offense proceedings,,berlin,code11,,,,
2018,administrative offense proceedings,,berlin,code11,,,,
2019,administrative offense proceedings,,berlin,code11,,,,
2020,administrative offense proceedings,,berlin,code11,,,,
2021,administrative offense proceedings,,berlin,code11,,,,
2022,administrative offense proceedings,,berlin,code11,,,,
2023,administrative offense proceedings,,berlin,code11,,,,
2024,administrative offense proceedings,,berlin,code11,,,,1714
2025,administrative offense proceedings,,berlin,code11,,,,2452
2010,administrative offense proceedings,construction sector,berlin,code11,,,,
2011,administrative offense proceedings,construction sector,berlin,code11,,,,
2012,administrative offense proceedings,construction sector,berlin,code11,,,,
2013,administrative offense proceedings,construction sector,berlin,code11,,,,
2014,administrative offense proceedings,construction sector,berlin,code11,,,,
2015,administrative offense proceedings,construction sector,berlin,code11,,,,
2016,administrative offense proceedings,construction sector,berlin,code11,,,,
2017,administrative offense proceedings,construction sector,berlin,code11,,,,
2018,administrative offense proceedings,construction sector,berlin,code11,,,,
2019,administrative offense proceedings,construction sector,berlin,code11,,,,
2020,administrative offense proceedings,construction sector,berlin,code11,,,,
2021,administrative offense proceedings,construction sector,berlin,code11,,,,
2022,administrative offense proceedings,construction sector,berlin,code11,,,,
2023,administrative offense proceedings,construction sector,berlin,code11,,,,
2024,administrative offense proceedings,construction sector,berlin,code11,,,,150
2025,administrative offense proceedings,construction sector,berlin,code11,,,,379
2010,administrative offense proceedings,catering and hotel sector,berlin,code11,,,,
2011,administrative offense proceedings,catering and hotel sector,berlin,code11,,,,
2012,administrative offense proceedings,catering and hotel sector,berlin,code11,,,,
2013,administrative offense proceedings,catering and hotel sector,berlin,code11,,,,
2014,administrative offense proceedings,catering and hotel sector,berlin,code11,,,,
2015,administrative offense proceedings,catering and hotel sector,berlin,code11,,,,
2016,administrative offense proceedings,catering and hotel sector,berlin,code11,,,,
2017,administrative offense proceedings,catering and hotel sector,berlin,code11,,,,
2018,administrative offense proceedings,catering and hotel sector,berlin,code11,,,,
2019,administrative offense proceedings,catering and hotel sector,berlin,code11,,,,
2020,administrative offense proceedings,catering and hotel sector,berlin,code11,,,,
2021,administrative offense proceedings,catering and hotel sector,berlin,code11,,,,
2022,administrative offense proceedings,catering and hotel sector,berlin,code11,,,,
2023,administrative offense proceedings,catering and hotel sector,berlin,code11,,,,
2024,administrative offense proceedings,catering and hotel sector,berlin,code11,,,,718
2025,administrative offense proceedings,catering and hotel sector,berlin,code11,,,,1038
2010,administrative offense proceedings,hairdressing and beauty sector,berlin,code11,,,,
2011,administrative offense proceedings,hairdressing and beauty sector,berlin,code11,,,,
2012,administrative offense proceedings,hairdressing and beauty sector,berlin,code11,,,,
2013,administrative offense proceedings,hairdressing and beauty sector,berlin,code11,,,,
2014,administrative offense proceedings,hairdressing and beauty sector,berlin,code11,,,,
2015,administrative offense proceedings,hairdressing and beauty sector,berlin,code11,,,,
2016,administrative offense proceedings,hairdressing and beauty sector,berlin,code11,,,,
2017,administrative offense proceedings,hairdressing and beauty sector,berlin,code11,,,,
2018,administrative offense proceedings,hairdressing and beauty sector,berlin,code11,,,,
2019,administrative offense proceedings,hairdressing and beauty sector,berlin,code11,,,,
2020,administrative offense proceedings,hairdressing and beauty sector,berlin,code11,,,,
2021,administrative offense proceedings,hairdressing and beauty sector,berlin,code11,,,,
2022,administrative offense proceedings,hairdressing and beauty sector,berlin,code11,,,,
2023,administrative offense proceedings,hairdressing and beauty sector,berlin,code11,,,,
2024,administrative offense proceedings,hairdressing and beauty sector,berlin,code11,,,,95
2025,administrative offense proceedings,hairdressing and beauty sector,berlin,code11,,,,117
2010,administrative offense proceedings,"haulage, transport and associated logistics sector",berlin,code11,,,,
2011,administrative offense proceedings,"haulage, transport and associated logistics sector",berlin,code11,,,,
2012,administrative offense proceedings,"haulage, transport and associated logistics sector",berlin,code11,,,,
2013,administrative offense proceedings,"haulage, transport and associated logistics sector",berlin,code11,,,,
2014,administrative offense proceedings,"haulage, transport and associated logistics sector",berlin,code11,,,,
2015,administrative offense proceedings,"haulage, transport and associated logistics sector",berlin,code11,,,,
2016,administrative offense proceedings,"haulage, transport and associated logistics sector",berlin,code11,,,,
2017,administrative offense proceedings,"haulage, transport and associated logistics sector",berlin,code11,,,,
2018,administrative offense proceedings,"haulage, transport and associated logistics sector",berlin,code11,,,,
2019,administrative offense proceedings,"haulage, transport and associated logistics sector",berlin,code11,,,,
2020,administrative offense proceedings,"haulage, transport and associated logistics sector",berlin,code11,,,,
2021,administrative offense proceedings,"haulage, transport and associated logistics sector",berlin,code11,,,,
2022,administrative offense proceedings,"haulage, transport and associated logistics sector",berlin,code11,,,,
2023,administrative offense proceedings,"haulage, transport and associated logistics sector",berlin,code11,,,,
2024,administrative offense proceedings,"haulage, transport and associated logistics sector",berlin,code11,,,,108
2025,administrative offense proceedings,"haulage, transport and associated logistics sector",berlin,code11,,,,143
2010,administrative offense proceedings,,brandenburg,code12,,,,
2011,administrative offense proceedings,,brandenburg,code12,,,,
2012,administrative offense proceedings,,brandenburg,code12,,,,
2013,administrative offense proceedings,,brandenburg,code12,,,,
2014,administrative offense proceedings,,brandenburg,code12,,,,
2015,administrative offense proceedings,,brandenburg,code12,,,,
2016,administrative offense proceedings,,brandenburg,code12,,,,
2017,administrative offense proceedings,,brandenburg,code12,,,,
2018,administrative offense proceedings,,brandenburg,code12,,,,
2019,administrative offense proceedings,,brandenburg,code12,,,,
2020,administrative offense proceedings,,brandenburg,code12,,,,
2021,administrative offense proceedings,,brandenburg,code12,,,,
2022,administrative offense proceedings,,brandenburg,code12,,,,
2023,administrative offense proceedings,,brandenburg,code12,,,,
2024,administrative offense proceedings,,brandenburg,code12,,,,1355
2025,administrative offense proceedings,,brandenburg,code12,,,,1335
2010,administrative offense proceedings,construction sector,brandenburg,code12,,,,
2011,administrative offense proceedings,construction sector,brandenburg,code12,,,,
2012,administrative offense proceedings,construction sector,brandenburg,code12,,,,
2013,administrative offense proceedings,construction sector,brandenburg,code12,,,,
2014,administrative offense proceedings,construction sector,brandenburg,code12,,,,
2015,administrative offense proceedings,construction sector,brandenburg,code12,,,,
2016,administrative offense proceedings,construction sector,brandenburg,code12,,,,
2017,administrative offense proceedings,construction sector,brandenburg,code12,,,,
2018,administrative offense proceedings,construction sector,brandenburg,code12,,,,
2019,administrative offense proceedings,construction sector,brandenburg,code12,,,,
2020,administrative offense proceedings,construction sector,brandenburg,code12,,,,
2021,administrative offense proceedings,construction sector,brandenburg,code12,,,,
2022,administrative offense proceedings,construction sector,brandenburg,code12,,,,
2023,administrative offense proceedings,construction sector,brandenburg,code12,,,,
2024,administrative offense proceedings,construction sector,brandenburg,code12,,,,195
2025,administrative offense proceedings,construction sector,brandenburg,code12,,,,175
2010,administrative offense proceedings,catering and hotel sector,brandenburg,code12,,,,
2011,administrative offense proceedings,catering and hotel sector,brandenburg,code12,,,,
2012,administrative offense proceedings,catering and hotel sector,brandenburg,code12,,,,
2013,administrative offense proceedings,catering and hotel sector,brandenburg,code12,,,,
2014,administrative offense proceedings,catering and hotel sector,brandenburg,code12,,,,
2015,administrative offense proceedings,catering and hotel sector,brandenburg,code12,,,,
2016,administrative offense proceedings,catering and hotel sector,brandenburg,code12,,,,
2017,administrative offense proceedings,catering and hotel sector,brandenburg,code12,,,,
2018,administrative offense proceedings,catering and hotel sector,brandenburg,code12,,,,
2019,administrative offense proceedings,catering and hotel sector,brandenburg,code12,,,,
2020,administrative offense proceedings,catering and hotel sector,brandenburg,code12,,,,
2021,administrative offense proceedings,catering and hotel sector,brandenburg,code12,,,,
2022,administrative offense proceedings,catering and hotel sector,brandenburg,code12,,,,
2023,administrative offense proceedings,catering and hotel sector,brandenburg,code12,,,,
2024,administrative offense proceedings,catering and hotel sector,brandenburg,code12,,,,320
2025,administrative offense proceedings,catering and hotel sector,brandenburg,code12,,,,398
2010,administrative offense proceedings,hairdressing and beauty sector,brandenburg,code12,,,,
2011,administrative offense proceedings,hairdressing and beauty sector,brandenburg,code12,,,,
2012,administrative offense proceedings,hairdressing and beauty sector,brandenburg,code12,,,,
2013,administrative offense proceedings,hairdressing and beauty sector,brandenburg,code12,,,,
2014,administrative offense proceedings,hairdressing and beauty sector,brandenburg,code12,,,,
2015,administrative offense proceedings,hairdressing and beauty sector,brandenburg,code12,,,,
2016,administrative offense proceedings,hairdressing and beauty sector,brandenburg,code12,,,,
2017,administrative offense proceedings,hairdressing and beauty sector,brandenburg,code12,,,,
2018,administrative offense proceedings,hairdressing and beauty sector,brandenburg,code12,,,,
2019,administrative offense proceedings,hairdressing and beauty sector,brandenburg,code12,,,,
2020,administrative offense proceedings,hairdressing and beauty sector,brandenburg,code12,,,,
2021,administrative offense proceedings,hairdressing and beauty sector,brandenburg,code12,,,,
2022,administrative offense proceedings,hairdressing and beauty sector,brandenburg,code12,,,,
2023,administrative offense proceedings,hairdressing and beauty sector,brandenburg,code12,,,,
2024,administrative offense proceedings,hairdressing and beauty sector,brandenburg,code12,,,,29
2025,administrative offense proceedings,hairdressing and beauty sector,brandenburg,code12,,,,54
2010,administrative offense proceedings,"haulage, transport and associated logistics sector",brandenburg,code12,,,,
2011,administrative offense proceedings,"haulage, transport and associated logistics sector",brandenburg,code12,,,,
2012,administrative offense proceedings,"haulage, transport and associated logistics sector",brandenburg,code12,,,,
2013,administrative offense proceedings,"haulage, transport and associated logistics sector",brandenburg,code12,,,,
2014,administrative offense proceedings,"haulage, transport and associated logistics sector",brandenburg,code12,,,,
2015,administrative offense proceedings,"haulage, transport and associated logistics sector",brandenburg,code12,,,,
2016,administrative offense proceedings,"haulage, transport and associated logistics sector",brandenburg,code12,,,,
2017,administrative offense proceedings,"haulage, transport and associated logistics sector",brandenburg,code12,,,,
2018,administrative offense proceedings,"haulage, transport and associated logistics sector",brandenburg,code12,,,,
2019,administrative offense proceedings,"haulage, transport and associated logistics sector",brandenburg,code12,,,,
2020,administrative offense proceedings,"haulage, transport and associated logistics sector",brandenburg,code12,,,,
2021,administrative offense proceedings,"haulage, transport and associated logistics sector",brandenburg,code12,,,,
2022,administrative offense proceedings,"haulage, transport and associated logistics sector",brandenburg,code12,,,,
2023,administrative offense proceedings,"haulage, transport and associated logistics sector",brandenburg,code12,,,,
2024,administrative offense proceedings,"haulage, transport and associated logistics sector",brandenburg,code12,,,,49
2025,administrative offense proceedings,"haulage, transport and associated logistics sector",brandenburg,code12,,,,87
2010,administrative offense proceedings,,bremen,code04,,,,
2011,administrative offense proceedings,,bremen,code04,,,,
2012,administrative offense proceedings,,bremen,code04,,,,
2013,administrative offense proceedings,,bremen,code04,,,,
2014,administrative offense proceedings,,bremen,code04,,,,
2015,administrative offense proceedings,,bremen,code04,,,,
2016,administrative offense proceedings,,bremen,code04,,,,
2017,administrative offense proceedings,,bremen,code04,,,,
2018,administrative offense proceedings,,bremen,code04,,,,
2019,administrative offense proceedings,,bremen,code04,,,,
2020,administrative offense proceedings,,bremen,code04,,,,
2021,administrative offense proceedings,,bremen,code04,,,,
2022,administrative offense proceedings,,bremen,code04,,,,
2023,administrative offense proceedings,,bremen,code04,,,,
2024,administrative offense proceedings,,bremen,code04,,,,2028
2025,administrative offense proceedings,,bremen,code04,,,,1649
2010,administrative offense proceedings,construction sector,bremen,code04,,,,
2011,administrative offense proceedings,construction sector,bremen,code04,,,,
2012,administrative offense proceedings,construction sector,bremen,code04,,,,
2013,administrative offense proceedings,construction sector,bremen,code04,,,,
2014,administrative offense proceedings,construction sector,bremen,code04,,,,
2015,administrative offense proceedings,construction sector,bremen,code04,,,,
2016,administrative offense proceedings,construction sector,bremen,code04,,,,
2017,administrative offense proceedings,construction sector,bremen,code04,,,,
2018,administrative offense proceedings,construction sector,bremen,code04,,,,
2019,administrative offense proceedings,construction sector,bremen,code04,,,,
2020,administrative offense proceedings,construction sector,bremen,code04,,,,
2021,administrative offense proceedings,construction sector,bremen,code04,,,,
2022,administrative offense proceedings,construction sector,bremen,code04,,,,
2023,administrative offense proceedings,construction sector,bremen,code04,,,,
2024,administrative offense proceedings,construction sector,bremen,code04,,,,183
2025,administrative offense proceedings,construction sector,bremen,code04,,,,192
2010,administrative offense proceedings,catering and hotel sector,bremen,code04,,,,
2011,administrative offense proceedings,catering and hotel sector,bremen,code04,,,,
2012,administrative offense proceedings,catering and hotel sector,bremen,code04,,,,
2013,administrative offense proceedings,catering and hotel sector,bremen,code04,,,,
2014,administrative offense proceedings,catering and hotel sector,bremen,code04,,,,
2015,administrative offense proceedings,catering and hotel sector,bremen,code04,,,,
2016,administrative offense proceedings,catering and hotel sector,bremen,code04,,,,
2017,administrative offense proceedings,catering and hotel sector,bremen,code04,,,,
2018,administrative offense proceedings,catering and hotel sector,bremen,code04,,,,
2019,administrative offense proceedings,catering and hotel sector,bremen,code04,,,,
2020,administrative offense proceedings,catering and hotel sector,bremen,code04,,,,
2021,administrative offense proceedings,catering and hotel sector,bremen,code04,,,,
2022,administrative offense proceedings,catering and hotel sector,bremen,code04,,,,
2023,administrative offense proceedings,catering and hotel sector,bremen,code04,,,,
2024,administrative offense proceedings,catering and hotel sector,bremen,code04,,,,338
2025,administrative offense proceedings,catering and hotel sector,bremen,code04,,,,361
2010,administrative offense proceedings,hairdressing and beauty sector,bremen,code04,,,,
2011,administrative offense proceedings,hairdressing and beauty sector,bremen,code04,,,,
2012,administrative offense proceedings,hairdressing and beauty sector,bremen,code04,,,,
2013,administrative offense proceedings,hairdressing and beauty sector,bremen,code04,,,,
2014,administrative offense proceedings,hairdressing and beauty sector,bremen,code04,,,,
2015,administrative offense proceedings,hairdressing and beauty sector,bremen,code04,,,,
2016,administrative offense proceedings,hairdressing and beauty sector,bremen,code04,,,,
2017,administrative offense proceedings,hairdressing and beauty sector,bremen,code04,,,,
2018,administrative offense proceedings,hairdressing and beauty sector,bremen,code04,,,,
2019,administrative offense proceedings,hairdressing and beauty sector,bremen,code04,,,,
2020,administrative offense proceedings,hairdressing and beauty sector,bremen,code04,,,,
2021,administrative offense proceedings,hairdressing and beauty sector,bremen,code04,,,,
2022,administrative offense proceedings,hairdressing and beauty sector,bremen,code04,,,,
2023,administrative offense proceedings,hairdressing and beauty sector,bremen,code04,,,,
2024,administrative offense proceedings,hairdressing and beauty sector,bremen,code04,,,,23
2025,administrative offense proceedings,hairdressing and beauty sector,bremen,code04,,,,35
2010,administrative offense proceedings,"haulage, transport and associated logistics sector",bremen,code04,,,,
2011,administrative offense proceedings,"haulage, transport and associated logistics sector",bremen,code04,,,,
2012,administrative offense proceedings,"haulage, transport and associated logistics sector",bremen,code04,,,,
2013,administrative offense proceedings,"haulage, transport and associated logistics sector",bremen,code04,,,,
2014,administrative offense proceedings,"haulage, transport and associated logistics sector",bremen,code04,,,,
2015,administrative offense proceedings,"haulage, transport and associated logistics sector",bremen,code04,,,,
2016,administrative offense proceedings,"haulage, transport and associated logistics sector",bremen,code04,,,,
2017,administrative offense proceedings,"haulage, transport and associated logistics sector",bremen,code04,,,,
2018,administrative offense proceedings,"haulage, transport and associated logistics sector",bremen,code04,,,,
2019,administrative offense proceedings,"haulage, transport and associated logistics sector",bremen,code04,,,,
2020,administrative offense proceedings,"haulage, transport and associated logistics sector",bremen,code04,,,,
2021,administrative offense proceedings,"haulage, transport and associated logistics sector",bremen,code04,,,,
2022,administrative offense proceedings,"haulage, transport and associated logistics sector",bremen,code04,,,,
2023,administrative offense proceedings,"haulage, transport and associated logistics sector",bremen,code04,,,,
2024,administrative offense proceedings,"haulage, transport and associated logistics sector",bremen,code04,,,,99
2025,administrative offense proceedings,"haulage, transport and associated logistics sector",bremen,code04,,,,47
2010,administrative offense proceedings,,hamburg,code02,,,,
2011,administrative offense proceedings,,hamburg,code02,,,,
2012,administrative offense proceedings,,hamburg,code02,,,,
2013,administrative offense proceedings,,hamburg,code02,,,,
2014,administrative offense proceedings,,hamburg,code02,,,,
2015,administrative offense proceedings,,hamburg,code02,,,,
2016,administrative offense proceedings,,hamburg,code02,,,,
2017,administrative offense proceedings,,hamburg,code02,,,,
2018,administrative offense proceedings,,hamburg,code02,,,,
2019,administrative offense proceedings,,hamburg,code02,,,,
2020,administrative offense proceedings,,hamburg,code02,,,,
2021,administrative offense proceedings,,hamburg,code02,,,,
2022,administrative offense proceedings,,hamburg,code02,,,,
2023,administrative offense proceedings,,hamburg,code02,,,,
2024,administrative offense proceedings,,hamburg,code02,,,,1234
2025,administrative offense proceedings,,hamburg,code02,,,,1619
2010,administrative offense proceedings,construction sector,hamburg,code02,,,,
2011,administrative offense proceedings,construction sector,hamburg,code02,,,,
2012,administrative offense proceedings,construction sector,hamburg,code02,,,,
2013,administrative offense proceedings,construction sector,hamburg,code02,,,,
2014,administrative offense proceedings,construction sector,hamburg,code02,,,,
2015,administrative offense proceedings,construction sector,hamburg,code02,,,,
2016,administrative offense proceedings,construction sector,hamburg,code02,,,,
2017,administrative offense proceedings,construction sector,hamburg,code02,,,,
2018,administrative offense proceedings,construction sector,hamburg,code02,,,,
2019,administrative offense proceedings,construction sector,hamburg,code02,,,,
2020,administrative offense proceedings,construction sector,hamburg,code02,,,,
2021,administrative offense proceedings,construction sector,hamburg,code02,,,,
2022,administrative offense proceedings,construction sector,hamburg,code02,,,,
2023,administrative offense proceedings,construction sector,hamburg,code02,,,,
2024,administrative offense proceedings,construction sector,hamburg,code02,,,,140
2025,administrative offense proceedings,construction sector,hamburg,code02,,,,103
2010,administrative offense proceedings,catering and hotel sector,hamburg,code02,,,,
2011,administrative offense proceedings,catering and hotel sector,hamburg,code02,,,,
2012,administrative offense proceedings,catering and hotel sector,hamburg,code02,,,,
2013,administrative offense proceedings,catering and hotel sector,hamburg,code02,,,,
2014,administrative offense proceedings,catering and hotel sector,hamburg,code02,,,,
2015,administrative offense proceedings,catering and hotel sector,hamburg,code02,,,,
2016,administrative offense proceedings,catering and hotel sector,hamburg,code02,,,,
2017,administrative offense proceedings,catering and hotel sector,hamburg,code02,,,,
2018,administrative offense proceedings,catering and hotel sector,hamburg,code02,,,,
2019,administrative offense proceedings,catering and hotel sector,hamburg,code02,,,,
2020,administrative offense proceedings,catering and hotel sector,hamburg,code02,,,,
2021,administrative offense proceedings,catering and hotel sector,hamburg,code02,,,,
2022,administrative offense proceedings,catering and hotel sector,hamburg,code02,,,,
2023,administrative offense proceedings,catering and hotel sector,hamburg,code02,,,,
2024,administrative offense proceedings,catering and hotel sector,hamburg,code02,,,,226
2025,administrative offense proceedings,catering and hotel sector,hamburg,code02,,,,262
2010,administrative offense proceedings,hairdressing and beauty sector,hamburg,code02,,,,
2011,administrative offense proceedings,hairdressing and beauty sector,hamburg,code02,,,,
2012,administrative offense proceedings,hairdressing and beauty sector,hamburg,code02,,,,
2013,administrative offense proceedings,hairdressing and beauty sector,hamburg,code02,,,,
2014,administrative offense proceedings,hairdressing and beauty sector,hamburg,code02,,,,
2015,administrative offense proceedings,hairdressing and beauty sector,hamburg,code02,,,,
2016,administrative offense proceedings,hairdressing and beauty sector,hamburg,code02,,,,
2017,administrative offense proceedings,hairdressing and beauty sector,hamburg,code02,,,,
2018,administrative offense proceedings,hairdressing and beauty sector,hamburg,code02,,,,
2019,administrative offense proceedings,hairdressing and beauty sector,hamburg,code02,,,,
2020,administrative offense proceedings,hairdressing and beauty sector,hamburg,code02,,,,
2021,administrative offense proceedings,hairdressing and beauty sector,hamburg,code02,,,,
2022,administrative offense proceedings,hairdressing and beauty sector,hamburg,code02,,,,
2023,administrative offense proceedings,hairdressing and beauty sector,hamburg,code02,,,,
2024,administrative offense proceedings,hairdressing and beauty sector,hamburg,code02,,,,40
2025,administrative offense proceedings,hairdressing and beauty sector,hamburg,code02,,,,56
2010,administrative offense proceedings,"haulage, transport and associated logistics sector",hamburg,code02,,,,
2011,administrative offense proceedings,"haulage, transport and associated logistics sector",hamburg,code02,,,,
2012,administrative offense proceedings,"haulage, transport and associated logistics sector",hamburg,code02,,,,
2013,administrative offense proceedings,"haulage, transport and associated logistics sector",hamburg,code02,,,,
2014,administrative offense proceedings,"haulage, transport and associated logistics sector",hamburg,code02,,,,
2015,administrative offense proceedings,"haulage, transport and associated logistics sector",hamburg,code02,,,,
2016,administrative offense proceedings,"haulage, transport and associated logistics sector",hamburg,code02,,,,
2017,administrative offense proceedings,"haulage, transport and associated logistics sector",hamburg,code02,,,,
2018,administrative offense proceedings,"haulage, transport and associated logistics sector",hamburg,code02,,,,
2019,administrative offense proceedings,"haulage, transport and associated logistics sector",hamburg,code02,,,,
2020,administrative offense proceedings,"haulage, transport and associated logistics sector",hamburg,code02,,,,
2021,administrative offense proceedings,"haulage, transport and associated logistics sector",hamburg,code02,,,,
2022,administrative offense proceedings,"haulage, transport and associated logistics sector",hamburg,code02,,,,
2023,administrative offense proceedings,"haulage, transport and associated logistics sector",hamburg,code02,,,,
2024,administrative offense proceedings,"haulage, transport and associated logistics sector",hamburg,code02,,,,90
2025,administrative offense proceedings,"haulage, transport and associated logistics sector",hamburg,code02,,,,120
2010,administrative offense proceedings,,hesse,code06,,,,
2011,administrative offense proceedings,,hesse,code06,,,,
2012,administrative offense proceedings,,hesse,code06,,,,
2013,administrative offense proceedings,,hesse,code06,,,,
2014,administrative offense proceedings,,hesse,code06,,,,
2015,administrative offense proceedings,,hesse,code06,,,,
2016,administrative offense proceedings,,hesse,code06,,,,
2017,administrative offense proceedings,,hesse,code06,,,,
2018,administrative offense proceedings,,hesse,code06,,,,
2019,administrative offense proceedings,,hesse,code06,,,,
2020,administrative offense proceedings,,hesse,code06,,,,
2021,administrative offense proceedings,,hesse,code06,,,,
2022,administrative offense proceedings,,hesse,code06,,,,
2023,administrative offense proceedings,,hesse,code06,,,,
2024,administrative offense proceedings,,hesse,code06,,,,4383
2025,administrative offense proceedings,,hesse,code06,,,,4611
2010,administrative offense proceedings,construction sector,hesse,code06,,,,
2011,administrative offense proceedings,construction sector,hesse,code06,,,,
2012,administrative offense proceedings,construction sector,hesse,code06,,,,
2013,administrative offense proceedings,construction sector,hesse,code06,,,,
2014,administrative offense proceedings,construction sector,hesse,code06,,,,
2015,administrative offense proceedings,construction sector,hesse,code06,,,,
2016,administrative offense proceedings,construction sector,hesse,code06,,,,
2017,administrative offense proceedings,construction sector,hesse,code06,,,,
2018,administrative offense proceedings,construction sector,hesse,code06,,,,
2019,administrative offense proceedings,construction sector,hesse,code06,,,,
2020,administrative offense proceedings,construction sector,hesse,code06,,,,
2021,administrative offense proceedings,construction sector,hesse,code06,,,,
2022,administrative offense proceedings,construction sector,hesse,code06,,,,
2023,administrative offense proceedings,construction sector,hesse,code06,,,,
2024,administrative offense proceedings,construction sector,hesse,code06,,,,870
2025,administrative offense proceedings,construction sector,hesse,code06,,,,788
2010,administrative offense proceedings,catering and hotel sector,hesse,code06,,,,
2011,administrative offense proceedings,catering and hotel sector,hesse,code06,,,,
2012,administrative offense proceedings,catering and hotel sector,hesse,code06,,,,
2013,administrative offense proceedings,catering and hotel sector,hesse,code06,,,,
2014,administrative offense proceedings,catering and hotel sector,hesse,code06,,,,
2015,administrative offense proceedings,catering and hotel sector,hesse,code06,,,,
2016,administrative offense proceedings,catering and hotel sector,hesse,code06,,,,
2017,administrative offense proceedings,catering and hotel sector,hesse,code06,,,,
2018,administrative offense proceedings,catering and hotel sector,hesse,code06,,,,
2019,administrative offense proceedings,catering and hotel sector,hesse,code06,,,,
2020,administrative offense proceedings,catering and hotel sector,hesse,code06,,,,
2021,administrative offense proceedings,catering and hotel sector,hesse,code06,,,,
2022,administrative offense proceedings,catering and hotel sector,hesse,code06,,,,
2023,administrative offense proceedings,catering and hotel sector,hesse,code06,,,,
2024,administrative offense proceedings,catering and hotel sector,hesse,code06,,,,843
2025,administrative offense proceedings,catering and hotel sector,hesse,code06,,,,922
2010,administrative offense proceedings,hairdressing and beauty sector,hesse,code06,,,,
2011,administrative offense proceedings,hairdressing and beauty sector,hesse,code06,,,,
2012,administrative offense proceedings,hairdressing and beauty sector,hesse,code06,,,,
2013,administrative offense proceedings,hairdressing and beauty sector,hesse,code06,,,,
2014,administrative offense proceedings,hairdressing and beauty sector,hesse,code06,,,,
2015,administrative offense proceedings,hairdressing and beauty sector,hesse,code06,,,,
2016,administrative offense proceedings,hairdressing and beauty sector,hesse,code06,,,,
2017,administrative offense proceedings,hairdressing and beauty sector,hesse,code06,,,,
2018,administrative offense proceedings,hairdressing and beauty sector,hesse,code06,,,,
2019,administrative offense proceedings,hairdressing and beauty sector,hesse,code06,,,,
2020,administrative offense proceedings,hairdressing and beauty sector,hesse,code06,,,,
2021,administrative offense proceedings,hairdressing and beauty sector,hesse,code06,,,,
2022,administrative offense proceedings,hairdressing and beauty sector,hesse,code06,,,,
2023,administrative offense proceedings,hairdressing and beauty sector,hesse,code06,,,,
2024,administrative offense proceedings,hairdressing and beauty sector,hesse,code06,,,,89
2025,administrative offense proceedings,hairdressing and beauty sector,hesse,code06,,,,163
2010,administrative offense proceedings,"haulage, transport and associated logistics sector",hesse,code06,,,,
2011,administrative offense proceedings,"haulage, transport and associated logistics sector",hesse,code06,,,,
2012,administrative offense proceedings,"haulage, transport and associated logistics sector",hesse,code06,,,,
2013,administrative offense proceedings,"haulage, transport and associated logistics sector",hesse,code06,,,,
2014,administrative offense proceedings,"haulage, transport and associated logistics sector",hesse,code06,,,,
2015,administrative offense proceedings,"haulage, transport and associated logistics sector",hesse,code06,,,,
2016,administrative offense proceedings,"haulage, transport and associated logistics sector",hesse,code06,,,,
2017,administrative offense proceedings,"haulage, transport and associated logistics sector",hesse,code06,,,,
2018,administrative offense proceedings,"haulage, transport and associated logistics sector",hesse,code06,,,,
2019,administrative offense proceedings,"haulage, transport and associated logistics sector",hesse,code06,,,,
2020,administrative offense proceedings,"haulage, transport and associated logistics sector",hesse,code06,,,,
2021,administrative offense proceedings,"haulage, transport and associated logistics sector",hesse,code06,,,,
2022,administrative offense proceedings,"haulage, transport and associated logistics sector",hesse,code06,,,,
2023,administrative offense proceedings,"haulage, transport and associated logistics sector",hesse,code06,,,,
2024,administrative offense proceedings,"haulage, transport and associated logistics sector",hesse,code06,,,,317
2025,administrative offense proceedings,"haulage, transport and associated logistics sector",hesse,code06,,,,326
2010,administrative offense proceedings,,mecklenburg western pomerania,code13,,,,
2011,administrative offense proceedings,,mecklenburg western pomerania,code13,,,,
2012,administrative offense proceedings,,mecklenburg western pomerania,code13,,,,
2013,administrative offense proceedings,,mecklenburg western pomerania,code13,,,,
2014,administrative offense proceedings,,mecklenburg western pomerania,code13,,,,
2015,administrative offense proceedings,,mecklenburg western pomerania,code13,,,,
2016,administrative offense proceedings,,mecklenburg western pomerania,code13,,,,
2017,administrative offense proceedings,,mecklenburg western pomerania,code13,,,,
2018,administrative offense proceedings,,mecklenburg western pomerania,code13,,,,
2019,administrative offense proceedings,,mecklenburg western pomerania,code13,,,,
2020,administrative offense proceedings,,mecklenburg western pomerania,code13,,,,
2021,administrative offense proceedings,,mecklenburg western pomerania,code13,,,,
2022,administrative offense proceedings,,mecklenburg western pomerania,code13,,,,
2023,administrative offense proceedings,,mecklenburg western pomerania,code13,,,,
2024,administrative offense proceedings,,mecklenburg western pomerania,code13,,,,759
2025,administrative offense proceedings,,mecklenburg western pomerania,code13,,,,902
2010,administrative offense proceedings,construction sector,mecklenburg western pomerania,code13,,,,
2011,administrative offense proceedings,construction sector,mecklenburg western pomerania,code13,,,,
2012,administrative offense proceedings,construction sector,mecklenburg western pomerania,code13,,,,
2013,administrative offense proceedings,construction sector,mecklenburg western pomerania,code13,,,,
2014,administrative offense proceedings,construction sector,mecklenburg western pomerania,code13,,,,
2015,administrative offense proceedings,construction sector,mecklenburg western pomerania,code13,,,,
2016,administrative offense proceedings,construction sector,mecklenburg western pomerania,code13,,,,
2017,administrative offense proceedings,construction sector,mecklenburg western pomerania,code13,,,,
2018,administrative offense proceedings,construction sector,mecklenburg western pomerania,code13,,,,
2019,administrative offense proceedings,construction sector,mecklenburg western pomerania,code13,,,,
2020,administrative offense proceedings,construction sector,mecklenburg western pomerania,code13,,,,
2021,administrative offense proceedings,construction sector,mecklenburg western pomerania,code13,,,,
2022,administrative offense proceedings,construction sector,mecklenburg western pomerania,code13,,,,
2023,administrative offense proceedings,construction sector,mecklenburg western pomerania,code13,,,,
2024,administrative offense proceedings,construction sector,mecklenburg western pomerania,code13,,,,36
2025,administrative offense proceedings,construction sector,mecklenburg western pomerania,code13,,,,62
2010,administrative offense proceedings,catering and hotel sector,mecklenburg western pomerania,code13,,,,
2011,administrative offense proceedings,catering and hotel sector,mecklenburg western pomerania,code13,,,,
2012,administrative offense proceedings,catering and hotel sector,mecklenburg western pomerania,code13,,,,
2013,administrative offense proceedings,catering and hotel sector,mecklenburg western pomerania,code13,,,,
2014,administrative offense proceedings,catering and hotel sector,mecklenburg western pomerania,code13,,,,
2015,administrative offense proceedings,catering and hotel sector,mecklenburg western pomerania,code13,,,,
2016,administrative offense proceedings,catering and hotel sector,mecklenburg western pomerania,code13,,,,
2017,administrative offense proceedings,catering and hotel sector,mecklenburg western pomerania,code13,,,,
2018,administrative offense proceedings,catering and hotel sector,mecklenburg western pomerania,code13,,,,
2019,administrative offense proceedings,catering and hotel sector,mecklenburg western pomerania,code13,,,,
2020,administrative offense proceedings,catering and hotel sector,mecklenburg western pomerania,code13,,,,
2021,administrative offense proceedings,catering and hotel sector,mecklenburg western pomerania,code13,,,,
2022,administrative offense proceedings,catering and hotel sector,mecklenburg western pomerania,code13,,,,
2023,administrative offense proceedings,catering and hotel sector,mecklenburg western pomerania,code13,,,,
2024,administrative offense proceedings,catering and hotel sector,mecklenburg western pomerania,code13,,,,243
2025,administrative offense proceedings,catering and hotel sector,mecklenburg western pomerania,code13,,,,210
2010,administrative offense proceedings,hairdressing and beauty sector,mecklenburg western pomerania,code13,,,,
2011,administrative offense proceedings,hairdressing and beauty sector,mecklenburg western pomerania,code13,,,,
2012,administrative offense proceedings,hairdressing and beauty sector,mecklenburg western pomerania,code13,,,,
2013,administrative offense proceedings,hairdressing and beauty sector,mecklenburg western pomerania,code13,,,,
2014,administrative offense proceedings,hairdressing and beauty sector,mecklenburg western pomerania,code13,,,,
2015,administrative offense proceedings,hairdressing and beauty sector,mecklenburg western pomerania,code13,,,,
2016,administrative offense proceedings,hairdressing and beauty sector,mecklenburg western pomerania,code13,,,,
2017,administrative offense proceedings,hairdressing and beauty sector,mecklenburg western pomerania,code13,,,,
2018,administrative offense proceedings,hairdressing and beauty sector,mecklenburg western pomerania,code13,,,,
2019,administrative offense proceedings,hairdressing and beauty sector,mecklenburg western pomerania,code13,,,,
2020,administrative offense proceedings,hairdressing and beauty sector,mecklenburg western pomerania,code13,,,,
2021,administrative offense proceedings,hairdressing and beauty sector,mecklenburg western pomerania,code13,,,,
2022,administrative offense proceedings,hairdressing and beauty sector,mecklenburg western pomerania,code13,,,,
2023,administrative offense proceedings,hairdressing and beauty sector,mecklenburg western pomerania,code13,,,,
2024,administrative offense proceedings,hairdressing and beauty sector,mecklenburg western pomerania,code13,,,,64
2025,administrative offense proceedings,hairdressing and beauty sector,mecklenburg western pomerania,code13,,,,35
2010,administrative offense proceedings,"haulage, transport and associated logistics sector",mecklenburg western pomerania,code13,,,,
2011,administrative offense proceedings,"haulage, transport and associated logistics sector",mecklenburg western pomerania,code13,,,,
2012,administrative offense proceedings,"haulage, transport and associated logistics sector",mecklenburg western pomerania,code13,,,,
2013,administrative offense proceedings,"haulage, transport and associated logistics sector",mecklenburg western pomerania,code13,,,,
2014,administrative offense proceedings,"haulage, transport and associated logistics sector",mecklenburg western pomerania,code13,,,,
2015,administrative offense proceedings,"haulage, transport and associated logistics sector",mecklenburg western pomerania,code13,,,,
2016,administrative offense proceedings,"haulage, transport and associated logistics sector",mecklenburg western pomerania,code13,,,,
2017,administrative offense proceedings,"haulage, transport and associated logistics sector",mecklenburg western pomerania,code13,,,,
2018,administrative offense proceedings,"haulage, transport and associated logistics sector",mecklenburg western pomerania,code13,,,,
2019,administrative offense proceedings,"haulage, transport and associated logistics sector",mecklenburg western pomerania,code13,,,,
2020,administrative offense proceedings,"haulage, transport and associated logistics sector",mecklenburg western pomerania,code13,,,,
2021,administrative offense proceedings,"haulage, transport and associated logistics sector",mecklenburg western pomerania,code13,,,,
2022,administrative offense proceedings,"haulage, transport and associated logistics sector",mecklenburg western pomerania,code13,,,,
2023,administrative offense proceedings,"haulage, transport and associated logistics sector",mecklenburg western pomerania,code13,,,,
2024,administrative offense proceedings,"haulage, transport and associated logistics sector",mecklenburg western pomerania,code13,,,,34
2025,administrative offense proceedings,"haulage, transport and associated logistics sector",mecklenburg western pomerania,code13,,,,9
2010,administrative offense proceedings,,lower saxony,code03,,,,
2011,administrative offense proceedings,,lower saxony,code03,,,,
2012,administrative offense proceedings,,lower saxony,code03,,,,
2013,administrative offense proceedings,,lower saxony,code03,,,,
2014,administrative offense proceedings,,lower saxony,code03,,,,
2015,administrative offense proceedings,,lower saxony,code03,,,,
2016,administrative offense proceedings,,lower saxony,code03,,,,
2017,administrative offense proceedings,,lower saxony,code03,,,,
2018,administrative offense proceedings,,lower saxony,code03,,,,
2019,administrative offense proceedings,,lower saxony,code03,,,,
2020,administrative offense proceedings,,lower saxony,code03,,,,
2021,administrative offense proceedings,,lower saxony,code03,,,,
2022,administrative offense proceedings,,lower saxony,code03,,,,
2023,administrative offense proceedings,,lower saxony,code03,,,,
2024,administrative offense proceedings,,lower saxony,code03,,,,3447
2025,administrative offense proceedings,,lower saxony,code03,,,,4180
2010,administrative offense proceedings,construction sector,lower saxony,code03,,,,
2011,administrative offense proceedings,construction sector,lower saxony,code03,,,,
2012,administrative offense proceedings,construction sector,lower saxony,code03,,,,
2013,administrative offense proceedings,construction sector,lower saxony,code03,,,,
2014,administrative offense proceedings,construction sector,lower saxony,code03,,,,
2015,administrative offense proceedings,construction sector,lower saxony,code03,,,,
2016,administrative offense proceedings,construction sector,lower saxony,code03,,,,
2017,administrative offense proceedings,construction sector,lower saxony,code03,,,,
2018,administrative offense proceedings,construction sector,lower saxony,code03,,,,
2019,administrative offense proceedings,construction sector,lower saxony,code03,,,,
2020,administrative offense proceedings,construction sector,lower saxony,code03,,,,
2021,administrative offense proceedings,construction sector,lower saxony,code03,,,,
2022,administrative offense proceedings,construction sector,lower saxony,code03,,,,
2023,administrative offense proceedings,construction sector,lower saxony,code03,,,,
2024,administrative offense proceedings,construction sector,lower saxony,code03,,,,541
2025,administrative offense proceedings,construction sector,lower saxony,code03,,,,598
2010,administrative offense proceedings,catering and hotel sector,lower saxony,code03,,,,
2011,administrative offense proceedings,catering and hotel sector,lower saxony,code03,,,,
2012,administrative offense proceedings,catering and hotel sector,lower saxony,code03,,,,
2013,administrative offense proceedings,catering and hotel sector,lower saxony,code03,,,,
2014,administrative offense proceedings,catering and hotel sector,lower saxony,code03,,,,
2015,administrative offense proceedings,catering and hotel sector,lower saxony,code03,,,,
2016,administrative offense proceedings,catering and hotel sector,lower saxony,code03,,,,
2017,administrative offense proceedings,catering and hotel sector,lower saxony,code03,,,,
2018,administrative offense proceedings,catering and hotel sector,lower saxony,code03,,,,
2019,administrative offense proceedings,catering and hotel sector,lower saxony,code03,,,,
2020,administrative offense proceedings,catering and hotel sector,lower saxony,code03,,,,
2021,administrative offense proceedings,catering and hotel sector,lower saxony,code03,,,,
2022,administrative offense proceedings,catering and hotel sector,lower saxony,code03,,,,
2023,administrative offense proceedings,catering and hotel sector,lower saxony,code03,,,,
2024,administrative offense proceedings,catering and hotel sector,lower saxony,code03,,,,1130
2025,administrative offense proceedings,catering and hotel sector,lower saxony,code03,,,,1438
2010,administrative offense proceedings,hairdressing and beauty sector,lower saxony,code03,,,,
2011,administrative offense proceedings,hairdressing and beauty sector,lower saxony,code03,,,,
2012,administrative offense proceedings,hairdressing and beauty sector,lower saxony,code03,,,,
2013,administrative offense proceedings,hairdressing and beauty sector,lower saxony,code03,,,,
2014,administrative offense proceedings,hairdressing and beauty sector,lower saxony,code03,,,,
2015,administrative offense proceedings,hairdressing and beauty sector,lower saxony,code03,,,,
2016,administrative offense proceedings,hairdressing and beauty sector,lower saxony,code03,,,,
2017,administrative offense proceedings,hairdressing and beauty sector,lower saxony,code03,,,,
2018,administrative offense proceedings,hairdressing and beauty sector,lower saxony,code03,,,,
2019,administrative offense proceedings,hairdressing and beauty sector,lower saxony,code03,,,,
2020,administrative offense proceedings,hairdressing and beauty sector,lower saxony,code03,,,,
2021,administrative offense proceedings,hairdressing and beauty sector,lower saxony,code03,,,,
2022,administrative offense proceedings,hairdressing and beauty sector,lower saxony,code03,,,,
2023,administrative offense proceedings,hairdressing and beauty sector,lower saxony,code03,,,,
2024,administrative offense proceedings,hairdressing and beauty sector,lower saxony,code03,,,,79
2025,administrative offense proceedings,hairdressing and beauty sector,lower saxony,code03,,,,172
2010,administrative offense proceedings,"haulage, transport and associated logistics sector",lower saxony,code03,,,,
2011,administrative offense proceedings,"haulage, transport and associated logistics sector",lower saxony,code03,,,,
2012,administrative offense proceedings,"haulage, transport and associated logistics sector",lower saxony,code03,,,,
2013,administrative offense proceedings,"haulage, transport and associated logistics sector",lower saxony,code03,,,,
2014,administrative offense proceedings,"haulage, transport and associated logistics sector",lower saxony,code03,,,,
2015,administrative offense proceedings,"haulage, transport and associated logistics sector",lower saxony,code03,,,,
2016,administrative offense proceedings,"haulage, transport and associated logistics sector",lower saxony,code03,,,,
2017,administrative offense proceedings,"haulage, transport and associated logistics sector",lower saxony,code03,,,,
2018,administrative offense proceedings,"haulage, transport and associated logistics sector",lower saxony,code03,,,,
2019,administrative offense proceedings,"haulage, transport and associated logistics sector",lower saxony,code03,,,,
2020,administrative offense proceedings,"haulage, transport and associated logistics sector",lower saxony,code03,,,,
2021,administrative offense proceedings,"haulage, transport and associated logistics sector",lower saxony,code03,,,,
2022,administrative offense proceedings,"haulage, transport and associated logistics sector",lower saxony,code03,,,,
2023,administrative offense proceedings,"haulage, transport and associated logistics sector",lower saxony,code03,,,,
2024,administrative offense proceedings,"haulage, transport and associated logistics sector",lower saxony,code03,,,,208
2025,administrative offense proceedings,"haulage, transport and associated logistics sector",lower saxony,code03,,,,253
2010,administrative offense proceedings,,north rhine-westphalia,code05,,,,
2011,administrative offense proceedings,,north rhine-westphalia,code05,,,,
2012,administrative offense proceedings,,north rhine-westphalia,code05,,,,
2013,administrative offense proceedings,,north rhine-westphalia,code05,,,,
2014,administrative offense proceedings,,north rhine-westphalia,code05,,,,
2015,administrative offense proceedings,,north rhine-westphalia,code05,,,,
2016,administrative offense proceedings,,north rhine-westphalia,code05,,,,
2017,administrative offense proceedings,,north rhine-westphalia,code05,,,,
2018,administrative offense proceedings,,north rhine-westphalia,code05,,,,
2019,administrative offense proceedings,,north rhine-westphalia,code05,,,,
2020,administrative offense proceedings,,north rhine-westphalia,code05,,,,
2021,administrative offense proceedings,,north rhine-westphalia,code05,,,,
2022,administrative offense proceedings,,north rhine-westphalia,code05,,,,
2023,administrative offense proceedings,,north rhine-westphalia,code05,,,,
2024,administrative offense proceedings,,north rhine-westphalia,code05,,,,10079
2025,administrative offense proceedings,,north rhine-westphalia,code05,,,,11214
2010,administrative offense proceedings,construction sector,north rhine-westphalia,code05,,,,
2011,administrative offense proceedings,construction sector,north rhine-westphalia,code05,,,,
2012,administrative offense proceedings,construction sector,north rhine-westphalia,code05,,,,
2013,administrative offense proceedings,construction sector,north rhine-westphalia,code05,,,,
2014,administrative offense proceedings,construction sector,north rhine-westphalia,code05,,,,
2015,administrative offense proceedings,construction sector,north rhine-westphalia,code05,,,,
2016,administrative offense proceedings,construction sector,north rhine-westphalia,code05,,,,
2017,administrative offense proceedings,construction sector,north rhine-westphalia,code05,,,,
2018,administrative offense proceedings,construction sector,north rhine-westphalia,code05,,,,
2019,administrative offense proceedings,construction sector,north rhine-westphalia,code05,,,,
2020,administrative offense proceedings,construction sector,north rhine-westphalia,code05,,,,
2021,administrative offense proceedings,construction sector,north rhine-westphalia,code05,,,,
2022,administrative offense proceedings,construction sector,north rhine-westphalia,code05,,,,
2023,administrative offense proceedings,construction sector,north rhine-westphalia,code05,,,,
2024,administrative offense proceedings,construction sector,north rhine-westphalia,code05,,,,1402
2025,administrative offense proceedings,construction sector,north rhine-westphalia,code05,,,,1414
2010,administrative offense proceedings,catering and hotel sector,north rhine-westphalia,code05,,,,
2011,administrative offense proceedings,catering and hotel sector,north rhine-westphalia,code05,,,,
2012,administrative offense proceedings,catering and hotel sector,north rhine-westphalia,code05,,,,
2013,administrative offense proceedings,catering and hotel sector,north rhine-westphalia,code05,,,,
2014,administrative offense proceedings,catering and hotel sector,north rhine-westphalia,code05,,,,
2015,administrative offense proceedings,catering and hotel sector,north rhine-westphalia,code05,,,,
2016,administrative offense proceedings,catering and hotel sector,north rhine-westphalia,code05,,,,
2017,administrative offense proceedings,catering and hotel sector,north rhine-westphalia,code05,,,,
2018,administrative offense proceedings,catering and hotel sector,north rhine-westphalia,code05,,,,
2019,administrative offense proceedings,catering and hotel sector,north rhine-westphalia,code05,,,,
2020,administrative offense proceedings,catering and hotel sector,north rhine-westphalia,code05,,,,
2021,administrative offense proceedings,catering and hotel sector,north rhine-westphalia,code05,,,,
2022,administrative offense proceedings,catering and hotel sector,north rhine-westphalia,code05,,,,
2023,administrative offense proceedings,catering and hotel sector,north rhine-westphalia,code05,,,,
2024,administrative offense proceedings,catering and hotel sector,north rhine-westphalia,code05,,,,2313
2025,administrative offense proceedings,catering and hotel sector,north rhine-westphalia,code05,,,,2586
2010,administrative offense proceedings,hairdressing and beauty sector,north rhine-westphalia,code05,,,,
2011,administrative offense proceedings,hairdressing and beauty sector,north rhine-westphalia,code05,,,,
2012,administrative offense proceedings,hairdressing and beauty sector,north rhine-westphalia,code05,,,,
2013,administrative offense proceedings,hairdressing and beauty sector,north rhine-westphalia,code05,,,,
2014,administrative offense proceedings,hairdressing and beauty sector,north rhine-westphalia,code05,,,,
2015,administrative offense proceedings,hairdressing and beauty sector,north rhine-westphalia,code05,,,,
2016,administrative offense proceedings,hairdressing and beauty sector,north rhine-westphalia,code05,,,,
2017,administrative offense proceedings,hairdressing and beauty sector,north rhine-westphalia,code05,,,,
2018,administrative offense proceedings,hairdressing and beauty sector,north rhine-westphalia,code05,,,,
2019,administrative offense proceedings,hairdressing and beauty sector,north rhine-westphalia,code05,,,,
2020,administrative offense proceedings,hairdressing and beauty sector,north rhine-westphalia,code05,,,,
2021,administrative offense proceedings,hairdressing and beauty sector,north rhine-westphalia,code05,,,,
2022,administrative offense proceedings,hairdressing and beauty sector,north rhine-westphalia,code05,,,,
2023,administrative offense proceedings,hairdressing and beauty sector,north rhine-westphalia,code05,,,,
2024,administrative offense proceedings,hairdressing and beauty sector,north rhine-westphalia,code05,,,,354
2025,administrative offense proceedings,hairdressing and beauty sector,north rhine-westphalia,code05,,,,402
2010,administrative offense proceedings,"haulage, transport and associated logistics sector",north rhine-westphalia,code05,,,,
2011,administrative offense proceedings,"haulage, transport and associated logistics sector",north rhine-westphalia,code05,,,,
2012,administrative offense proceedings,"haulage, transport and associated logistics sector",north rhine-westphalia,code05,,,,
2013,administrative offense proceedings,"haulage, transport and associated logistics sector",north rhine-westphalia,code05,,,,
2014,administrative offense proceedings,"haulage, transport and associated logistics sector",north rhine-westphalia,code05,,,,
2015,administrative offense proceedings,"haulage, transport and associated logistics sector",north rhine-westphalia,code05,,,,
2016,administrative offense proceedings,"haulage, transport and associated logistics sector",north rhine-westphalia,code05,,,,
2017,administrative offense proceedings,"haulage, transport and associated logistics sector",north rhine-westphalia,code05,,,,
2018,administrative offense proceedings,"haulage, transport and associated logistics sector",north rhine-westphalia,code05,,,,
2019,administrative offense proceedings,"haulage, transport and associated logistics sector",north rhine-westphalia,code05,,,,
2020,administrative offense proceedings,"haulage, transport and associated logistics sector",north rhine-westphalia,code05,,,,
2021,administrative offense proceedings,"haulage, transport and associated logistics sector",north rhine-westphalia,code05,,,,
2022,administrative offense proceedings,"haulage, transport and associated logistics sector",north rhine-westphalia,code05,,,,
2023,administrative offense proceedings,"haulage, transport and associated logistics sector",north rhine-westphalia,code05,,,,
2024,administrative offense proceedings,"haulage, transport and associated logistics sector",north rhine-westphalia,code05,,,,572
2025,administrative offense proceedings,"haulage, transport and associated logistics sector",north rhine-westphalia,code05,,,,737
2010,administrative offense proceedings,,rhineland palatinate,code07,,,,
2011,administrative offense proceedings,,rhineland palatinate,code07,,,,
2012,administrative offense proceedings,,rhineland palatinate,code07,,,,
2013,administrative offense proceedings,,rhineland palatinate,code07,,,,
2014,administrative offense proceedings,,rhineland palatinate,code07,,,,
2015,administrative offense proceedings,,rhineland palatinate,code07,,,,
2016,administrative offense proceedings,,rhineland palatinate,code07,,,,
2017,administrative offense proceedings,,rhineland palatinate,code07,,,,
2018,administrative offense proceedings,,rhineland palatinate,code07,,,,
2019,administrative offense proceedings,,rhineland palatinate,code07,,,,
2020,administrative offense proceedings,,rhineland palatinate,code07,,,,
2021,administrative offense proceedings,,rhineland palatinate,code07,,,,
2022,administrative offense proceedings,,rhineland palatinate,code07,,,,
2023,administrative offense proceedings,,rhineland palatinate,code07,,,,
2024,administrative offense proceedings,,rhineland palatinate,code07,,,,2230
2025,administrative offense proceedings,,rhineland palatinate,code07,,,,2407
2010,administrative offense proceedings,construction sector,rhineland palatinate,code07,,,,
2011,administrative offense proceedings,construction sector,rhineland palatinate,code07,,,,
2012,administrative offense proceedings,construction sector,rhineland palatinate,code07,,,,
2013,administrative offense proceedings,construction sector,rhineland palatinate,code07,,,,
2014,administrative offense proceedings,construction sector,rhineland palatinate,code07,,,,
2015,administrative offense proceedings,construction sector,rhineland palatinate,code07,,,,
2016,administrative offense proceedings,construction sector,rhineland palatinate,code07,,,,
2017,administrative offense proceedings,construction sector,rhineland palatinate,code07,,,,
2018,administrative offense proceedings,construction sector,rhineland palatinate,code07,,,,
2019,administrative offense proceedings,construction sector,rhineland palatinate,code07,,,,
2020,administrative offense proceedings,construction sector,rhineland palatinate,code07,,,,
2021,administrative offense proceedings,construction sector,rhineland palatinate,code07,,,,
2022,administrative offense proceedings,construction sector,rhineland palatinate,code07,,,,
2023,administrative offense proceedings,construction sector,rhineland palatinate,code07,,,,
2024,administrative offense proceedings,construction sector,rhineland palatinate,code07,,,,379
2025,administrative offense proceedings,construction sector,rhineland palatinate,code07,,,,346
2010,administrative offense proceedings,catering and hotel sector,rhineland palatinate,code07,,,,
2011,administrative offense proceedings,catering and hotel sector,rhineland palatinate,code07,,,,
2012,administrative offense proceedings,catering and hotel sector,rhineland palatinate,code07,,,,
2013,administrative offense proceedings,catering and hotel sector,rhineland palatinate,code07,,,,
2014,administrative offense proceedings,catering and hotel sector,rhineland palatinate,code07,,,,
2015,administrative offense proceedings,catering and hotel sector,rhineland palatinate,code07,,,,
2016,administrative offense proceedings,catering and hotel sector,rhineland palatinate,code07,,,,
2017,administrative offense proceedings,catering and hotel sector,rhineland palatinate,code07,,,,
2018,administrative offense proceedings,catering and hotel sector,rhineland palatinate,code07,,,,
2019,administrative offense proceedings,catering and hotel sector,rhineland palatinate,code07,,,,
2020,administrative offense proceedings,catering and hotel sector,rhineland palatinate,code07,,,,
2021,administrative offense proceedings,catering and hotel sector,rhineland palatinate,code07,,,,
2022,administrative offense proceedings,catering and hotel sector,rhineland palatinate,code07,,,,
2023,administrative offense proceedings,catering and hotel sector,rhineland palatinate,code07,,,,
2024,administrative offense proceedings,catering and hotel sector,rhineland palatinate,code07,,,,505
2025,administrative offense proceedings,catering and hotel sector,rhineland palatinate,code07,,,,631
2010,administrative offense proceedings,hairdressing and beauty sector,rhineland palatinate,code07,,,,
2011,administrative offense proceedings,hairdressing and beauty sector,rhineland palatinate,code07,,,,
2012,administrative offense proceedings,hairdressing and beauty sector,rhineland palatinate,code07,,,,
2013,administrative offense proceedings,hairdressing and beauty sector,rhineland palatinate,code07,,,,
2014,administrative offense proceedings,hairdressing and beauty sector,rhineland palatinate,code07,,,,
2015,administrative offense proceedings,hairdressing and beauty sector,rhineland palatinate,code07,,,,
2016,administrative offense proceedings,hairdressing and beauty sector,rhineland palatinate,code07,,,,
2017,administrative offense proceedings,hairdressing and beauty sector,rhineland palatinate,code07,,,,
2018,administrative offense proceedings,hairdressing and beauty sector,rhineland palatinate,code07,,,,
2019,administrative offense proceedings,hairdressing and beauty sector,rhineland palatinate,code07,,,,
2020,administrative offense proceedings,hairdressing and beauty sector,rhineland palatinate,code07,,,,
2021,administrative offense proceedings,hairdressing and beauty sector,rhineland palatinate,code07,,,,
2022,administrative offense proceedings,hairdressing and beauty sector,rhineland palatinate,code07,,,,
2023,administrative offense proceedings,hairdressing and beauty sector,rhineland palatinate,code07,,,,
2024,administrative offense proceedings,hairdressing and beauty sector,rhineland palatinate,code07,,,,46
2025,administrative offense proceedings,hairdressing and beauty sector,rhineland palatinate,code07,,,,67
2010,administrative offense proceedings,"haulage, transport and associated logistics sector",rhineland palatinate,code07,,,,
2011,administrative offense proceedings,"haulage, transport and associated logistics sector",rhineland palatinate,code07,,,,
2012,administrative offense proceedings,"haulage, transport and associated logistics sector",rhineland palatinate,code07,,,,
2013,administrative offense proceedings,"haulage, transport and associated logistics sector",rhineland palatinate,code07,,,,
2014,administrative offense proceedings,"haulage, transport and associated logistics sector",rhineland palatinate,code07,,,,
2015,administrative offense proceedings,"haulage, transport and associated logistics sector",rhineland palatinate,code07,,,,
2016,administrative offense proceedings,"haulage, transport and associated logistics sector",rhineland palatinate,code07,,,,
2017,administrative offense proceedings,"haulage, transport and associated logistics sector",rhineland palatinate,code07,,,,
2018,administrative offense proceedings,"haulage, transport and associated logistics sector",rhineland palatinate,code07,,,,
2019,administrative offense proceedings,"haulage, transport and associated logistics sector",rhineland palatinate,code07,,,,
2020,administrative offense proceedings,"haulage, transport and associated logistics sector",rhineland palatinate,code07,,,,
2021,administrative offense proceedings,"haulage, transport and associated logistics sector",rhineland palatinate,code07,,,,
2022,administrative offense proceedings,"haulage, transport and associated logistics sector",rhineland palatinate,code07,,,,
2023,administrative offense proceedings,"haulage, transport and associated logistics sector",rhineland palatinate,code07,,,,
2024,administrative offense proceedings,"haulage, transport and associated logistics sector",rhineland palatinate,code07,,,,91
2025,administrative offense proceedings,"haulage, transport and associated logistics sector",rhineland palatinate,code07,,,,84
2010,administrative offense proceedings,,saarland,code10,,,,
2011,administrative offense proceedings,,saarland,code10,,,,
2012,administrative offense proceedings,,saarland,code10,,,,
2013,administrative offense proceedings,,saarland,code10,,,,
2014,administrative offense proceedings,,saarland,code10,,,,
2015,administrative offense proceedings,,saarland,code10,,,,
2016,administrative offense proceedings,,saarland,code10,,,,
2017,administrative offense proceedings,,saarland,code10,,,,
2018,administrative offense proceedings,,saarland,code10,,,,
2019,administrative offense proceedings,,saarland,code10,,,,
2020,administrative offense proceedings,,saarland,code10,,,,
2021,administrative offense proceedings,,saarland,code10,,,,
2022,administrative offense proceedings,,saarland,code10,,,,
2023,administrative offense proceedings,,saarland,code10,,,,
2024,administrative offense proceedings,,saarland,code10,,,,1349
2025,administrative offense proceedings,,saarland,code10,,,,1349
2010,administrative offense proceedings,construction sector,saarland,code10,,,,
2011,administrative offense proceedings,construction sector,saarland,code10,,,,
2012,administrative offense proceedings,construction sector,saarland,code10,,,,
2013,administrative offense proceedings,construction sector,saarland,code10,,,,
2014,administrative offense proceedings,construction sector,saarland,code10,,,,
2015,administrative offense proceedings,construction sector,saarland,code10,,,,
2016,administrative offense proceedings,construction sector,saarland,code10,,,,
2017,administrative offense proceedings,construction sector,saarland,code10,,,,
2018,administrative offense proceedings,construction sector,saarland,code10,,,,
2019,administrative offense proceedings,construction sector,saarland,code10,,,,
2020,administrative offense proceedings,construction sector,saarland,code10,,,,
2021,administrative offense proceedings,construction sector,saarland,code10,,,,
2022,administrative offense proceedings,construction sector,saarland,code10,,,,
2023,administrative offense proceedings,construction sector,saarland,code10,,,,
2024,administrative offense proceedings,construction sector,saarland,code10,,,,89
2025,administrative offense proceedings,construction sector,saarland,code10,,,,77
2010,administrative offense proceedings,catering and hotel sector,saarland,code10,,,,
2011,administrative offense proceedings,catering and hotel sector,saarland,code10,,,,
2012,administrative offense proceedings,catering and hotel sector,saarland,code10,,,,
2013,administrative offense proceedings,catering and hotel sector,saarland,code10,,,,
2014,administrative offense proceedings,catering and hotel sector,saarland,code10,,,,
2015,administrative offense proceedings,catering and hotel sector,saarland,code10,,,,
2016,administrative offense proceedings,catering and hotel sector,saarland,code10,,,,
2017,administrative offense proceedings,catering and hotel sector,saarland,code10,,,,
2018,administrative offense proceedings,catering and hotel sector,saarland,code10,,,,
2019,administrative offense proceedings,catering and hotel sector,saarland,code10,,,,
2020,administrative offense proceedings,catering and hotel sector,saarland,code10,,,,
2021,administrative offense proceedings,catering and hotel sector,saarland,code10,,,,
2022,administrative offense proceedings,catering and hotel sector,saarland,code10,,,,
2023,administrative offense proceedings,catering and hotel sector,saarland,code10,,,,
2024,administrative offense proceedings,catering and hotel sector,saarland,code10,,,,249
2025,administrative offense proceedings,catering and hotel sector,saarland,code10,,,,214
2010,administrative offense proceedings,hairdressing and beauty sector,saarland,code10,,,,
2011,administrative offense proceedings,hairdressing and beauty sector,saarland,code10,,,,
2012,administrative offense proceedings,hairdressing and beauty sector,saarland,code10,,,,
2013,administrative offense proceedings,hairdressing and beauty sector,saarland,code10,,,,
2014,administrative offense proceedings,hairdressing and beauty sector,saarland,code10,,,,
2015,administrative offense proceedings,hairdressing and beauty sector,saarland,code10,,,,
2016,administrative offense proceedings,hairdressing and beauty sector,saarland,code10,,,,
2017,administrative offense proceedings,hairdressing and beauty sector,saarland,code10,,,,
2018,administrative offense proceedings,hairdressing and beauty sector,saarland,code10,,,,
2019,administrative offense proceedings,hairdressing and beauty sector,saarland,code10,,,,
2020,administrative offense proceedings,hairdressing and beauty sector,saarland,code10,,,,
2021,administrative offense proceedings,hairdressing and beauty sector,saarland,code10,,,,
2022,administrative offense proceedings,hairdressing and beauty sector,saarland,code10,,,,
2023,administrative offense proceedings,hairdressing and beauty sector,saarland,code10,,,,
2024,administrative offense proceedings,hairdressing and beauty sector,saarland,code10,,,,18
2025,administrative offense proceedings,hairdressing and beauty sector,saarland,code10,,,,15
2010,administrative offense proceedings,"haulage, transport and associated logistics sector",saarland,code10,,,,
2011,administrative offense proceedings,"haulage, transport and associated logistics sector",saarland,code10,,,,
2012,administrative offense proceedings,"haulage, transport and associated logistics sector",saarland,code10,,,,
2013,administrative offense proceedings,"haulage, transport and associated logistics sector",saarland,code10,,,,
2014,administrative offense proceedings,"haulage, transport and associated logistics sector",saarland,code10,,,,
2015,administrative offense proceedings,"haulage, transport and associated logistics sector",saarland,code10,,,,
2016,administrative offense proceedings,"haulage, transport and associated logistics sector",saarland,code10,,,,
2017,administrative offense proceedings,"haulage, transport and associated logistics sector",saarland,code10,,,,
2018,administrative offense proceedings,"haulage, transport and associated logistics sector",saarland,code10,,,,
2019,administrative offense proceedings,"haulage, transport and associated logistics sector",saarland,code10,,,,
2020,administrative offense proceedings,"haulage, transport and associated logistics sector",saarland,code10,,,,
2021,administrative offense proceedings,"haulage, transport and associated logistics sector",saarland,code10,,,,
2022,administrative offense proceedings,"haulage, transport and associated logistics sector",saarland,code10,,,,
2023,administrative offense proceedings,"haulage, transport and associated logistics sector",saarland,code10,,,,
2024,administrative offense proceedings,"haulage, transport and associated logistics sector",saarland,code10,,,,83
2025,administrative offense proceedings,"haulage, transport and associated logistics sector",saarland,code10,,,,96
2010,administrative offense proceedings,,saxony,code14,,,,
2011,administrative offense proceedings,,saxony,code14,,,,
2012,administrative offense proceedings,,saxony,code14,,,,
2013,administrative offense proceedings,,saxony,code14,,,,
2014,administrative offense proceedings,,saxony,code14,,,,
2015,administrative offense proceedings,,saxony,code14,,,,
2016,administrative offense proceedings,,saxony,code14,,,,
2017,administrative offense proceedings,,saxony,code14,,,,
2018,administrative offense proceedings,,saxony,code14,,,,
2019,administrative offense proceedings,,saxony,code14,,,,
2020,administrative offense proceedings,,saxony,code14,,,,
2021,administrative offense proceedings,,saxony,code14,,,,
2022,administrative offense proceedings,,saxony,code14,,,,
2023,administrative offense proceedings,,saxony,code14,,,,
2024,administrative offense proceedings,,saxony,code14,,,,1525
2025,administrative offense proceedings,,saxony,code14,,,,1413
2010,administrative offense proceedings,construction sector,saxony,code14,,,,
2011,administrative offense proceedings,construction sector,saxony,code14,,,,
2012,administrative offense proceedings,construction sector,saxony,code14,,,,
2013,administrative offense proceedings,construction sector,saxony,code14,,,,
2014,administrative offense proceedings,construction sector,saxony,code14,,,,
2015,administrative offense proceedings,construction sector,saxony,code14,,,,
2016,administrative offense proceedings,construction sector,saxony,code14,,,,
2017,administrative offense proceedings,construction sector,saxony,code14,,,,
2018,administrative offense proceedings,construction sector,saxony,code14,,,,
2019,administrative offense proceedings,construction sector,saxony,code14,,,,
2020,administrative offense proceedings,construction sector,saxony,code14,,,,
2021,administrative offense proceedings,construction sector,saxony,code14,,,,
2022,administrative offense proceedings,construction sector,saxony,code14,,,,
2023,administrative offense proceedings,construction sector,saxony,code14,,,,
2024,administrative offense proceedings,construction sector,saxony,code14,,,,334
2025,administrative offense proceedings,construction sector,saxony,code14,,,,303
2010,administrative offense proceedings,catering and hotel sector,saxony,code14,,,,
2011,administrative offense proceedings,catering and hotel sector,saxony,code14,,,,
2012,administrative offense proceedings,catering and hotel sector,saxony,code14,,,,
2013,administrative offense proceedings,catering and hotel sector,saxony,code14,,,,
2014,administrative offense proceedings,catering and hotel sector,saxony,code14,,,,
2015,administrative offense proceedings,catering and hotel sector,saxony,code14,,,,
2016,administrative offense proceedings,catering and hotel sector,saxony,code14,,,,
2017,administrative offense proceedings,catering and hotel sector,saxony,code14,,,,
2018,administrative offense proceedings,catering and hotel sector,saxony,code14,,,,
2019,administrative offense proceedings,catering and hotel sector,saxony,code14,,,,
2020,administrative offense proceedings,catering and hotel sector,saxony,code14,,,,
2021,administrative offense proceedings,catering and hotel sector,saxony,code14,,,,
2022,administrative offense proceedings,catering and hotel sector,saxony,code14,,,,
2023,administrative offense proceedings,catering and hotel sector,saxony,code14,,,,
2024,administrative offense proceedings,catering and hotel sector,saxony,code14,,,,519
2025,administrative offense proceedings,catering and hotel sector,saxony,code14,,,,521
2010,administrative offense proceedings,hairdressing and beauty sector,saxony,code14,,,,
2011,administrative offense proceedings,hairdressing and beauty sector,saxony,code14,,,,
2012,administrative offense proceedings,hairdressing and beauty sector,saxony,code14,,,,
2013,administrative offense proceedings,hairdressing and beauty sector,saxony,code14,,,,
2014,administrative offense proceedings,hairdressing and beauty sector,saxony,code14,,,,
2015,administrative offense proceedings,hairdressing and beauty sector,saxony,code14,,,,
2016,administrative offense proceedings,hairdressing and beauty sector,saxony,code14,,,,
2017,administrative offense proceedings,hairdressing and beauty sector,saxony,code14,,,,
2018,administrative offense proceedings,hairdressing and beauty sector,saxony,code14,,,,
2019,administrative offense proceedings,hairdressing and beauty sector,saxony,code14,,,,
2020,administrative offense proceedings,hairdressing and beauty sector,saxony,code14,,,,
2021,administrative offense proceedings,hairdressing and beauty sector,saxony,code14,,,,
2022,administrative offense proceedings,hairdressing and beauty sector,saxony,code14,,,,
2023,administrative offense proceedings,hairdressing and beauty sector,saxony,code14,,,,
2024,administrative offense proceedings,hairdressing and beauty sector,saxony,code14,,,,31
2025,administrative offense proceedings,hairdressing and beauty sector,saxony,code14,,,,54
2010,administrative offense proceedings,"haulage, transport and associated logistics sector",saxony,code14,,,,
2011,administrative offense proceedings,"haulage, transport and associated logistics sector",saxony,code14,,,,
2012,administrative offense proceedings,"haulage, transport and associated logistics sector",saxony,code14,,,,
2013,administrative offense proceedings,"haulage, transport and associated logistics sector",saxony,code14,,,,
2014,administrative offense proceedings,"haulage, transport and associated logistics sector",saxony,code14,,,,
2015,administrative offense proceedings,"haulage, transport and associated logistics sector",saxony,code14,,,,
2016,administrative offense proceedings,"haulage, transport and associated logistics sector",saxony,code14,,,,
2017,administrative offense proceedings,"haulage, transport and associated logistics sector",saxony,code14,,,,
2018,administrative offense proceedings,"haulage, transport and associated logistics sector",saxony,code14,,,,
2019,administrative offense proceedings,"haulage, transport and associated logistics sector",saxony,code14,,,,
2020,administrative offense proceedings,"haulage, transport and associated logistics sector",saxony,code14,,,,
2021,administrative offense proceedings,"haulage, transport and associated logistics sector",saxony,code14,,,,
2022,administrative offense proceedings,"haulage, transport and associated logistics sector",saxony,code14,,,,
2023,administrative offense proceedings,"haulage, transport and associated logistics sector",saxony,code14,,,,
2024,administrative offense proceedings,"haulage, transport and associated logistics sector",saxony,code14,,,,65
2025,administrative offense proceedings,"haulage, transport and associated logistics sector",saxony,code14,,,,72
2010,administrative offense proceedings,,saxony-anhalt,code15,,,,
2011,administrative offense proceedings,,saxony-anhalt,code15,,,,
2012,administrative offense proceedings,,saxony-anhalt,code15,,,,
2013,administrative offense proceedings,,saxony-anhalt,code15,,,,
2014,administrative offense proceedings,,saxony-anhalt,code15,,,,
2015,administrative offense proceedings,,saxony-anhalt,code15,,,,
2016,administrative offense proceedings,,saxony-anhalt,code15,,,,
2017,administrative offense proceedings,,saxony-anhalt,code15,,,,
2018,administrative offense proceedings,,saxony-anhalt,code15,,,,
2019,administrative offense proceedings,,saxony-anhalt,code15,,,,
2020,administrative offense proceedings,,saxony-anhalt,code15,,,,
2021,administrative offense proceedings,,saxony-anhalt,code15,,,,
2022,administrative offense proceedings,,saxony-anhalt,code15,,,,
2023,administrative offense proceedings,,saxony-anhalt,code15,,,,
2024,administrative offense proceedings,,saxony-anhalt,code15,,,,1194
2025,administrative offense proceedings,,saxony-anhalt,code15,,,,1296
2010,administrative offense proceedings,construction sector,saxony-anhalt,code15,,,,
2011,administrative offense proceedings,construction sector,saxony-anhalt,code15,,,,
2012,administrative offense proceedings,construction sector,saxony-anhalt,code15,,,,
2013,administrative offense proceedings,construction sector,saxony-anhalt,code15,,,,
2014,administrative offense proceedings,construction sector,saxony-anhalt,code15,,,,
2015,administrative offense proceedings,construction sector,saxony-anhalt,code15,,,,
2016,administrative offense proceedings,construction sector,saxony-anhalt,code15,,,,
2017,administrative offense proceedings,construction sector,saxony-anhalt,code15,,,,
2018,administrative offense proceedings,construction sector,saxony-anhalt,code15,,,,
2019,administrative offense proceedings,construction sector,saxony-anhalt,code15,,,,
2020,administrative offense proceedings,construction sector,saxony-anhalt,code15,,,,
2021,administrative offense proceedings,construction sector,saxony-anhalt,code15,,,,
2022,administrative offense proceedings,construction sector,saxony-anhalt,code15,,,,
2023,administrative offense proceedings,construction sector,saxony-anhalt,code15,,,,
2024,administrative offense proceedings,construction sector,saxony-anhalt,code15,,,,202
2025,administrative offense proceedings,construction sector,saxony-anhalt,code15,,,,185
2010,administrative offense proceedings,catering and hotel sector,saxony-anhalt,code15,,,,
2011,administrative offense proceedings,catering and hotel sector,saxony-anhalt,code15,,,,
2012,administrative offense proceedings,catering and hotel sector,saxony-anhalt,code15,,,,
2013,administrative offense proceedings,catering and hotel sector,saxony-anhalt,code15,,,,
2014,administrative offense proceedings,catering and hotel sector,saxony-anhalt,code15,,,,
2015,administrative offense proceedings,catering and hotel sector,saxony-anhalt,code15,,,,
2016,administrative offense proceedings,catering and hotel sector,saxony-anhalt,code15,,,,
2017,administrative offense proceedings,catering and hotel sector,saxony-anhalt,code15,,,,
2018,administrative offense proceedings,catering and hotel sector,saxony-anhalt,code15,,,,
2019,administrative offense proceedings,catering and hotel sector,saxony-anhalt,code15,,,,
2020,administrative offense proceedings,catering and hotel sector,saxony-anhalt,code15,,,,
2021,administrative offense proceedings,catering and hotel sector,saxony-anhalt,code15,,,,
2022,administrative offense proceedings,catering and hotel sector,saxony-anhalt,code15,,,,
2023,administrative offense proceedings,catering and hotel sector,saxony-anhalt,code15,,,,
2024,administrative offense proceedings,catering and hotel sector,saxony-anhalt,code15,,,,254
2025,administrative offense proceedings,catering and hotel sector,saxony-anhalt,code15,,,,223
2010,administrative offense proceedings,hairdressing and beauty sector,saxony-anhalt,code15,,,,
2011,administrative offense proceedings,hairdressing and beauty sector,saxony-anhalt,code15,,,,
2012,administrative offense proceedings,hairdressing and beauty sector,saxony-anhalt,code15,,,,
2013,administrative offense proceedings,hairdressing and beauty sector,saxony-anhalt,code15,,,,
2014,administrative offense proceedings,hairdressing and beauty sector,saxony-anhalt,code15,,,,
2015,administrative offense proceedings,hairdressing and beauty sector,saxony-anhalt,code15,,,,
2016,administrative offense proceedings,hairdressing and beauty sector,saxony-anhalt,code15,,,,
2017,administrative offense proceedings,hairdressing and beauty sector,saxony-anhalt,code15,,,,
2018,administrative offense proceedings,hairdressing and beauty sector,saxony-anhalt,code15,,,,
2019,administrative offense proceedings,hairdressing and beauty sector,saxony-anhalt,code15,,,,
2020,administrative offense proceedings,hairdressing and beauty sector,saxony-anhalt,code15,,,,
2021,administrative offense proceedings,hairdressing and beauty sector,saxony-anhalt,code15,,,,
2022,administrative offense proceedings,hairdressing and beauty sector,saxony-anhalt,code15,,,,
2023,administrative offense proceedings,hairdressing and beauty sector,saxony-anhalt,code15,,,,
2024,administrative offense proceedings,hairdressing and beauty sector,saxony-anhalt,code15,,,,15
2025,administrative offense proceedings,hairdressing and beauty sector,saxony-anhalt,code15,,,,36
2010,administrative offense proceedings,"haulage, transport and associated logistics sector",saxony-anhalt,code15,,,,
2011,administrative offense proceedings,"haulage, transport and associated logistics sector",saxony-anhalt,code15,,,,
2012,administrative offense proceedings,"haulage, transport and associated logistics sector",saxony-anhalt,code15,,,,
2013,administrative offense proceedings,"haulage, transport and associated logistics sector",saxony-anhalt,code15,,,,
2014,administrative offense proceedings,"haulage, transport and associated logistics sector",saxony-anhalt,code15,,,,
2015,administrative offense proceedings,"haulage, transport and associated logistics sector",saxony-anhalt,code15,,,,
2016,administrative offense proceedings,"haulage, transport and associated logistics sector",saxony-anhalt,code15,,,,
2017,administrative offense proceedings,"haulage, transport and associated logistics sector",saxony-anhalt,code15,,,,
2018,administrative offense proceedings,"haulage, transport and associated logistics sector",saxony-anhalt,code15,,,,
2019,administrative offense proceedings,"haulage, transport and associated logistics sector",saxony-anhalt,code15,,,,
2020,administrative offense proceedings,"haulage, transport and associated logistics sector",saxony-anhalt,code15,,,,
2021,administrative offense proceedings,"haulage, transport and associated logistics sector",saxony-anhalt,code15,,,,
2022,administrative offense proceedings,"haulage, transport and associated logistics sector",saxony-anhalt,code15,,,,
2023,administrative offense proceedings,"haulage, transport and associated logistics sector",saxony-anhalt,code15,,,,
2024,administrative offense proceedings,"haulage, transport and associated logistics sector",saxony-anhalt,code15,,,,46
2025,administrative offense proceedings,"haulage, transport and associated logistics sector",saxony-anhalt,code15,,,,42
2010,administrative offense proceedings,,schleswig-holstein,code01,,,,
2011,administrative offense proceedings,,schleswig-holstein,code01,,,,
2012,administrative offense proceedings,,schleswig-holstein,code01,,,,
2013,administrative offense proceedings,,schleswig-holstein,code01,,,,
2014,administrative offense proceedings,,schleswig-holstein,code01,,,,
2015,administrative offense proceedings,,schleswig-holstein,code01,,,,
2016,administrative offense proceedings,,schleswig-holstein,code01,,,,
2017,administrative offense proceedings,,schleswig-holstein,code01,,,,
2018,administrative offense proceedings,,schleswig-holstein,code01,,,,
2019,administrative offense proceedings,,schleswig-holstein,code01,,,,
2020,administrative offense proceedings,,schleswig-holstein,code01,,,,
2021,administrative offense proceedings,,schleswig-holstein,code01,,,,
2022,administrative offense proceedings,,schleswig-holstein,code01,,,,
2023,administrative offense proceedings,,schleswig-holstein,code01,,,,
2024,administrative offense proceedings,,schleswig-holstein,code01,,,,2344
2025,administrative offense proceedings,,schleswig-holstein,code01,,,,1947
2010,administrative offense proceedings,construction sector,schleswig-holstein,code01,,,,
2011,administrative offense proceedings,construction sector,schleswig-holstein,code01,,,,
2012,administrative offense proceedings,construction sector,schleswig-holstein,code01,,,,
2013,administrative offense proceedings,construction sector,schleswig-holstein,code01,,,,
2014,administrative offense proceedings,construction sector,schleswig-holstein,code01,,,,
2015,administrative offense proceedings,construction sector,schleswig-holstein,code01,,,,
2016,administrative offense proceedings,construction sector,schleswig-holstein,code01,,,,
2017,administrative offense proceedings,construction sector,schleswig-holstein,code01,,,,
2018,administrative offense proceedings,construction sector,schleswig-holstein,code01,,,,
2019,administrative offense proceedings,construction sector,schleswig-holstein,code01,,,,
2020,administrative offense proceedings,construction sector,schleswig-holstein,code01,,,,
2021,administrative offense proceedings,construction sector,schleswig-holstein,code01,,,,
2022,administrative offense proceedings,construction sector,schleswig-holstein,code01,,,,
2023,administrative offense proceedings,construction sector,schleswig-holstein,code01,,,,
2024,administrative offense proceedings,construction sector,schleswig-holstein,code01,,,,242
2025,administrative offense proceedings,construction sector,schleswig-holstein,code01,,,,159
2010,administrative offense proceedings,catering and hotel sector,schleswig-holstein,code01,,,,
2011,administrative offense proceedings,catering and hotel sector,schleswig-holstein,code01,,,,
2012,administrative offense proceedings,catering and hotel sector,schleswig-holstein,code01,,,,
2013,administrative offense proceedings,catering and hotel sector,schleswig-holstein,code01,,,,
2014,administrative offense proceedings,catering and hotel sector,schleswig-holstein,code01,,,,
2015,administrative offense proceedings,catering and hotel sector,schleswig-holstein,code01,,,,
2016,administrative offense proceedings,catering and hotel sector,schleswig-holstein,code01,,,,
2017,administrative offense proceedings,catering and hotel sector,schleswig-holstein,code01,,,,
2018,administrative offense proceedings,catering and hotel sector,schleswig-holstein,code01,,,,
2019,administrative offense proceedings,catering and hotel sector,schleswig-holstein,code01,,,,
2020,administrative offense proceedings,catering and hotel sector,schleswig-holstein,code01,,,,
2021,administrative offense proceedings,catering and hotel sector,schleswig-holstein,code01,,,,
2022,administrative offense proceedings,catering and hotel sector,schleswig-holstein,code01,,,,
2023,administrative offense proceedings,catering and hotel sector,schleswig-holstein,code01,,,,
2024,administrative offense proceedings,catering and hotel sector,schleswig-holstein,code01,,,,539
2025,administrative offense proceedings,catering and hotel sector,schleswig-holstein,code01,,,,494
2010,administrative offense proceedings,hairdressing and beauty sector,schleswig-holstein,code01,,,,
2011,administrative offense proceedings,hairdressing and beauty sector,schleswig-holstein,code01,,,,
2012,administrative offense proceedings,hairdressing and beauty sector,schleswig-holstein,code01,,,,
2013,administrative offense proceedings,hairdressing and beauty sector,schleswig-holstein,code01,,,,
2014,administrative offense proceedings,hairdressing and beauty sector,schleswig-holstein,code01,,,,
2015,administrative offense proceedings,hairdressing and beauty sector,schleswig-holstein,code01,,,,
2016,administrative offense proceedings,hairdressing and beauty sector,schleswig-holstein,code01,,,,
2017,administrative offense proceedings,hairdressing and beauty sector,schleswig-holstein,code01,,,,
2018,administrative offense proceedings,hairdressing and beauty sector,schleswig-holstein,code01,,,,
2019,administrative offense proceedings,hairdressing and beauty sector,schleswig-holstein,code01,,,,
2020,administrative offense proceedings,hairdressing and beauty sector,schleswig-holstein,code01,,,,
2021,administrative offense proceedings,hairdressing and beauty sector,schleswig-holstein,code01,,,,
2022,administrative offense proceedings,hairdressing and beauty sector,schleswig-holstein,code01,,,,
2023,administrative offense proceedings,hairdressing and beauty sector,schleswig-holstein,code01,,,,
2024,administrative offense proceedings,hairdressing and beauty sector,schleswig-holstein,code01,,,,49
2025,administrative offense proceedings,hairdressing and beauty sector,schleswig-holstein,code01,,,,59
2010,administrative offense proceedings,"haulage, transport and associated logistics sector",schleswig-holstein,code01,,,,
2011,administrative offense proceedings,"haulage, transport and associated logistics sector",schleswig-holstein,code01,,,,
2012,administrative offense proceedings,"haulage, transport and associated logistics sector",schleswig-holstein,code01,,,,
2013,administrative offense proceedings,"haulage, transport and associated logistics sector",schleswig-holstein,code01,,,,
2014,administrative offense proceedings,"haulage, transport and associated logistics sector",schleswig-holstein,code01,,,,
2015,administrative offense proceedings,"haulage, transport and associated logistics sector",schleswig-holstein,code01,,,,
2016,administrative offense proceedings,"haulage, transport and associated logistics sector",schleswig-holstein,code01,,,,
2017,administrative offense proceedings,"haulage, transport and associated logistics sector",schleswig-holstein,code01,,,,
2018,administrative offense proceedings,"haulage, transport and associated logistics sector",schleswig-holstein,code01,,,,
2019,administrative offense proceedings,"haulage, transport and associated logistics sector",schleswig-holstein,code01,,,,
2020,administrative offense proceedings,"haulage, transport and associated logistics sector",schleswig-holstein,code01,,,,
2021,administrative offense proceedings,"haulage, transport and associated logistics sector",schleswig-holstein,code01,,,,
2022,administrative offense proceedings,"haulage, transport and associated logistics sector",schleswig-holstein,code01,,,,
2023,administrative offense proceedings,"haulage, transport and associated logistics sector",schleswig-holstein,code01,,,,
2024,administrative offense proceedings,"haulage, transport and associated logistics sector",schleswig-holstein,code01,,,,187
2025,administrative offense proceedings,"haulage, transport and associated logistics sector",schleswig-holstein,code01,,,,177
2010,administrative offense proceedings,,thuringia,code16,,,,
2011,administrative offense proceedings,,thuringia,code16,,,,
2012,administrative offense proceedings,,thuringia,code16,,,,
2013,administrative offense proceedings,,thuringia,code16,,,,
2014,administrative offense proceedings,,thuringia,code16,,,,
2015,administrative offense proceedings,,thuringia,code16,,,,
2016,administrative offense proceedings,,thuringia,code16,,,,
2017,administrative offense proceedings,,thuringia,code16,,,,
2018,administrative offense proceedings,,thuringia,code16,,,,
2019,administrative offense proceedings,,thuringia,code16,,,,
2020,administrative offense proceedings,,thuringia,code16,,,,
2021,administrative offense proceedings,,thuringia,code16,,,,
2022,administrative offense proceedings,,thuringia,code16,,,,
2023,administrative offense proceedings,,thuringia,code16,,,,
2024,administrative offense proceedings,,thuringia,code16,,,,1642
2025,administrative offense proceedings,,thuringia,code16,,,,1663
2010,administrative offense proceedings,construction sector,thuringia,code16,,,,
2011,administrative offense proceedings,construction sector,thuringia,code16,,,,
2012,administrative offense proceedings,construction sector,thuringia,code16,,,,
2013,administrative offense proceedings,construction sector,thuringia,code16,,,,
2014,administrative offense proceedings,construction sector,thuringia,code16,,,,
2015,administrative offense proceedings,construction sector,thuringia,code16,,,,
2016,administrative offense proceedings,construction sector,thuringia,code16,,,,
2017,administrative offense proceedings,construction sector,thuringia,code16,,,,
2018,administrative offense proceedings,construction sector,thuringia,code16,,,,
2019,administrative offense proceedings,construction sector,thuringia,code16,,,,
2020,administrative offense proceedings,construction sector,thuringia,code16,,,,
2021,administrative offense proceedings,construction sector,thuringia,code16,,,,
2022,administrative offense proceedings,construction sector,thuringia,code16,,,,
2023,administrative offense proceedings,construction sector,thuringia,code16,,,,
2024,administrative offense proceedings,construction sector,thuringia,code16,,,,213
2025,administrative offense proceedings,construction sector,thuringia,code16,,,,208
2010,administrative offense proceedings,catering and hotel sector,thuringia,code16,,,,
2011,administrative offense proceedings,catering and hotel sector,thuringia,code16,,,,
2012,administrative offense proceedings,catering and hotel sector,thuringia,code16,,,,
2013,administrative offense proceedings,catering and hotel sector,thuringia,code16,,,,
2014,administrative offense proceedings,catering and hotel sector,thuringia,code16,,,,
2015,administrative offense proceedings,catering and hotel sector,thuringia,code16,,,,
2016,administrative offense proceedings,catering and hotel sector,thuringia,code16,,,,
2017,administrative offense proceedings,catering and hotel sector,thuringia,code16,,,,
2018,administrative offense proceedings,catering and hotel sector,thuringia,code16,,,,
2019,administrative offense proceedings,catering and hotel sector,thuringia,code16,,,,
2020,administrative offense proceedings,catering and hotel sector,thuringia,code16,,,,
2021,administrative offense proceedings,catering and hotel sector,thuringia,code16,,,,
2022,administrative offense proceedings,catering and hotel sector,thuringia,code16,,,,
2023,administrative offense proceedings,catering and hotel sector,thuringia,code16,,,,
2024,administrative offense proceedings,catering and hotel sector,thuringia,code16,,,,504
2025,administrative offense proceedings,catering and hotel sector,thuringia,code16,,,,526
2010,administrative offense proceedings,hairdressing and beauty sector,thuringia,code16,,,,
2011,administrative offense proceedings,hairdressing and beauty sector,thuringia,code16,,,,
2012,administrative offense proceedings,hairdressing and beauty sector,thuringia,code16,,,,
2013,administrative offense proceedings,hairdressing and beauty sector,thuringia,code16,,,,
2014,administrative offense proceedings,hairdressing and beauty sector,thuringia,code16,,,,
2015,administrative offense proceedings,hairdressing and beauty sector,thuringia,code16,,,,
2016,administrative offense proceedings,hairdressing and beauty sector,thuringia,code16,,,,
2017,administrative offense proceedings,hairdressing and beauty sector,thuringia,code16,,,,
2018,administrative offense proceedings,hairdressing and beauty sector,thuringia,code16,,,,
2019,administrative offense proceedings,hairdressing and beauty sector,thuringia,code16,,,,
2020,administrative offense proceedings,hairdressing and beauty sector,thuringia,code16,,,,
2021,administrative offense proceedings,hairdressing and beauty sector,thuringia,code16,,,,
2022,administrative offense proceedings,hairdressing and beauty sector,thuringia,code16,,,,
2023,administrative offense proceedings,hairdressing and beauty sector,thuringia,code16,,,,
2024,administrative offense proceedings,hairdressing and beauty sector,thuringia,code16,,,,85
2025,administrative offense proceedings,hairdressing and beauty sector,thuringia,code16,,,,91
2010,administrative offense proceedings,"haulage, transport and associated logistics sector",thuringia,code16,,,,
2011,administrative offense proceedings,"haulage, transport and associated logistics sector",thuringia,code16,,,,
2012,administrative offense proceedings,"haulage, transport and associated logistics sector",thuringia,code16,,,,
2013,administrative offense proceedings,"haulage, transport and associated logistics sector",thuringia,code16,,,,
2014,administrative offense proceedings,"haulage, transport and associated logistics sector",thuringia,code16,,,,
2015,administrative offense proceedings,"haulage, transport and associated logistics sector",thuringia,code16,,,,
2016,administrative offense proceedings,"haulage, transport and associated logistics sector",thuringia,code16,,,,
2017,administrative offense proceedings,"haulage, transport and associated logistics sector",thuringia,code16,,,,
2018,administrative offense proceedings,"haulage, transport and associated logistics sector",thuringia,code16,,,,
2019,administrative offense proceedings,"haulage, transport and associated logistics sector",thuringia,code16,,,,
2020,administrative offense proceedings,"haulage, transport and associated logistics sector",thuringia,code16,,,,
2021,administrative offense proceedings,"haulage, transport and associated logistics sector",thuringia,code16,,,,
2022,administrative offense proceedings,"haulage, transport and associated logistics sector",thuringia,code16,,,,
2023,administrative offense proceedings,"haulage, transport and associated logistics sector",thuringia,code16,,,,
2024,administrative offense proceedings,"haulage, transport and associated logistics sector",thuringia,code16,,,,59
2025,administrative offense proceedings,"haulage, transport and associated logistics sector",thuringia,code16,,,,63
2010,criminal proceedings,,,,.,,,
2011,criminal proceedings,,,,.,,,
2012,criminal proceedings,,,,.,,,
2013,criminal proceedings,,,,.,,,
2014,criminal proceedings,,,,.,,,
2015,criminal proceedings,,,,,,,106366
2016,criminal proceedings,,,,,,,104494
2017,criminal proceedings,,,,,,,107897
2018,criminal proceedings,,,,,,,111004
2019,criminal proceedings,,,,,,,114997
2020,criminal proceedings,,,,,,,104787
2021,criminal proceedings,,,,,,,120345
2022,criminal proceedings,,,,,,,111501
2023,criminal proceedings,,,,,,,101423
2024,criminal proceedings,,,,,,,96813
2025,criminal proceedings,,,,,,,98186
2010,criminal proceedings,construction sector,,,,,,
2011,criminal proceedings,construction sector,,,,,,
2012,criminal proceedings,construction sector,,,,,,
2013,criminal proceedings,construction sector,,,,,,
2014,criminal proceedings,construction sector,,,,,,
2015,criminal proceedings,construction sector,,,,,,
2016,criminal proceedings,construction sector,,,,,,
2017,criminal proceedings,construction sector,,,,,,
2018,criminal proceedings,construction sector,,,,,,
2019,criminal proceedings,construction sector,,,,,,
2020,criminal proceedings,construction sector,,,,,,
2021,criminal proceedings,construction sector,,,,,,
2022,criminal proceedings,construction sector,,,,,,
2023,criminal proceedings,construction sector,,,,,,
2024,criminal proceedings,construction sector,,,,,,9946
2025,criminal proceedings,construction sector,,,,,,9075
2010,criminal proceedings,catering and hotel sector,,,,,,
2011,criminal proceedings,catering and hotel sector,,,,,,
2012,criminal proceedings,catering and hotel sector,,,,,,
2013,criminal proceedings,catering and hotel sector,,,,,,
2014,criminal proceedings,catering and hotel sector,,,,,,
2015,criminal proceedings,catering and hotel sector,,,,,,
2016,criminal proceedings,catering and hotel sector,,,,,,
2017,criminal proceedings,catering and hotel sector,,,,,,
2018,criminal proceedings,catering and hotel sector,,,,,,
2019,criminal proceedings,catering and hotel sector,,,,,,
2020,criminal proceedings,catering and hotel sector,,,,,,
2021,criminal proceedings,catering and hotel sector,,,,,,
2022,criminal proceedings,catering and hotel sector,,,,,,
2023,criminal proceedings,catering and hotel sector,,,,,,
2024,criminal proceedings,catering and hotel sector,,,,,,10019
2025,criminal proceedings,catering and hotel sector,,,,,,9568
2010,criminal proceedings,hairdressing and beauty sector,,,,,,
2011,criminal proceedings,hairdressing and beauty sector,,,,,,
2012,criminal proceedings,hairdressing and beauty sector,,,,,,
2013,criminal proceedings,hairdressing and beauty sector,,,,,,
2014,criminal proceedings,hairdressing and beauty sector,,,,,,
2015,criminal proceedings,hairdressing and beauty sector,,,,,,
2016,criminal proceedings,hairdressing and beauty sector,,,,,,
2017,criminal proceedings,hairdressing and beauty sector,,,,,,
2018,criminal proceedings,hairdressing and beauty sector,,,,,,
2019,criminal proceedings,hairdressing and beauty sector,,,,,,
2020,criminal proceedings,hairdressing and beauty sector,,,,,,
2021,criminal proceedings,hairdressing and beauty sector,,,,,,
2022,criminal proceedings,hairdressing and beauty sector,,,,,,
2023,criminal proceedings,hairdressing and beauty sector,,,,,,
2024,criminal proceedings,hairdressing and beauty sector,,,,,,1353
2025,criminal proceedings,hairdressing and beauty sector,,,,,,1720
2010,criminal proceedings,"haulage, transport and associated logistics sector",,,,,,
2011,criminal proceedings,"haulage, transport and associated logistics sector",,,,,,
2012,criminal proceedings,"haulage, transport and associated logistics sector",,,,,,
2013,criminal proceedings,"haulage, transport and associated logistics sector",,,,,,
2014,criminal proceedings,"haulage, transport and associated logistics sector",,,,,,
2015,criminal proceedings,"haulage, transport and associated logistics sector",,,,,,
2016,criminal proceedings,"haulage, transport and associated logistics sector",,,,,,
2017,criminal proceedings,"haulage, transport and associated logistics sector",,,,,,
2018,criminal proceedings,"haulage, transport and associated logistics sector",,,,,,
2019,criminal proceedings,"haulage, transport and associated logistics sector",,,,,,
2020,criminal proceedings,"haulage, transport and associated logistics sector",,,,,,
2021,criminal proceedings,"haulage, transport and associated logistics sector",,,,,,
2022,criminal proceedings,"haulage, transport and associated logistics sector",,,,,,
2023,criminal proceedings,"haulage, transport and associated logistics sector",,,,,,
2024,criminal proceedings,"haulage, transport and associated logistics sector",,,,,,4176
2025,criminal proceedings,"haulage, transport and associated logistics sector",,,,,,4735
2010,criminal proceedings,,baden-württemberg,code08,,,,
2011,criminal proceedings,,baden-württemberg,code08,,,,
2012,criminal proceedings,,baden-württemberg,code08,,,,
2013,criminal proceedings,,baden-württemberg,code08,,,,
2014,criminal proceedings,,baden-württemberg,code08,,,,
2015,criminal proceedings,,baden-württemberg,code08,,,,
2016,criminal proceedings,,baden-württemberg,code08,,,,
2017,criminal proceedings,,baden-württemberg,code08,,,,
2018,criminal proceedings,,baden-württemberg,code08,,,,
2019,criminal proceedings,,baden-württemberg,code08,,,,
2020,criminal proceedings,,baden-württemberg,code08,,,,
2021,criminal proceedings,,baden-württemberg,code08,,,,
2022,criminal proceedings,,baden-württemberg,code08,,,,
2023,criminal proceedings,,baden-württemberg,code08,,,,
2024,criminal proceedings,,baden-württemberg,code08,,,,11522
2025,criminal proceedings,,baden-württemberg,code08,,,,11395
2010,criminal proceedings,construction sector,baden-württemberg,code08,,,,
2011,criminal proceedings,construction sector,baden-württemberg,code08,,,,
2012,criminal proceedings,construction sector,baden-württemberg,code08,,,,
2013,criminal proceedings,construction sector,baden-württemberg,code08,,,,
2014,criminal proceedings,construction sector,baden-württemberg,code08,,,,
2015,criminal proceedings,construction sector,baden-württemberg,code08,,,,
2016,criminal proceedings,construction sector,baden-württemberg,code08,,,,
2017,criminal proceedings,construction sector,baden-württemberg,code08,,,,
2018,criminal proceedings,construction sector,baden-württemberg,code08,,,,
2019,criminal proceedings,construction sector,baden-württemberg,code08,,,,
2020,criminal proceedings,construction sector,baden-württemberg,code08,,,,
2021,criminal proceedings,construction sector,baden-württemberg,code08,,,,
2022,criminal proceedings,construction sector,baden-württemberg,code08,,,,
2023,criminal proceedings,construction sector,baden-württemberg,code08,,,,
2024,criminal proceedings,construction sector,baden-württemberg,code08,,,,1338
2025,criminal proceedings,construction sector,baden-württemberg,code08,,,,1239
2010,criminal proceedings,catering and hotel sector,baden-württemberg,code08,,,,
2011,criminal proceedings,catering and hotel sector,baden-württemberg,code08,,,,
2012,criminal proceedings,catering and hotel sector,baden-württemberg,code08,,,,
2013,criminal proceedings,catering and hotel sector,baden-württemberg,code08,,,,
2014,criminal proceedings,catering and hotel sector,baden-württemberg,code08,,,,
2015,criminal proceedings,catering and hotel sector,baden-württemberg,code08,,,,
2016,criminal proceedings,catering and hotel sector,baden-württemberg,code08,,,,
2017,criminal proceedings,catering and hotel sector,baden-württemberg,code08,,,,
2018,criminal proceedings,catering and hotel sector,baden-württemberg,code08,,,,
2019,criminal proceedings,catering and hotel sector,baden-württemberg,code08,,,,
2020,criminal proceedings,catering and hotel sector,baden-württemberg,code08,,,,
2021,criminal proceedings,catering and hotel sector,baden-württemberg,code08,,,,
2022,criminal proceedings,catering and hotel sector,baden-württemberg,code08,,,,
2023,criminal proceedings,catering and hotel sector,baden-württemberg,code08,,,,
2024,criminal proceedings,catering and hotel sector,baden-württemberg,code08,,,,1334
2025,criminal proceedings,catering and hotel sector,baden-württemberg,code08,,,,1168
2010,criminal proceedings,hairdressing and beauty sector,baden-württemberg,code08,,,,
2011,criminal proceedings,hairdressing and beauty sector,baden-württemberg,code08,,,,
2012,criminal proceedings,hairdressing and beauty sector,baden-württemberg,code08,,,,
2013,criminal proceedings,hairdressing and beauty sector,baden-württemberg,code08,,,,
2014,criminal proceedings,hairdressing and beauty sector,baden-württemberg,code08,,,,
2015,criminal proceedings,hairdressing and beauty sector,baden-württemberg,code08,,,,
2016,criminal proceedings,hairdressing and beauty sector,baden-württemberg,code08,,,,
2017,criminal proceedings,hairdressing and beauty sector,baden-württemberg,code08,,,,
2018,criminal proceedings,hairdressing and beauty sector,baden-württemberg,code08,,,,
2019,criminal proceedings,hairdressing and beauty sector,baden-württemberg,code08,,,,
2020,criminal proceedings,hairdressing and beauty sector,baden-württemberg,code08,,,,
2021,criminal proceedings,hairdressing and beauty sector,baden-württemberg,code08,,,,
2022,criminal proceedings,hairdressing and beauty sector,baden-württemberg,code08,,,,
2023,criminal proceedings,hairdressing and beauty sector,baden-württemberg,code08,,,,
2024,criminal proceedings,hairdressing and beauty sector,baden-württemberg,code08,,,,183
2025,criminal proceedings,hairdressing and beauty sector,baden-württemberg,code08,,,,227
2010,criminal proceedings,"haulage, transport and associated logistics sector",baden-württemberg,code08,,,,
2011,criminal proceedings,"haulage, transport and associated logistics sector",baden-württemberg,code08,,,,
2012,criminal proceedings,"haulage, transport and associated logistics sector",baden-württemberg,code08,,,,
2013,criminal proceedings,"haulage, transport and associated logistics sector",baden-württemberg,code08,,,,
2014,criminal proceedings,"haulage, transport and associated logistics sector",baden-württemberg,code08,,,,
2015,criminal proceedings,"haulage, transport and associated logistics sector",baden-württemberg,code08,,,,
2016,criminal proceedings,"haulage, transport and associated logistics sector",baden-württemberg,code08,,,,
2017,criminal proceedings,"haulage, transport and associated logistics sector",baden-württemberg,code08,,,,
2018,criminal proceedings,"haulage, transport and associated logistics sector",baden-württemberg,code08,,,,
2019,criminal proceedings,"haulage, transport and associated logistics sector",baden-württemberg,code08,,,,
2020,criminal proceedings,"haulage, transport and associated logistics sector",baden-württemberg,code08,,,,
2021,criminal proceedings,"haulage, transport and associated logistics sector",baden-württemberg,code08,,,,
2022,criminal proceedings,"haulage, transport and associated logistics sector",baden-württemberg,code08,,,,
2023,criminal proceedings,"haulage, transport and associated logistics sector",baden-württemberg,code08,,,,
2024,criminal proceedings,"haulage, transport and associated logistics sector",baden-württemberg,code08,,,,462
2025,criminal proceedings,"haulage, transport and associated logistics sector",baden-württemberg,code08,,,,461
2010,criminal proceedings,,bavaria,code09,,,,
2011,criminal proceedings,,bavaria,code09,,,,
2012,criminal proceedings,,bavaria,code09,,,,
2013,criminal proceedings,,bavaria,code09,,,,
2014,criminal proceedings,,bavaria,code09,,,,
2015,criminal proceedings,,bavaria,code09,,,,
2016,criminal proceedings,,bavaria,code09,,,,
2017,criminal proceedings,,bavaria,code09,,,,
2018,criminal proceedings,,bavaria,code09,,,,
2019,criminal proceedings,,bavaria,code09,,,,
2020,criminal proceedings,,bavaria,code09,,,,
2021,criminal proceedings,,bavaria,code09,,,,
2022,criminal proceedings,,bavaria,code09,,,,
2023,criminal proceedings,,bavaria,code09,,,,
2024,criminal proceedings,,bavaria,code09,,,,12558
2025,criminal proceedings,,bavaria,code09,,,,12441
2010,criminal proceedings,construction sector,bavaria,code09,,,,
2011,criminal proceedings,construction sector,bavaria,code09,,,,
2012,criminal proceedings,construction sector,bavaria,code09,,,,
2013,criminal proceedings,construction sector,bavaria,code09,,,,
2014,criminal proceedings,construction sector,bavaria,code09,,,,
2015,criminal proceedings,construction sector,bavaria,code09,,,,
2016,criminal proceedings,construction sector,bavaria,code09,,,,
2017,criminal proceedings,construction sector,bavaria,code09,,,,
2018,criminal proceedings,construction sector,bavaria,code09,,,,
2019,criminal proceedings,construction sector,bavaria,code09,,,,
2020,criminal proceedings,construction sector,bavaria,code09,,,,
2021,criminal proceedings,construction sector,bavaria,code09,,,,
2022,criminal proceedings,construction sector,bavaria,code09,,,,
2023,criminal proceedings,construction sector,bavaria,code09,,,,
2024,criminal proceedings,construction sector,bavaria,code09,,,,1228
2025,criminal proceedings,construction sector,bavaria,code09,,,,1235
2010,criminal proceedings,catering and hotel sector,bavaria,code09,,,,
2011,criminal proceedings,catering and hotel sector,bavaria,code09,,,,
2012,criminal proceedings,catering and hotel sector,bavaria,code09,,,,
2013,criminal proceedings,catering and hotel sector,bavaria,code09,,,,
2014,criminal proceedings,catering and hotel sector,bavaria,code09,,,,
2015,criminal proceedings,catering and hotel sector,bavaria,code09,,,,
2016,criminal proceedings,catering and hotel sector,bavaria,code09,,,,
2017,criminal proceedings,catering and hotel sector,bavaria,code09,,,,
2018,criminal proceedings,catering and hotel sector,bavaria,code09,,,,
2019,criminal proceedings,catering and hotel sector,bavaria,code09,,,,
2020,criminal proceedings,catering and hotel sector,bavaria,code09,,,,
2021,criminal proceedings,catering and hotel sector,bavaria,code09,,,,
2022,criminal proceedings,catering and hotel sector,bavaria,code09,,,,
2023,criminal proceedings,catering and hotel sector,bavaria,code09,,,,
2024,criminal proceedings,catering and hotel sector,bavaria,code09,,,,1774
2025,criminal proceedings,catering and hotel sector,bavaria,code09,,,,1614
2010,criminal proceedings,hairdressing and beauty sector,bavaria,code09,,,,
2011,criminal proceedings,hairdressing and beauty sector,bavaria,code09,,,,
2012,criminal proceedings,hairdressing and beauty sector,bavaria,code09,,,,
2013,criminal proceedings,hairdressing and beauty sector,bavaria,code09,,,,
2014,criminal proceedings,hairdressing and beauty sector,bavaria,code09,,,,
2015,criminal proceedings,hairdressing and beauty sector,bavaria,code09,,,,
2016,criminal proceedings,hairdressing and beauty sector,bavaria,code09,,,,
2017,criminal proceedings,hairdressing and beauty sector,bavaria,code09,,,,
2018,criminal proceedings,hairdressing and beauty sector,bavaria,code09,,,,
2019,criminal proceedings,hairdressing and beauty sector,bavaria,code09,,,,
2020,criminal proceedings,hairdressing and beauty sector,bavaria,code09,,,,
2021,criminal proceedings,hairdressing and beauty sector,bavaria,code09,,,,
2022,criminal proceedings,hairdressing and beauty sector,bavaria,code09,,,,
2023,criminal proceedings,hairdressing and beauty sector,bavaria,code09,,,,
2024,criminal proceedings,hairdressing and beauty sector,bavaria,code09,,,,126
2025,criminal proceedings,hairdressing and beauty sector,bavaria,code09,,,,149
2010,criminal proceedings,"haulage, transport and associated logistics sector",bavaria,code09,,,,
2011,criminal proceedings,"haulage, transport and associated logistics sector",bavaria,code09,,,,
2012,criminal proceedings,"haulage, transport and associated logistics sector",bavaria,code09,,,,
2013,criminal proceedings,"haulage, transport and associated logistics sector",bavaria,code09,,,,
2014,criminal proceedings,"haulage, transport and associated logistics sector",bavaria,code09,,,,
2015,criminal proceedings,"haulage, transport and associated logistics sector",bavaria,code09,,,,
2016,criminal proceedings,"haulage, transport and associated logistics sector",bavaria,code09,,,,
2017,criminal proceedings,"haulage, transport and associated logistics sector",bavaria,code09,,,,
2018,criminal proceedings,"haulage, transport and associated logistics sector",bavaria,code09,,,,
2019,criminal proceedings,"haulage, transport and associated logistics sector",bavaria,code09,,,,
2020,criminal proceedings,"haulage, transport and associated logistics sector",bavaria,code09,,,,
2021,criminal proceedings,"haulage, transport and associated logistics sector",bavaria,code09,,,,
2022,criminal proceedings,"haulage, transport and associated logistics sector",bavaria,code09,,,,
2023,criminal proceedings,"haulage, transport and associated logistics sector",bavaria,code09,,,,
2024,criminal proceedings,"haulage, transport and associated logistics sector",bavaria,code09,,,,530
2025,criminal proceedings,"haulage, transport and associated logistics sector",bavaria,code09,,,,581
2010,criminal proceedings,,berlin,code11,,,,
2011,criminal proceedings,,berlin,code11,,,,
2012,criminal proceedings,,berlin,code11,,,,
2013,criminal proceedings,,berlin,code11,,,,
2014,criminal proceedings,,berlin,code11,,,,
2015,criminal proceedings,,berlin,code11,,,,
2016,criminal proceedings,,berlin,code11,,,,
2017,criminal proceedings,,berlin,code11,,,,
2018,criminal proceedings,,berlin,code11,,,,
2019,criminal proceedings,,berlin,code11,,,,
2020,criminal proceedings,,berlin,code11,,,,
2021,criminal proceedings,,berlin,code11,,,,
2022,criminal proceedings,,berlin,code11,,,,
2023,criminal proceedings,,berlin,code11,,,,
2024,criminal proceedings,,berlin,code11,,,,4200
2025,criminal proceedings,,berlin,code11,,,,4530
2010,criminal proceedings,construction sector,berlin,code11,,,,
2011,criminal proceedings,construction sector,berlin,code11,,,,
2012,criminal proceedings,construction sector,berlin,code11,,,,
2013,criminal proceedings,construction sector,berlin,code11,,,,
2014,criminal proceedings,construction sector,berlin,code11,,,,
2015,criminal proceedings,construction sector,berlin,code11,,,,
2016,criminal proceedings,construction sector,berlin,code11,,,,
2017,criminal proceedings,construction sector,berlin,code11,,,,
2018,criminal proceedings,construction sector,berlin,code11,,,,
2019,criminal proceedings,construction sector,berlin,code11,,,,
2020,criminal proceedings,construction sector,berlin,code11,,,,
2021,criminal proceedings,construction sector,berlin,code11,,,,
2022,criminal proceedings,construction sector,berlin,code11,,,,
2023,criminal proceedings,construction sector,berlin,code11,,,,
2024,criminal proceedings,construction sector,berlin,code11,,,,216
2025,criminal proceedings,construction sector,berlin,code11,,,,208
2010,criminal proceedings,catering and hotel sector,berlin,code11,,,,
2011,criminal proceedings,catering and hotel sector,berlin,code11,,,,
2012,criminal proceedings,catering and hotel sector,berlin,code11,,,,
2013,criminal proceedings,catering and hotel sector,berlin,code11,,,,
2014,criminal proceedings,catering and hotel sector,berlin,code11,,,,
2015,criminal proceedings,catering and hotel sector,berlin,code11,,,,
2016,criminal proceedings,catering and hotel sector,berlin,code11,,,,
2017,criminal proceedings,catering and hotel sector,berlin,code11,,,,
2018,criminal proceedings,catering and hotel sector,berlin,code11,,,,
2019,criminal proceedings,catering and hotel sector,berlin,code11,,,,
2020,criminal proceedings,catering and hotel sector,berlin,code11,,,,
2021,criminal proceedings,catering and hotel sector,berlin,code11,,,,
2022,criminal proceedings,catering and hotel sector,berlin,code11,,,,
2023,criminal proceedings,catering and hotel sector,berlin,code11,,,,
2024,criminal proceedings,catering and hotel sector,berlin,code11,,,,493
2025,criminal proceedings,catering and hotel sector,berlin,code11,,,,487
2010,criminal proceedings,hairdressing and beauty sector,berlin,code11,,,,
2011,criminal proceedings,hairdressing and beauty sector,berlin,code11,,,,
2012,criminal proceedings,hairdressing and beauty sector,berlin,code11,,,,
2013,criminal proceedings,hairdressing and beauty sector,berlin,code11,,,,
2014,criminal proceedings,hairdressing and beauty sector,berlin,code11,,,,
2015,criminal proceedings,hairdressing and beauty sector,berlin,code11,,,,
2016,criminal proceedings,hairdressing and beauty sector,berlin,code11,,,,
2017,criminal proceedings,hairdressing and beauty sector,berlin,code11,,,,
2018,criminal proceedings,hairdressing and beauty sector,berlin,code11,,,,
2019,criminal proceedings,hairdressing and beauty sector,berlin,code11,,,,
2020,criminal proceedings,hairdressing and beauty sector,berlin,code11,,,,
2021,criminal proceedings,hairdressing and beauty sector,berlin,code11,,,,
2022,criminal proceedings,hairdressing and beauty sector,berlin,code11,,,,
2023,criminal proceedings,hairdressing and beauty sector,berlin,code11,,,,
2024,criminal proceedings,hairdressing and beauty sector,berlin,code11,,,,116
2025,criminal proceedings,hairdressing and beauty sector,berlin,code11,,,,161
2010,criminal proceedings,"haulage, transport and associated logistics sector",berlin,code11,,,,
2011,criminal proceedings,"haulage, transport and associated logistics sector",berlin,code11,,,,
2012,criminal proceedings,"haulage, transport and associated logistics sector",berlin,code11,,,,
2013,criminal proceedings,"haulage, transport and associated logistics sector",berlin,code11,,,,
2014,criminal proceedings,"haulage, transport and associated logistics sector",berlin,code11,,,,
2015,criminal proceedings,"haulage, transport and associated logistics sector",berlin,code11,,,,
2016,criminal proceedings,"haulage, transport and associated logistics sector",berlin,code11,,,,
2017,criminal proceedings,"haulage, transport and associated logistics sector",berlin,code11,,,,
2018,criminal proceedings,"haulage, transport and associated logistics sector",berlin,code11,,,,
2019,criminal proceedings,"haulage, transport and associated logistics sector",berlin,code11,,,,
2020,criminal proceedings,"haulage, transport and associated logistics sector",berlin,code11,,,,
2021,criminal proceedings,"haulage, transport and associated logistics sector",berlin,code11,,,,
2022,criminal proceedings,"haulage, transport and associated logistics sector",berlin,code11,,,,
2023,criminal proceedings,"haulage, transport and associated logistics sector",berlin,code11,,,,
2024,criminal proceedings,"haulage, transport and associated logistics sector",berlin,code11,,,,108
2025,criminal proceedings,"haulage, transport and associated logistics sector",berlin,code11,,,,164
2010,criminal proceedings,,brandenburg,code12,,,,
2011,criminal proceedings,,brandenburg,code12,,,,
2012,criminal proceedings,,brandenburg,code12,,,,
2013,criminal proceedings,,brandenburg,code12,,,,
2014,criminal proceedings,,brandenburg,code12,,,,
2015,criminal proceedings,,brandenburg,code12,,,,
2016,criminal proceedings,,brandenburg,code12,,,,
2017,criminal proceedings,,brandenburg,code12,,,,
2018,criminal proceedings,,brandenburg,code12,,,,
2019,criminal proceedings,,brandenburg,code12,,,,
2020,criminal proceedings,,brandenburg,code12,,,,
2021,criminal proceedings,,brandenburg,code12,,,,
2022,criminal proceedings,,brandenburg,code12,,,,
2023,criminal proceedings,,brandenburg,code12,,,,
2024,criminal proceedings,,brandenburg,code12,,,,2794
2025,criminal proceedings,,brandenburg,code12,,,,2902
2010,criminal proceedings,construction sector,brandenburg,code12,,,,
2011,criminal proceedings,construction sector,brandenburg,code12,,,,
2012,criminal proceedings,construction sector,brandenburg,code12,,,,
2013,criminal proceedings,construction sector,brandenburg,code12,,,,
2014,criminal proceedings,construction sector,brandenburg,code12,,,,
2015,criminal proceedings,construction sector,brandenburg,code12,,,,
2016,criminal proceedings,construction sector,brandenburg,code12,,,,
2017,criminal proceedings,construction sector,brandenburg,code12,,,,
2018,criminal proceedings,construction sector,brandenburg,code12,,,,
2019,criminal proceedings,construction sector,brandenburg,code12,,,,
2020,criminal proceedings,construction sector,brandenburg,code12,,,,
2021,criminal proceedings,construction sector,brandenburg,code12,,,,
2022,criminal proceedings,construction sector,brandenburg,code12,,,,
2023,criminal proceedings,construction sector,brandenburg,code12,,,,
2024,criminal proceedings,construction sector,brandenburg,code12,,,,267
2025,criminal proceedings,construction sector,brandenburg,code12,,,,288
2010,criminal proceedings,catering and hotel sector,brandenburg,code12,,,,
2011,criminal proceedings,catering and hotel sector,brandenburg,code12,,,,
2012,criminal proceedings,catering and hotel sector,brandenburg,code12,,,,
2013,criminal proceedings,catering and hotel sector,brandenburg,code12,,,,
2014,criminal proceedings,catering and hotel sector,brandenburg,code12,,,,
2015,criminal proceedings,catering and hotel sector,brandenburg,code12,,,,
2016,criminal proceedings,catering and hotel sector,brandenburg,code12,,,,
2017,criminal proceedings,catering and hotel sector,brandenburg,code12,,,,
2018,criminal proceedings,catering and hotel sector,brandenburg,code12,,,,
2019,criminal proceedings,catering and hotel sector,brandenburg,code12,,,,
2020,criminal proceedings,catering and hotel sector,brandenburg,code12,,,,
2021,criminal proceedings,catering and hotel sector,brandenburg,code12,,,,
2022,criminal proceedings,catering and hotel sector,brandenburg,code12,,,,
2023,criminal proceedings,catering and hotel sector,brandenburg,code12,,,,
2024,criminal proceedings,catering and hotel sector,brandenburg,code12,,,,292
2025,criminal proceedings,catering and hotel sector,brandenburg,code12,,,,294
2010,criminal proceedings,hairdressing and beauty sector,brandenburg,code12,,,,
2011,criminal proceedings,hairdressing and beauty sector,brandenburg,code12,,,,
2012,criminal proceedings,hairdressing and beauty sector,brandenburg,code12,,,,
2013,criminal proceedings,hairdressing and beauty sector,brandenburg,code12,,,,
2014,criminal proceedings,hairdressing and beauty sector,brandenburg,code12,,,,
2015,criminal proceedings,hairdressing and beauty sector,brandenburg,code12,,,,
2016,criminal proceedings,hairdressing and beauty sector,brandenburg,code12,,,,
2017,criminal proceedings,hairdressing and beauty sector,brandenburg,code12,,,,
2018,criminal proceedings,hairdressing and beauty sector,brandenburg,code12,,,,
2019,criminal proceedings,hairdressing and beauty sector,brandenburg,code12,,,,
2020,criminal proceedings,hairdressing and beauty sector,brandenburg,code12,,,,
2021,criminal proceedings,hairdressing and beauty sector,brandenburg,code12,,,,
2022,criminal proceedings,hairdressing and beauty sector,brandenburg,code12,,,,
2023,criminal proceedings,hairdressing and beauty sector,brandenburg,code12,,,,
2024,criminal proceedings,hairdressing and beauty sector,brandenburg,code12,,,,37
2025,criminal proceedings,hairdressing and beauty sector,brandenburg,code12,,,,55
2010,criminal proceedings,"haulage, transport and associated logistics sector",brandenburg,code12,,,,
2011,criminal proceedings,"haulage, transport and associated logistics sector",brandenburg,code12,,,,
2012,criminal proceedings,"haulage, transport and associated logistics sector",brandenburg,code12,,,,
2013,criminal proceedings,"haulage, transport and associated logistics sector",brandenburg,code12,,,,
2014,criminal proceedings,"haulage, transport and associated logistics sector",brandenburg,code12,,,,
2015,criminal proceedings,"haulage, transport and associated logistics sector",brandenburg,code12,,,,
2016,criminal proceedings,"haulage, transport and associated logistics sector",brandenburg,code12,,,,
2017,criminal proceedings,"haulage, transport and associated logistics sector",brandenburg,code12,,,,
2018,criminal proceedings,"haulage, transport and associated logistics sector",brandenburg,code12,,,,
2019,criminal proceedings,"haulage, transport and associated logistics sector",brandenburg,code12,,,,
2020,criminal proceedings,"haulage, transport and associated logistics sector",brandenburg,code12,,,,
2021,criminal proceedings,"haulage, transport and associated logistics sector",brandenburg,code12,,,,
2022,criminal proceedings,"haulage, transport and associated logistics sector",brandenburg,code12,,,,
2023,criminal proceedings,"haulage, transport and associated logistics sector",brandenburg,code12,,,,
2024,criminal proceedings,"haulage, transport and associated logistics sector",brandenburg,code12,,,,66
2025,criminal proceedings,"haulage, transport and associated logistics sector",brandenburg,code12,,,,117
2010,criminal proceedings,,bremen,code04,,,,
2011,criminal proceedings,,bremen,code04,,,,
2012,criminal proceedings,,bremen,code04,,,,
2013,criminal proceedings,,bremen,code04,,,,
2014,criminal proceedings,,bremen,code04,,,,
2015,criminal proceedings,,bremen,code04,,,,
2016,criminal proceedings,,bremen,code04,,,,
2017,criminal proceedings,,bremen,code04,,,,
2018,criminal proceedings,,bremen,code04,,,,
2019,criminal proceedings,,bremen,code04,,,,
2020,criminal proceedings,,bremen,code04,,,,
2021,criminal proceedings,,bremen,code04,,,,
2022,criminal proceedings,,bremen,code04,,,,
2023,criminal proceedings,,bremen,code04,,,,
2024,criminal proceedings,,bremen,code04,,,,3108
2025,criminal proceedings,,bremen,code04,,,,3493
2010,criminal proceedings,construction sector,bremen,code04,,,,
2011,criminal proceedings,construction sector,bremen,code04,,,,
2012,criminal proceedings,construction sector,bremen,code04,,,,
2013,criminal proceedings,construction sector,bremen,code04,,,,
2014,criminal proceedings,construction sector,bremen,code04,,,,
2015,criminal proceedings,construction sector,bremen,code04,,,,
2016,criminal proceedings,construction sector,bremen,code04,,,,
2017,criminal proceedings,construction sector,bremen,code04,,,,
2018,criminal proceedings,construction sector,bremen,code04,,,,
2019,criminal proceedings,construction sector,bremen,code04,,,,
2020,criminal proceedings,construction sector,bremen,code04,,,,
2021,criminal proceedings,construction sector,bremen,code04,,,,
2022,criminal proceedings,construction sector,bremen,code04,,,,
2023,criminal proceedings,construction sector,bremen,code04,,,,
2024,criminal proceedings,construction sector,bremen,code04,,,,178
2025,criminal proceedings,construction sector,bremen,code04,,,,192
2010,criminal proceedings,catering and hotel sector,bremen,code04,,,,
2011,criminal proceedings,catering and hotel sector,bremen,code04,,,,
2012,criminal proceedings,catering and hotel sector,bremen,code04,,,,
2013,criminal proceedings,catering and hotel sector,bremen,code04,,,,
2014,criminal proceedings,catering and hotel sector,bremen,code04,,,,
2015,criminal proceedings,catering and hotel sector,bremen,code04,,,,
2016,criminal proceedings,catering and hotel sector,bremen,code04,,,,
2017,criminal proceedings,catering and hotel sector,bremen,code04,,,,
2018,criminal proceedings,catering and hotel sector,bremen,code04,,,,
2019,criminal proceedings,catering and hotel sector,bremen,code04,,,,
2020,criminal proceedings,catering and hotel sector,bremen,code04,,,,
2021,criminal proceedings,catering and hotel sector,bremen,code04,,,,
2022,criminal proceedings,catering and hotel sector,bremen,code04,,,,
2023,criminal proceedings,catering and hotel sector,bremen,code04,,,,
2024,criminal proceedings,catering and hotel sector,bremen,code04,,,,268
2025,criminal proceedings,catering and hotel sector,bremen,code04,,,,299
2010,criminal proceedings,hairdressing and beauty sector,bremen,code04,,,,
2011,criminal proceedings,hairdressing and beauty sector,bremen,code04,,,,
2012,criminal proceedings,hairdressing and beauty sector,bremen,code04,,,,
2013,criminal proceedings,hairdressing and beauty sector,bremen,code04,,,,
2014,criminal proceedings,hairdressing and beauty sector,bremen,code04,,,,
2015,criminal proceedings,hairdressing and beauty sector,bremen,code04,,,,
2016,criminal proceedings,hairdressing and beauty sector,bremen,code04,,,,
2017,criminal proceedings,hairdressing and beauty sector,bremen,code04,,,,
2018,criminal proceedings,hairdressing and beauty sector,bremen,code04,,,,
2019,criminal proceedings,hairdressing and beauty sector,bremen,code04,,,,
2020,criminal proceedings,hairdressing and beauty sector,bremen,code04,,,,
2021,criminal proceedings,hairdressing and beauty sector,bremen,code04,,,,
2022,criminal proceedings,hairdressing and beauty sector,bremen,code04,,,,
2023,criminal proceedings,hairdressing and beauty sector,bremen,code04,,,,
2024,criminal proceedings,hairdressing and beauty sector,bremen,code04,,,,47
2025,criminal proceedings,hairdressing and beauty sector,bremen,code04,,,,62
2010,criminal proceedings,"haulage, transport and associated logistics sector",bremen,code04,,,,
2011,criminal proceedings,"haulage, transport and associated logistics sector",bremen,code04,,,,
2012,criminal proceedings,"haulage, transport and associated logistics sector",bremen,code04,,,,
2013,criminal proceedings,"haulage, transport and associated logistics sector",bremen,code04,,,,
2014,criminal proceedings,"haulage, transport and associated logistics sector",bremen,code04,,,,
2015,criminal proceedings,"haulage, transport and associated logistics sector",bremen,code04,,,,
2016,criminal proceedings,"haulage, transport and associated logistics sector",bremen,code04,,,,
2017,criminal proceedings,"haulage, transport and associated logistics sector",bremen,code04,,,,
2018,criminal proceedings,"haulage, transport and associated logistics sector",bremen,code04,,,,
2019,criminal proceedings,"haulage, transport and associated logistics sector",bremen,code04,,,,
2020,criminal proceedings,"haulage, transport and associated logistics sector",bremen,code04,,,,
2021,criminal proceedings,"haulage, transport and associated logistics sector",bremen,code04,,,,
2022,criminal proceedings,"haulage, transport and associated logistics sector",bremen,code04,,,,
2023,criminal proceedings,"haulage, transport and associated logistics sector",bremen,code04,,,,
2024,criminal proceedings,"haulage, transport and associated logistics sector",bremen,code04,,,,131
2025,criminal proceedings,"haulage, transport and associated logistics sector",bremen,code04,,,,109
2010,criminal proceedings,,hamburg,code02,,,,
2011,criminal proceedings,,hamburg,code02,,,,
2012,criminal proceedings,,hamburg,code02,,,,
2013,criminal proceedings,,hamburg,code02,,,,
2014,criminal proceedings,,hamburg,code02,,,,
2015,criminal proceedings,,hamburg,code02,,,,
2016,criminal proceedings,,hamburg,code02,,,,
2017,criminal proceedings,,hamburg,code02,,,,
2018,criminal proceedings,,hamburg,code02,,,,
2019,criminal proceedings,,hamburg,code02,,,,
2020,criminal proceedings,,hamburg,code02,,,,
2021,criminal proceedings,,hamburg,code02,,,,
2022,criminal proceedings,,hamburg,code02,,,,
2023,criminal proceedings,,hamburg,code02,,,,
2024,criminal proceedings,,hamburg,code02,,,,3817
2025,criminal proceedings,,hamburg,code02,,,,2896
2010,criminal proceedings,construction sector,hamburg,code02,,,,
2011,criminal proceedings,construction sector,hamburg,code02,,,,
2012,criminal proceedings,construction sector,hamburg,code02,,,,
2013,criminal proceedings,construction sector,hamburg,code02,,,,
2014,criminal proceedings,construction sector,hamburg,code02,,,,
2015,criminal proceedings,construction sector,hamburg,code02,,,,
2016,criminal proceedings,construction sector,hamburg,code02,,,,
2017,criminal proceedings,construction sector,hamburg,code02,,,,
2018,criminal proceedings,construction sector,hamburg,code02,,,,
2019,criminal proceedings,construction sector,hamburg,code02,,,,
2020,criminal proceedings,construction sector,hamburg,code02,,,,
2021,criminal proceedings,construction sector,hamburg,code02,,,,
2022,criminal proceedings,construction sector,hamburg,code02,,,,
2023,criminal proceedings,construction sector,hamburg,code02,,,,
2024,criminal proceedings,construction sector,hamburg,code02,,,,348
2025,criminal proceedings,construction sector,hamburg,code02,,,,285
2010,criminal proceedings,catering and hotel sector,hamburg,code02,,,,
2011,criminal proceedings,catering and hotel sector,hamburg,code02,,,,
2012,criminal proceedings,catering and hotel sector,hamburg,code02,,,,
2013,criminal proceedings,catering and hotel sector,hamburg,code02,,,,
2014,criminal proceedings,catering and hotel sector,hamburg,code02,,,,
2015,criminal proceedings,catering and hotel sector,hamburg,code02,,,,
2016,criminal proceedings,catering and hotel sector,hamburg,code02,,,,
2017,criminal proceedings,catering and hotel sector,hamburg,code02,,,,
2018,criminal proceedings,catering and hotel sector,hamburg,code02,,,,
2019,criminal proceedings,catering and hotel sector,hamburg,code02,,,,
2020,criminal proceedings,catering and hotel sector,hamburg,code02,,,,
2021,criminal proceedings,catering and hotel sector,hamburg,code02,,,,
2022,criminal proceedings,catering and hotel sector,hamburg,code02,,,,
2023,criminal proceedings,catering and hotel sector,hamburg,code02,,,,
2024,criminal proceedings,catering and hotel sector,hamburg,code02,,,,549
2025,criminal proceedings,catering and hotel sector,hamburg,code02,,,,404
2010,criminal proceedings,hairdressing and beauty sector,hamburg,code02,,,,
2011,criminal proceedings,hairdressing and beauty sector,hamburg,code02,,,,
2012,criminal proceedings,hairdressing and beauty sector,hamburg,code02,,,,
2013,criminal proceedings,hairdressing and beauty sector,hamburg,code02,,,,
2014,criminal proceedings,hairdressing and beauty sector,hamburg,code02,,,,
2015,criminal proceedings,hairdressing and beauty sector,hamburg,code02,,,,
2016,criminal proceedings,hairdressing and beauty sector,hamburg,code02,,,,
2017,criminal proceedings,hairdressing and beauty sector,hamburg,code02,,,,
2018,criminal proceedings,hairdressing and beauty sector,hamburg,code02,,,,
2019,criminal proceedings,hairdressing and beauty sector,hamburg,code02,,,,
2020,criminal proceedings,hairdressing and beauty sector,hamburg,code02,,,,
2021,criminal proceedings,hairdressing and beauty sector,hamburg,code02,,,,
2022,criminal proceedings,hairdressing and beauty sector,hamburg,code02,,,,
2023,criminal proceedings,hairdressing and beauty sector,hamburg,code02,,,,
2024,criminal proceedings,hairdressing and beauty sector,hamburg,code02,,,,104
2025,criminal proceedings,hairdressing and beauty sector,hamburg,code02,,,,104
2010,criminal proceedings,"haulage, transport and associated logistics sector",hamburg,code02,,,,
2011,criminal proceedings,"haulage, transport and associated logistics sector",hamburg,code02,,,,
2012,criminal proceedings,"haulage, transport and associated logistics sector",hamburg,code02,,,,
2013,criminal proceedings,"haulage, transport and associated logistics sector",hamburg,code02,,,,
2014,criminal proceedings,"haulage, transport and associated logistics sector",hamburg,code02,,,,
2015,criminal proceedings,"haulage, transport and associated logistics sector",hamburg,code02,,,,
2016,criminal proceedings,"haulage, transport and associated logistics sector",hamburg,code02,,,,
2017,criminal proceedings,"haulage, transport and associated logistics sector",hamburg,code02,,,,
2018,criminal proceedings,"haulage, transport and associated logistics sector",hamburg,code02,,,,
2019,criminal proceedings,"haulage, transport and associated logistics sector",hamburg,code02,,,,
2020,criminal proceedings,"haulage, transport and associated logistics sector",hamburg,code02,,,,
2021,criminal proceedings,"haulage, transport and associated logistics sector",hamburg,code02,,,,
2022,criminal proceedings,"haulage, transport and associated logistics sector",hamburg,code02,,,,
2023,criminal proceedings,"haulage, transport and associated logistics sector",hamburg,code02,,,,
2024,criminal proceedings,"haulage, transport and associated logistics sector",hamburg,code02,,,,292
2025,criminal proceedings,"haulage, transport and associated logistics sector",hamburg,code02,,,,212
2010,criminal proceedings,,hesse,code06,,,,
2011,criminal proceedings,,hesse,code06,,,,
2012,criminal proceedings,,hesse,code06,,,,
2013,criminal proceedings,,hesse,code06,,,,
2014,criminal proceedings,,hesse,code06,,,,
2015,criminal proceedings,,hesse,code06,,,,
2016,criminal proceedings,,hesse,code06,,,,
2017,criminal proceedings,,hesse,code06,,,,
2018,criminal proceedings,,hesse,code06,,,,
2019,criminal proceedings,,hesse,code06,,,,
2020,criminal proceedings,,hesse,code06,,,,
2021,criminal proceedings,,hesse,code06,,,,
2022,criminal proceedings,,hesse,code06,,,,
2023,criminal proceedings,,hesse,code06,,,,
2024,criminal proceedings,,hesse,code06,,,,7411
2025,criminal proceedings,,hesse,code06,,,,7984
2010,criminal proceedings,construction sector,hesse,code06,,,,
2011,criminal proceedings,construction sector,hesse,code06,,,,
2012,criminal proceedings,construction sector,hesse,code06,,,,
2013,criminal proceedings,construction sector,hesse,code06,,,,
2014,criminal proceedings,construction sector,hesse,code06,,,,
2015,criminal proceedings,construction sector,hesse,code06,,,,
2016,criminal proceedings,construction sector,hesse,code06,,,,
2017,criminal proceedings,construction sector,hesse,code06,,,,
2018,criminal proceedings,construction sector,hesse,code06,,,,
2019,criminal proceedings,construction sector,hesse,code06,,,,
2020,criminal proceedings,construction sector,hesse,code06,,,,
2021,criminal proceedings,construction sector,hesse,code06,,,,
2022,criminal proceedings,construction sector,hesse,code06,,,,
2023,criminal proceedings,construction sector,hesse,code06,,,,
2024,criminal proceedings,construction sector,hesse,code06,,,,1209
2025,criminal proceedings,construction sector,hesse,code06,,,,1028
2010,criminal proceedings,catering and hotel sector,hesse,code06,,,,
2011,criminal proceedings,catering and hotel sector,hesse,code06,,,,
2012,criminal proceedings,catering and hotel sector,hesse,code06,,,,
2013,criminal proceedings,catering and hotel sector,hesse,code06,,,,
2014,criminal proceedings,catering and hotel sector,hesse,code06,,,,
2015,criminal proceedings,catering and hotel sector,hesse,code06,,,,
2016,criminal proceedings,catering and hotel sector,hesse,code06,,,,
2017,criminal proceedings,catering and hotel sector,hesse,code06,,,,
2018,criminal proceedings,catering and hotel sector,hesse,code06,,,,
2019,criminal proceedings,catering and hotel sector,hesse,code06,,,,
2020,criminal proceedings,catering and hotel sector,hesse,code06,,,,
2021,criminal proceedings,catering and hotel sector,hesse,code06,,,,
2022,criminal proceedings,catering and hotel sector,hesse,code06,,,,
2023,criminal proceedings,catering and hotel sector,hesse,code06,,,,
2024,criminal proceedings,catering and hotel sector,hesse,code06,,,,556
2025,criminal proceedings,catering and hotel sector,hesse,code06,,,,590
2010,criminal proceedings,hairdressing and beauty sector,hesse,code06,,,,
2011,criminal proceedings,hairdressing and beauty sector,hesse,code06,,,,
2012,criminal proceedings,hairdressing and beauty sector,hesse,code06,,,,
2013,criminal proceedings,hairdressing and beauty sector,hesse,code06,,,,
2014,criminal proceedings,hairdressing and beauty sector,hesse,code06,,,,
2015,criminal proceedings,hairdressing and beauty sector,hesse,code06,,,,
2016,criminal proceedings,hairdressing and beauty sector,hesse,code06,,,,
2017,criminal proceedings,hairdressing and beauty sector,hesse,code06,,,,
2018,criminal proceedings,hairdressing and beauty sector,hesse,code06,,,,
2019,criminal proceedings,hairdressing and beauty sector,hesse,code06,,,,
2020,criminal proceedings,hairdressing and beauty sector,hesse,code06,,,,
2021,criminal proceedings,hairdressing and beauty sector,hesse,code06,,,,
2022,criminal proceedings,hairdressing and beauty sector,hesse,code06,,,,
2023,criminal proceedings,hairdressing and beauty sector,hesse,code06,,,,
2024,criminal proceedings,hairdressing and beauty sector,hesse,code06,,,,80
2025,criminal proceedings,hairdressing and beauty sector,hesse,code06,,,,154
2010,criminal proceedings,"haulage, transport and associated logistics sector",hesse,code06,,,,
2011,criminal proceedings,"haulage, transport and associated logistics sector",hesse,code06,,,,
2012,criminal proceedings,"haulage, transport and associated logistics sector",hesse,code06,,,,
2013,criminal proceedings,"haulage, transport and associated logistics sector",hesse,code06,,,,
2014,criminal proceedings,"haulage, transport and associated logistics sector",hesse,code06,,,,
2015,criminal proceedings,"haulage, transport and associated logistics sector",hesse,code06,,,,
2016,criminal proceedings,"haulage, transport and associated logistics sector",hesse,code06,,,,
2017,criminal proceedings,"haulage, transport and associated logistics sector",hesse,code06,,,,
2018,criminal proceedings,"haulage, transport and associated logistics sector",hesse,code06,,,,
2019,criminal proceedings,"haulage, transport and associated logistics sector",hesse,code06,,,,
2020,criminal proceedings,"haulage, transport and associated logistics sector",hesse,code06,,,,
2021,criminal proceedings,"haulage, transport and associated logistics sector",hesse,code06,,,,
2022,criminal proceedings,"haulage, transport and associated logistics sector",hesse,code06,,,,
2023,criminal proceedings,"haulage, transport and associated logistics sector",hesse,code06,,,,
2024,criminal proceedings,"haulage, transport and associated logistics sector",hesse,code06,,,,225
2025,criminal proceedings,"haulage, transport and associated logistics sector",hesse,code06,,,,266
2010,criminal proceedings,,mecklenburg western pomerania,code13,,,,
2011,criminal proceedings,,mecklenburg western pomerania,code13,,,,
2012,criminal proceedings,,mecklenburg western pomerania,code13,,,,
2013,criminal proceedings,,mecklenburg western pomerania,code13,,,,
2014,criminal proceedings,,mecklenburg western pomerania,code13,,,,
2015,criminal proceedings,,mecklenburg western pomerania,code13,,,,
2016,criminal proceedings,,mecklenburg western pomerania,code13,,,,
2017,criminal proceedings,,mecklenburg western pomerania,code13,,,,
2018,criminal proceedings,,mecklenburg western pomerania,code13,,,,
2019,criminal proceedings,,mecklenburg western pomerania,code13,,,,
2020,criminal proceedings,,mecklenburg western pomerania,code13,,,,
2021,criminal proceedings,,mecklenburg western pomerania,code13,,,,
2022,criminal proceedings,,mecklenburg western pomerania,code13,,,,
2023,criminal proceedings,,mecklenburg western pomerania,code13,,,,
2024,criminal proceedings,,mecklenburg western pomerania,code13,,,,2375
2025,criminal proceedings,,mecklenburg western pomerania,code13,,,,2287
2010,criminal proceedings,construction sector,mecklenburg western pomerania,code13,,,,
2011,criminal proceedings,construction sector,mecklenburg western pomerania,code13,,,,
2012,criminal proceedings,construction sector,mecklenburg western pomerania,code13,,,,
2013,criminal proceedings,construction sector,mecklenburg western pomerania,code13,,,,
2014,criminal proceedings,construction sector,mecklenburg western pomerania,code13,,,,
2015,criminal proceedings,construction sector,mecklenburg western pomerania,code13,,,,
2016,criminal proceedings,construction sector,mecklenburg western pomerania,code13,,,,
2017,criminal proceedings,construction sector,mecklenburg western pomerania,code13,,,,
2018,criminal proceedings,construction sector,mecklenburg western pomerania,code13,,,,
2019,criminal proceedings,construction sector,mecklenburg western pomerania,code13,,,,
2020,criminal proceedings,construction sector,mecklenburg western pomerania,code13,,,,
2021,criminal proceedings,construction sector,mecklenburg western pomerania,code13,,,,
2022,criminal proceedings,construction sector,mecklenburg western pomerania,code13,,,,
2023,criminal proceedings,construction sector,mecklenburg western pomerania,code13,,,,
2024,criminal proceedings,construction sector,mecklenburg western pomerania,code13,,,,111
2025,criminal proceedings,construction sector,mecklenburg western pomerania,code13,,,,86
2010,criminal proceedings,catering and hotel sector,mecklenburg western pomerania,code13,,,,
2011,criminal proceedings,catering and hotel sector,mecklenburg western pomerania,code13,,,,
2012,criminal proceedings,catering and hotel sector,mecklenburg western pomerania,code13,,,,
2013,criminal proceedings,catering and hotel sector,mecklenburg western pomerania,code13,,,,
2014,criminal proceedings,catering and hotel sector,mecklenburg western pomerania,code13,,,,
2015,criminal proceedings,catering and hotel sector,mecklenburg western pomerania,code13,,,,
2016,criminal proceedings,catering and hotel sector,mecklenburg western pomerania,code13,,,,
2017,criminal proceedings,catering and hotel sector,mecklenburg western pomerania,code13,,,,
2018,criminal proceedings,catering and hotel sector,mecklenburg western pomerania,code13,,,,
2019,criminal proceedings,catering and hotel sector,mecklenburg western pomerania,code13,,,,
2020,criminal proceedings,catering and hotel sector,mecklenburg western pomerania,code13,,,,
2021,criminal proceedings,catering and hotel sector,mecklenburg western pomerania,code13,,,,
2022,criminal proceedings,catering and hotel sector,mecklenburg western pomerania,code13,,,,
2023,criminal proceedings,catering and hotel sector,mecklenburg western pomerania,code13,,,,
2024,criminal proceedings,catering and hotel sector,mecklenburg western pomerania,code13,,,,127
2025,criminal proceedings,catering and hotel sector,mecklenburg western pomerania,code13,,,,117
2010,criminal proceedings,hairdressing and beauty sector,mecklenburg western pomerania,code13,,,,
2011,criminal proceedings,hairdressing and beauty sector,mecklenburg western pomerania,code13,,,,
2012,criminal proceedings,hairdressing and beauty sector,mecklenburg western pomerania,code13,,,,
2013,criminal proceedings,hairdressing and beauty sector,mecklenburg western pomerania,code13,,,,
2014,criminal proceedings,hairdressing and beauty sector,mecklenburg western pomerania,code13,,,,
2015,criminal proceedings,hairdressing and beauty sector,mecklenburg western pomerania,code13,,,,
2016,criminal proceedings,hairdressing and beauty sector,mecklenburg western pomerania,code13,,,,
2017,criminal proceedings,hairdressing and beauty sector,mecklenburg western pomerania,code13,,,,
2018,criminal proceedings,hairdressing and beauty sector,mecklenburg western pomerania,code13,,,,
2019,criminal proceedings,hairdressing and beauty sector,mecklenburg western pomerania,code13,,,,
2020,criminal proceedings,hairdressing and beauty sector,mecklenburg western pomerania,code13,,,,
2021,criminal proceedings,hairdressing and beauty sector,mecklenburg western pomerania,code13,,,,
2022,criminal proceedings,hairdressing and beauty sector,mecklenburg western pomerania,code13,,,,
2023,criminal proceedings,hairdressing and beauty sector,mecklenburg western pomerania,code13,,,,
2024,criminal proceedings,hairdressing and beauty sector,mecklenburg western pomerania,code13,,,,20
2025,criminal proceedings,hairdressing and beauty sector,mecklenburg western pomerania,code13,,,,19
2010,criminal proceedings,"haulage, transport and associated logistics sector",mecklenburg western pomerania,code13,,,,
2011,criminal proceedings,"haulage, transport and associated logistics sector",mecklenburg western pomerania,code13,,,,
2012,criminal proceedings,"haulage, transport and associated logistics sector",mecklenburg western pomerania,code13,,,,
2013,criminal proceedings,"haulage, transport and associated logistics sector",mecklenburg western pomerania,code13,,,,
2014,criminal proceedings,"haulage, transport and associated logistics sector",mecklenburg western pomerania,code13,,,,
2015,criminal proceedings,"haulage, transport and associated logistics sector",mecklenburg western pomerania,code13,,,,
2016,criminal proceedings,"haulage, transport and associated logistics sector",mecklenburg western pomerania,code13,,,,
2017,criminal proceedings,"haulage, transport and associated logistics sector",mecklenburg western pomerania,code13,,,,
2018,criminal proceedings,"haulage, transport and associated logistics sector",mecklenburg western pomerania,code13,,,,
2019,criminal proceedings,"haulage, transport and associated logistics sector",mecklenburg western pomerania,code13,,,,
2020,criminal proceedings,"haulage, transport and associated logistics sector",mecklenburg western pomerania,code13,,,,
2021,criminal proceedings,"haulage, transport and associated logistics sector",mecklenburg western pomerania,code13,,,,
2022,criminal proceedings,"haulage, transport and associated logistics sector",mecklenburg western pomerania,code13,,,,
2023,criminal proceedings,"haulage, transport and associated logistics sector",mecklenburg western pomerania,code13,,,,
2024,criminal proceedings,"haulage, transport and associated logistics sector",mecklenburg western pomerania,code13,,,,12
2025,criminal proceedings,"haulage, transport and associated logistics sector",mecklenburg western pomerania,code13,,,,16
2010,criminal proceedings,,lower saxony,code03,,,,
2011,criminal proceedings,,lower saxony,code03,,,,
2012,criminal proceedings,,lower saxony,code03,,,,
2013,criminal proceedings,,lower saxony,code03,,,,
2014,criminal proceedings,,lower saxony,code03,,,,
2015,criminal proceedings,,lower saxony,code03,,,,
2016,criminal proceedings,,lower saxony,code03,,,,
2017,criminal proceedings,,lower saxony,code03,,,,
2018,criminal proceedings,,lower saxony,code03,,,,
2019,criminal proceedings,,lower saxony,code03,,,,
2020,criminal proceedings,,lower saxony,code03,,,,
2021,criminal proceedings,,lower saxony,code03,,,,
2022,criminal proceedings,,lower saxony,code03,,,,
2023,criminal proceedings,,lower saxony,code03,,,,
2024,criminal proceedings,,lower saxony,code03,,,,9076
2025,criminal proceedings,,lower saxony,code03,,,,8306
2010,criminal proceedings,construction sector,lower saxony,code03,,,,
2011,criminal proceedings,construction sector,lower saxony,code03,,,,
2012,criminal proceedings,construction sector,lower saxony,code03,,,,
2013,criminal proceedings,construction sector,lower saxony,code03,,,,
2014,criminal proceedings,construction sector,lower saxony,code03,,,,
2015,criminal proceedings,construction sector,lower saxony,code03,,,,
2016,criminal proceedings,construction sector,lower saxony,code03,,,,
2017,criminal proceedings,construction sector,lower saxony,code03,,,,
2018,criminal proceedings,construction sector,lower saxony,code03,,,,
2019,criminal proceedings,construction sector,lower saxony,code03,,,,
2020,criminal proceedings,construction sector,lower saxony,code03,,,,
2021,criminal proceedings,construction sector,lower saxony,code03,,,,
2022,criminal proceedings,construction sector,lower saxony,code03,,,,
2023,criminal proceedings,construction sector,lower saxony,code03,,,,
2024,criminal proceedings,construction sector,lower saxony,code03,,,,851
2025,criminal proceedings,construction sector,lower saxony,code03,,,,618
2010,criminal proceedings,catering and hotel sector,lower saxony,code03,,,,
2011,criminal proceedings,catering and hotel sector,lower saxony,code03,,,,
2012,criminal proceedings,catering and hotel sector,lower saxony,code03,,,,
2013,criminal proceedings,catering and hotel sector,lower saxony,code03,,,,
2014,criminal proceedings,catering and hotel sector,lower saxony,code03,,,,
2015,criminal proceedings,catering and hotel sector,lower saxony,code03,,,,
2016,criminal proceedings,catering and hotel sector,lower saxony,code03,,,,
2017,criminal proceedings,catering and hotel sector,lower saxony,code03,,,,
2018,criminal proceedings,catering and hotel sector,lower saxony,code03,,,,
2019,criminal proceedings,catering and hotel sector,lower saxony,code03,,,,
2020,criminal proceedings,catering and hotel sector,lower saxony,code03,,,,
2021,criminal proceedings,catering and hotel sector,lower saxony,code03,,,,
2022,criminal proceedings,catering and hotel sector,lower saxony,code03,,,,
2023,criminal proceedings,catering and hotel sector,lower saxony,code03,,,,
2024,criminal proceedings,catering and hotel sector,lower saxony,code03,,,,781
2025,criminal proceedings,catering and hotel sector,lower saxony,code03,,,,746
2010,criminal proceedings,hairdressing and beauty sector,lower saxony,code03,,,,
2011,criminal proceedings,hairdressing and beauty sector,lower saxony,code03,,,,
2012,criminal proceedings,hairdressing and beauty sector,lower saxony,code03,,,,
2013,criminal proceedings,hairdressing and beauty sector,lower saxony,code03,,,,
2014,criminal proceedings,hairdressing and beauty sector,lower saxony,code03,,,,
2015,criminal proceedings,hairdressing and beauty sector,lower saxony,code03,,,,
2016,criminal proceedings,hairdressing and beauty sector,lower saxony,code03,,,,
2017,criminal proceedings,hairdressing and beauty sector,lower saxony,code03,,,,
2018,criminal proceedings,hairdressing and beauty sector,lower saxony,code03,,,,
2019,criminal proceedings,hairdressing and beauty sector,lower saxony,code03,,,,
2020,criminal proceedings,hairdressing and beauty sector,lower saxony,code03,,,,
2021,criminal proceedings,hairdressing and beauty sector,lower saxony,code03,,,,
2022,criminal proceedings,hairdressing and beauty sector,lower saxony,code03,,,,
2023,criminal proceedings,hairdressing and beauty sector,lower saxony,code03,,,,
2024,criminal proceedings,hairdressing and beauty sector,lower saxony,code03,,,,56
2025,criminal proceedings,hairdressing and beauty sector,lower saxony,code03,,,,58
2010,criminal proceedings,"haulage, transport and associated logistics sector",lower saxony,code03,,,,
2011,criminal proceedings,"haulage, transport and associated logistics sector",lower saxony,code03,,,,
2012,criminal proceedings,"haulage, transport and associated logistics sector",lower saxony,code03,,,,
2013,criminal proceedings,"haulage, transport and associated logistics sector",lower saxony,code03,,,,
2014,criminal proceedings,"haulage, transport and associated logistics sector",lower saxony,code03,,,,
2015,criminal proceedings,"haulage, transport and associated logistics sector",lower saxony,code03,,,,
2016,criminal proceedings,"haulage, transport and associated logistics sector",lower saxony,code03,,,,
2017,criminal proceedings,"haulage, transport and associated logistics sector",lower saxony,code03,,,,
2018,criminal proceedings,"haulage, transport and associated logistics sector",lower saxony,code03,,,,
2019,criminal proceedings,"haulage, transport and associated logistics sector",lower saxony,code03,,,,
2020,criminal proceedings,"haulage, transport and associated logistics sector",lower saxony,code03,,,,
2021,criminal proceedings,"haulage, transport and associated logistics sector",lower saxony,code03,,,,
2022,criminal proceedings,"haulage, transport and associated logistics sector",lower saxony,code03,,,,
2023,criminal proceedings,"haulage, transport and associated logistics sector",lower saxony,code03,,,,
2024,criminal proceedings,"haulage, transport and associated logistics sector",lower saxony,code03,,,,323
2025,criminal proceedings,"haulage, transport and associated logistics sector",lower saxony,code03,,,,353
2010,criminal proceedings,,north rhine-westphalia,code05,,,,
2011,criminal proceedings,,north rhine-westphalia,code05,,,,
2012,criminal proceedings,,north rhine-westphalia,code05,,,,
2013,criminal proceedings,,north rhine-westphalia,code05,,,,
2014,criminal proceedings,,north rhine-westphalia,code05,,,,
2015,criminal proceedings,,north rhine-westphalia,code05,,,,
2016,criminal proceedings,,north rhine-westphalia,code05,,,,
2017,criminal proceedings,,north rhine-westphalia,code05,,,,
2018,criminal proceedings,,north rhine-westphalia,code05,,,,
2019,criminal proceedings,,north rhine-westphalia,code05,,,,
2020,criminal proceedings,,north rhine-westphalia,code05,,,,
2021,criminal proceedings,,north rhine-westphalia,code05,,,,
2022,criminal proceedings,,north rhine-westphalia,code05,,,,
2023,criminal proceedings,,north rhine-westphalia,code05,,,,
2024,criminal proceedings,,north rhine-westphalia,code05,,,,21974
2025,criminal proceedings,,north rhine-westphalia,code05,,,,24301
2010,criminal proceedings,construction sector,north rhine-westphalia,code05,,,,
2011,criminal proceedings,construction sector,north rhine-westphalia,code05,,,,
2012,criminal proceedings,construction sector,north rhine-westphalia,code05,,,,
2013,criminal proceedings,construction sector,north rhine-westphalia,code05,,,,
2014,criminal proceedings,construction sector,north rhine-westphalia,code05,,,,
2015,criminal proceedings,construction sector,north rhine-westphalia,code05,,,,
2016,criminal proceedings,construction sector,north rhine-westphalia,code05,,,,
2017,criminal proceedings,construction sector,north rhine-westphalia,code05,,,,
2018,criminal proceedings,construction sector,north rhine-westphalia,code05,,,,
2019,criminal proceedings,construction sector,north rhine-westphalia,code05,,,,
2020,criminal proceedings,construction sector,north rhine-westphalia,code05,,,,
2021,criminal proceedings,construction sector,north rhine-westphalia,code05,,,,
2022,criminal proceedings,construction sector,north rhine-westphalia,code05,,,,
2023,criminal proceedings,construction sector,north rhine-westphalia,code05,,,,
2024,criminal proceedings,construction sector,north rhine-westphalia,code05,,,,2109
2025,criminal proceedings,construction sector,north rhine-westphalia,code05,,,,2121
2010,criminal proceedings,catering and hotel sector,north rhine-westphalia,code05,,,,
2011,criminal proceedings,catering and hotel sector,north rhine-westphalia,code05,,,,
2012,criminal proceedings,catering and hotel sector,north rhine-westphalia,code05,,,,
2013,criminal proceedings,catering and hotel sector,north rhine-westphalia,code05,,,,
2014,criminal proceedings,catering and hotel sector,north rhine-westphalia,code05,,,,
2015,criminal proceedings,catering and hotel sector,north rhine-westphalia,code05,,,,
2016,criminal proceedings,catering and hotel sector,north rhine-westphalia,code05,,,,
2017,criminal proceedings,catering and hotel sector,north rhine-westphalia,code05,,,,
2018,criminal proceedings,catering and hotel sector,north rhine-westphalia,code05,,,,
2019,criminal proceedings,catering and hotel sector,north rhine-westphalia,code05,,,,
2020,criminal proceedings,catering and hotel sector,north rhine-westphalia,code05,,,,
2021,criminal proceedings,catering and hotel sector,north rhine-westphalia,code05,,,,
2022,criminal proceedings,catering and hotel sector,north rhine-westphalia,code05,,,,
2023,criminal proceedings,catering and hotel sector,north rhine-westphalia,code05,,,,
2024,criminal proceedings,catering and hotel sector,north rhine-westphalia,code05,,,,1887
2025,criminal proceedings,catering and hotel sector,north rhine-westphalia,code05,,,,1962
2010,criminal proceedings,hairdressing and beauty sector,north rhine-westphalia,code05,,,,
2011,criminal proceedings,hairdressing and beauty sector,north rhine-westphalia,code05,,,,
2012,criminal proceedings,hairdressing and beauty sector,north rhine-westphalia,code05,,,,
2013,criminal proceedings,hairdressing and beauty sector,north rhine-westphalia,code05,,,,
2014,criminal proceedings,hairdressing and beauty sector,north rhine-westphalia,code05,,,,
2015,criminal proceedings,hairdressing and beauty sector,north rhine-westphalia,code05,,,,
2016,criminal proceedings,hairdressing and beauty sector,north rhine-westphalia,code05,,,,
2017,criminal proceedings,hairdressing and beauty sector,north rhine-westphalia,code05,,,,
2018,criminal proceedings,hairdressing and beauty sector,north rhine-westphalia,code05,,,,
2019,criminal proceedings,hairdressing and beauty sector,north rhine-westphalia,code05,,,,
2020,criminal proceedings,hairdressing and beauty sector,north rhine-westphalia,code05,,,,
2021,criminal proceedings,hairdressing and beauty sector,north rhine-westphalia,code05,,,,
2022,criminal proceedings,hairdressing and beauty sector,north rhine-westphalia,code05,,,,
2023,criminal proceedings,hairdressing and beauty sector,north rhine-westphalia,code05,,,,
2024,criminal proceedings,hairdressing and beauty sector,north rhine-westphalia,code05,,,,382
2025,criminal proceedings,hairdressing and beauty sector,north rhine-westphalia,code05,,,,456
2010,criminal proceedings,"haulage, transport and associated logistics sector",north rhine-westphalia,code05,,,,
2011,criminal proceedings,"haulage, transport and associated logistics sector",north rhine-westphalia,code05,,,,
2012,criminal proceedings,"haulage, transport and associated logistics sector",north rhine-westphalia,code05,,,,
2013,criminal proceedings,"haulage, transport and associated logistics sector",north rhine-westphalia,code05,,,,
2014,criminal proceedings,"haulage, transport and associated logistics sector",north rhine-westphalia,code05,,,,
2015,criminal proceedings,"haulage, transport and associated logistics sector",north rhine-westphalia,code05,,,,
2016,criminal proceedings,"haulage, transport and associated logistics sector",north rhine-westphalia,code05,,,,
2017,criminal proceedings,"haulage, transport and associated logistics sector",north rhine-westphalia,code05,,,,
2018,criminal proceedings,"haulage, transport and associated logistics sector",north rhine-westphalia,code05,,,,
2019,criminal proceedings,"haulage, transport and associated logistics sector",north rhine-westphalia,code05,,,,
2020,criminal proceedings,"haulage, transport and associated logistics sector",north rhine-westphalia,code05,,,,
2021,criminal proceedings,"haulage, transport and associated logistics sector",north rhine-westphalia,code05,,,,
2022,criminal proceedings,"haulage, transport and associated logistics sector",north rhine-westphalia,code05,,,,
2023,criminal proceedings,"haulage, transport and associated logistics sector",north rhine-westphalia,code05,,,,
2024,criminal proceedings,"haulage, transport and associated logistics sector",north rhine-westphalia,code05,,,,1391
2025,criminal proceedings,"haulage, transport and associated logistics sector",north rhine-westphalia,code05,,,,1847
2010,criminal proceedings,,rhineland palatinate,code07,,,,
2011,criminal proceedings,,rhineland palatinate,code07,,,,
2012,criminal proceedings,,rhineland palatinate,code07,,,,
2013,criminal proceedings,,rhineland palatinate,code07,,,,
2014,criminal proceedings,,rhineland palatinate,code07,,,,
2015,criminal proceedings,,rhineland palatinate,code07,,,,
2016,criminal proceedings,,rhineland palatinate,code07,,,,
2017,criminal proceedings,,rhineland palatinate,code07,,,,
2018,criminal proceedings,,rhineland palatinate,code07,,,,
2019,criminal proceedings,,rhineland palatinate,code07,,,,
2020,criminal proceedings,,rhineland palatinate,code07,,,,
2021,criminal proceedings,,rhineland palatinate,code07,,,,
2022,criminal proceedings,,rhineland palatinate,code07,,,,
2023,criminal proceedings,,rhineland palatinate,code07,,,,
2024,criminal proceedings,,rhineland palatinate,code07,,,,3690
2025,criminal proceedings,,rhineland palatinate,code07,,,,3529
2010,criminal proceedings,construction sector,rhineland palatinate,code07,,,,
2011,criminal proceedings,construction sector,rhineland palatinate,code07,,,,
2012,criminal proceedings,construction sector,rhineland palatinate,code07,,,,
2013,criminal proceedings,construction sector,rhineland palatinate,code07,,,,
2014,criminal proceedings,construction sector,rhineland palatinate,code07,,,,
2015,criminal proceedings,construction sector,rhineland palatinate,code07,,,,
2016,criminal proceedings,construction sector,rhineland palatinate,code07,,,,
2017,criminal proceedings,construction sector,rhineland palatinate,code07,,,,
2018,criminal proceedings,construction sector,rhineland palatinate,code07,,,,
2019,criminal proceedings,construction sector,rhineland palatinate,code07,,,,
2020,criminal proceedings,construction sector,rhineland palatinate,code07,,,,
2021,criminal proceedings,construction sector,rhineland palatinate,code07,,,,
2022,criminal proceedings,construction sector,rhineland palatinate,code07,,,,
2023,criminal proceedings,construction sector,rhineland palatinate,code07,,,,
2024,criminal proceedings,construction sector,rhineland palatinate,code07,,,,703
2025,criminal proceedings,construction sector,rhineland palatinate,code07,,,,588
2010,criminal proceedings,catering and hotel sector,rhineland palatinate,code07,,,,
2011,criminal proceedings,catering and hotel sector,rhineland palatinate,code07,,,,
2012,criminal proceedings,catering and hotel sector,rhineland palatinate,code07,,,,
2013,criminal proceedings,catering and hotel sector,rhineland palatinate,code07,,,,
2014,criminal proceedings,catering and hotel sector,rhineland palatinate,code07,,,,
2015,criminal proceedings,catering and hotel sector,rhineland palatinate,code07,,,,
2016,criminal proceedings,catering and hotel sector,rhineland palatinate,code07,,,,
2017,criminal proceedings,catering and hotel sector,rhineland palatinate,code07,,,,
2018,criminal proceedings,catering and hotel sector,rhineland palatinate,code07,,,,
2019,criminal proceedings,catering and hotel sector,rhineland palatinate,code07,,,,
2020,criminal proceedings,catering and hotel sector,rhineland palatinate,code07,,,,
2021,criminal proceedings,catering and hotel sector,rhineland palatinate,code07,,,,
2022,criminal proceedings,catering and hotel sector,rhineland palatinate,code07,,,,
2023,criminal proceedings,catering and hotel sector,rhineland palatinate,code07,,,,
2024,criminal proceedings,catering and hotel sector,rhineland palatinate,code07,,,,339
2025,criminal proceedings,catering and hotel sector,rhineland palatinate,code07,,,,347
2010,criminal proceedings,hairdressing and beauty sector,rhineland palatinate,code07,,,,
2011,criminal proceedings,hairdressing and beauty sector,rhineland palatinate,code07,,,,
2012,criminal proceedings,hairdressing and beauty sector,rhineland palatinate,code07,,,,
2013,criminal proceedings,hairdressing and beauty sector,rhineland palatinate,code07,,,,
2014,criminal proceedings,hairdressing and beauty sector,rhineland palatinate,code07,,,,
2015,criminal proceedings,hairdressing and beauty sector,rhineland palatinate,code07,,,,
2016,criminal proceedings,hairdressing and beauty sector,rhineland palatinate,code07,,,,
2017,criminal proceedings,hairdressing and beauty sector,rhineland palatinate,code07,,,,
2018,criminal proceedings,hairdressing and beauty sector,rhineland palatinate,code07,,,,
2019,criminal proceedings,hairdressing and beauty sector,rhineland palatinate,code07,,,,
2020,criminal proceedings,hairdressing and beauty sector,rhineland palatinate,code07,,,,
2021,criminal proceedings,hairdressing and beauty sector,rhineland palatinate,code07,,,,
2022,criminal proceedings,hairdressing and beauty sector,rhineland palatinate,code07,,,,
2023,criminal proceedings,hairdressing and beauty sector,rhineland palatinate,code07,,,,
2024,criminal proceedings,hairdressing and beauty sector,rhineland palatinate,code07,,,,65
2025,criminal proceedings,hairdressing and beauty sector,rhineland palatinate,code07,,,,82
2010,criminal proceedings,"haulage, transport and associated logistics sector",rhineland palatinate,code07,,,,
2011,criminal proceedings,"haulage, transport and associated logistics sector",rhineland palatinate,code07,,,,
2012,criminal proceedings,"haulage, transport and associated logistics sector",rhineland palatinate,code07,,,,
2013,criminal proceedings,"haulage, transport and associated logistics sector",rhineland palatinate,code07,,,,
2014,criminal proceedings,"haulage, transport and associated logistics sector",rhineland palatinate,code07,,,,
2015,criminal proceedings,"haulage, transport and associated logistics sector",rhineland palatinate,code07,,,,
2016,criminal proceedings,"haulage, transport and associated logistics sector",rhineland palatinate,code07,,,,
2017,criminal proceedings,"haulage, transport and associated logistics sector",rhineland palatinate,code07,,,,
2018,criminal proceedings,"haulage, transport and associated logistics sector",rhineland palatinate,code07,,,,
2019,criminal proceedings,"haulage, transport and associated logistics sector",rhineland palatinate,code07,,,,
2020,criminal proceedings,"haulage, transport and associated logistics sector",rhineland palatinate,code07,,,,
2021,criminal proceedings,"haulage, transport and associated logistics sector",rhineland palatinate,code07,,,,
2022,criminal proceedings,"haulage, transport and associated logistics sector",rhineland palatinate,code07,,,,
2023,criminal proceedings,"haulage, transport and associated logistics sector",rhineland palatinate,code07,,,,
2024,criminal proceedings,"haulage, transport and associated logistics sector",rhineland palatinate,code07,,,,121
2025,criminal proceedings,"haulage, transport and associated logistics sector",rhineland palatinate,code07,,,,125
2010,criminal proceedings,,saarland,code10,,,,
2011,criminal proceedings,,saarland,code10,,,,
2012,criminal proceedings,,saarland,code10,,,,
2013,criminal proceedings,,saarland,code10,,,,
2014,criminal proceedings,,saarland,code10,,,,
2015,criminal proceedings,,saarland,code10,,,,
2016,criminal proceedings,,saarland,code10,,,,
2017,criminal proceedings,,saarland,code10,,,,
2018,criminal proceedings,,saarland,code10,,,,
2019,criminal proceedings,,saarland,code10,,,,
2020,criminal proceedings,,saarland,code10,,,,
2021,criminal proceedings,,saarland,code10,,,,
2022,criminal proceedings,,saarland,code10,,,,
2023,criminal proceedings,,saarland,code10,,,,
2024,criminal proceedings,,saarland,code10,,,,2257
2025,criminal proceedings,,saarland,code10,,,,2032
2010,criminal proceedings,construction sector,saarland,code10,,,,
2011,criminal proceedings,construction sector,saarland,code10,,,,
2012,criminal proceedings,construction sector,saarland,code10,,,,
2013,criminal proceedings,construction sector,saarland,code10,,,,
2014,criminal proceedings,construction sector,saarland,code10,,,,
2015,criminal proceedings,construction sector,saarland,code10,,,,
2016,criminal proceedings,construction sector,saarland,code10,,,,
2017,criminal proceedings,construction sector,saarland,code10,,,,
2018,criminal proceedings,construction sector,saarland,code10,,,,
2019,criminal proceedings,construction sector,saarland,code10,,,,
2020,criminal proceedings,construction sector,saarland,code10,,,,
2021,criminal proceedings,construction sector,saarland,code10,,,,
2022,criminal proceedings,construction sector,saarland,code10,,,,
2023,criminal proceedings,construction sector,saarland,code10,,,,
2024,criminal proceedings,construction sector,saarland,code10,,,,147
2025,criminal proceedings,construction sector,saarland,code10,,,,166
2010,criminal proceedings,catering and hotel sector,saarland,code10,,,,
2011,criminal proceedings,catering and hotel sector,saarland,code10,,,,
2012,criminal proceedings,catering and hotel sector,saarland,code10,,,,
2013,criminal proceedings,catering and hotel sector,saarland,code10,,,,
2014,criminal proceedings,catering and hotel sector,saarland,code10,,,,
2015,criminal proceedings,catering and hotel sector,saarland,code10,,,,
2016,criminal proceedings,catering and hotel sector,saarland,code10,,,,
2017,criminal proceedings,catering and hotel sector,saarland,code10,,,,
2018,criminal proceedings,catering and hotel sector,saarland,code10,,,,
2019,criminal proceedings,catering and hotel sector,saarland,code10,,,,
2020,criminal proceedings,catering and hotel sector,saarland,code10,,,,
2021,criminal proceedings,catering and hotel sector,saarland,code10,,,,
2022,criminal proceedings,catering and hotel sector,saarland,code10,,,,
2023,criminal proceedings,catering and hotel sector,saarland,code10,,,,
2024,criminal proceedings,catering and hotel sector,saarland,code10,,,,317
2025,criminal proceedings,catering and hotel sector,saarland,code10,,,,249
2010,criminal proceedings,hairdressing and beauty sector,saarland,code10,,,,
2011,criminal proceedings,hairdressing and beauty sector,saarland,code10,,,,
2012,criminal proceedings,hairdressing and beauty sector,saarland,code10,,,,
2013,criminal proceedings,hairdressing and beauty sector,saarland,code10,,,,
2014,criminal proceedings,hairdressing and beauty sector,saarland,code10,,,,
2015,criminal proceedings,hairdressing and beauty sector,saarland,code10,,,,
2016,criminal proceedings,hairdressing and beauty sector,saarland,code10,,,,
2017,criminal proceedings,hairdressing and beauty sector,saarland,code10,,,,
2018,criminal proceedings,hairdressing and beauty sector,saarland,code10,,,,
2019,criminal proceedings,hairdressing and beauty sector,saarland,code10,,,,
2020,criminal proceedings,hairdressing and beauty sector,saarland,code10,,,,
2021,criminal proceedings,hairdressing and beauty sector,saarland,code10,,,,
2022,criminal proceedings,hairdressing and beauty sector,saarland,code10,,,,
2023,criminal proceedings,hairdressing and beauty sector,saarland,code10,,,,
2024,criminal proceedings,hairdressing and beauty sector,saarland,code10,,,,14
2025,criminal proceedings,hairdressing and beauty sector,saarland,code10,,,,27
2010,criminal proceedings,"haulage, transport and associated logistics sector",saarland,code10,,,,
2011,criminal proceedings,"haulage, transport and associated logistics sector",saarland,code10,,,,
2012,criminal proceedings,"haulage, transport and associated logistics sector",saarland,code10,,,,
2013,criminal proceedings,"haulage, transport and associated logistics sector",saarland,code10,,,,
2014,criminal proceedings,"haulage, transport and associated logistics sector",saarland,code10,,,,
2015,criminal proceedings,"haulage, transport and associated logistics sector",saarland,code10,,,,
2016,criminal proceedings,"haulage, transport and associated logistics sector",saarland,code10,,,,
2017,criminal proceedings,"haulage, transport and associated logistics sector",saarland,code10,,,,
2018,criminal proceedings,"haulage, transport and associated logistics sector",saarland,code10,,,,
2019,criminal proceedings,"haulage, transport and associated logistics sector",saarland,code10,,,,
2020,criminal proceedings,"haulage, transport and associated logistics sector",saarland,code10,,,,
2021,criminal proceedings,"haulage, transport and associated logistics sector",saarland,code10,,,,
2022,criminal proceedings,"haulage, transport and associated logistics sector",saarland,code10,,,,
2023,criminal proceedings,"haulage, transport and associated logistics sector",saarland,code10,,,,
2024,criminal proceedings,"haulage, transport and associated logistics sector",saarland,code10,,,,124
2025,criminal proceedings,"haulage, transport and associated logistics sector",saarland,code10,,,,132
2010,criminal proceedings,,saxony,code14,,,,
2011,criminal proceedings,,saxony,code14,,,,
2012,criminal proceedings,,saxony,code14,,,,
2013,criminal proceedings,,saxony,code14,,,,
2014,criminal proceedings,,saxony,code14,,,,
2015,criminal proceedings,,saxony,code14,,,,
2016,criminal proceedings,,saxony,code14,,,,
2017,criminal proceedings,,saxony,code14,,,,
2018,criminal proceedings,,saxony,code14,,,,
2019,criminal proceedings,,saxony,code14,,,,
2020,criminal proceedings,,saxony,code14,,,,
2021,criminal proceedings,,saxony,code14,,,,
2022,criminal proceedings,,saxony,code14,,,,
2023,criminal proceedings,,saxony,code14,,,,
2024,criminal proceedings,,saxony,code14,,,,4108
2025,criminal proceedings,,saxony,code14,,,,3795
2010,criminal proceedings,construction sector,saxony,code14,,,,
2011,criminal proceedings,construction sector,saxony,code14,,,,
2012,criminal proceedings,construction sector,saxony,code14,,,,
2013,criminal proceedings,construction sector,saxony,code14,,,,
2014,criminal proceedings,construction sector,saxony,code14,,,,
2015,criminal proceedings,construction sector,saxony,code14,,,,
2016,criminal proceedings,construction sector,saxony,code14,,,,
2017,criminal proceedings,construction sector,saxony,code14,,,,
2018,criminal proceedings,construction sector,saxony,code14,,,,
2019,criminal proceedings,construction sector,saxony,code14,,,,
2020,criminal proceedings,construction sector,saxony,code14,,,,
2021,criminal proceedings,construction sector,saxony,code14,,,,
2022,criminal proceedings,construction sector,saxony,code14,,,,
2023,criminal proceedings,construction sector,saxony,code14,,,,
2024,criminal proceedings,construction sector,saxony,code14,,,,499
2025,criminal proceedings,construction sector,saxony,code14,,,,409
2010,criminal proceedings,catering and hotel sector,saxony,code14,,,,
2011,criminal proceedings,catering and hotel sector,saxony,code14,,,,
2012,criminal proceedings,catering and hotel sector,saxony,code14,,,,
2013,criminal proceedings,catering and hotel sector,saxony,code14,,,,
2014,criminal proceedings,catering and hotel sector,saxony,code14,,,,
2015,criminal proceedings,catering and hotel sector,saxony,code14,,,,
2016,criminal proceedings,catering and hotel sector,saxony,code14,,,,
2017,criminal proceedings,catering and hotel sector,saxony,code14,,,,
2018,criminal proceedings,catering and hotel sector,saxony,code14,,,,
2019,criminal proceedings,catering and hotel sector,saxony,code14,,,,
2020,criminal proceedings,catering and hotel sector,saxony,code14,,,,
2021,criminal proceedings,catering and hotel sector,saxony,code14,,,,
2022,criminal proceedings,catering and hotel sector,saxony,code14,,,,
2023,criminal proceedings,catering and hotel sector,saxony,code14,,,,
2024,criminal proceedings,catering and hotel sector,saxony,code14,,,,480
2025,criminal proceedings,catering and hotel sector,saxony,code14,,,,434
2010,criminal proceedings,hairdressing and beauty sector,saxony,code14,,,,
2011,criminal proceedings,hairdressing and beauty sector,saxony,code14,,,,
2012,criminal proceedings,hairdressing and beauty sector,saxony,code14,,,,
2013,criminal proceedings,hairdressing and beauty sector,saxony,code14,,,,
2014,criminal proceedings,hairdressing and beauty sector,saxony,code14,,,,
2015,criminal proceedings,hairdressing and beauty sector,saxony,code14,,,,
2016,criminal proceedings,hairdressing and beauty sector,saxony,code14,,,,
2017,criminal proceedings,hairdressing and beauty sector,saxony,code14,,,,
2018,criminal proceedings,hairdressing and beauty sector,saxony,code14,,,,
2019,criminal proceedings,hairdressing and beauty sector,saxony,code14,,,,
2020,criminal proceedings,hairdressing and beauty sector,saxony,code14,,,,
2021,criminal proceedings,hairdressing and beauty sector,saxony,code14,,,,
2022,criminal proceedings,hairdressing and beauty sector,saxony,code14,,,,
2023,criminal proceedings,hairdressing and beauty sector,saxony,code14,,,,
2024,criminal proceedings,hairdressing and beauty sector,saxony,code14,,,,34
2025,criminal proceedings,hairdressing and beauty sector,saxony,code14,,,,57
2010,criminal proceedings,"haulage, transport and associated logistics sector",saxony,code14,,,,
2011,criminal proceedings,"haulage, transport and associated logistics sector",saxony,code14,,,,
2012,criminal proceedings,"haulage, transport and associated logistics sector",saxony,code14,,,,
2013,criminal proceedings,"haulage, transport and associated logistics sector",saxony,code14,,,,
2014,criminal proceedings,"haulage, transport and associated logistics sector",saxony,code14,,,,
2015,criminal proceedings,"haulage, transport and associated logistics sector",saxony,code14,,,,
2016,criminal proceedings,"haulage, transport and associated logistics sector",saxony,code14,,,,
2017,criminal proceedings,"haulage, transport and associated logistics sector",saxony,code14,,,,
2018,criminal proceedings,"haulage, transport and associated logistics sector",saxony,code14,,,,
2019,criminal proceedings,"haulage, transport and associated logistics sector",saxony,code14,,,,
2020,criminal proceedings,"haulage, transport and associated logistics sector",saxony,code14,,,,
2021,criminal proceedings,"haulage, transport and associated logistics sector",saxony,code14,,,,
2022,criminal proceedings,"haulage, transport and associated logistics sector",saxony,code14,,,,
2023,criminal proceedings,"haulage, transport and associated logistics sector",saxony,code14,,,,
2024,criminal proceedings,"haulage, transport and associated logistics sector",saxony,code14,,,,109
2025,criminal proceedings,"haulage, transport and associated logistics sector",saxony,code14,,,,96
2010,criminal proceedings,,saxony-anhalt,code15,,,,
2011,criminal proceedings,,saxony-anhalt,code15,,,,
2012,criminal proceedings,,saxony-anhalt,code15,,,,
2013,criminal proceedings,,saxony-anhalt,code15,,,,
2014,criminal proceedings,,saxony-anhalt,code15,,,,
2015,criminal proceedings,,saxony-anhalt,code15,,,,
2016,criminal proceedings,,saxony-anhalt,code15,,,,
2017,criminal proceedings,,saxony-anhalt,code15,,,,
2018,criminal proceedings,,saxony-anhalt,code15,,,,
2019,criminal proceedings,,saxony-anhalt,code15,,,,
2020,criminal proceedings,,saxony-anhalt,code15,,,,
2021,criminal proceedings,,saxony-anhalt,code15,,,,
2022,criminal proceedings,,saxony-anhalt,code15,,,,
2023,criminal proceedings,,saxony-anhalt,code15,,,,
2024,criminal proceedings,,saxony-anhalt,code15,,,,2092
2025,criminal proceedings,,saxony-anhalt,code15,,,,2343
2010,criminal proceedings,construction sector,saxony-anhalt,code15,,,,
2011,criminal proceedings,construction sector,saxony-anhalt,code15,,,,
2012,criminal proceedings,construction sector,saxony-anhalt,code15,,,,
2013,criminal proceedings,construction sector,saxony-anhalt,code15,,,,
2014,criminal proceedings,construction sector,saxony-anhalt,code15,,,,
2015,criminal proceedings,construction sector,saxony-anhalt,code15,,,,
2016,criminal proceedings,construction sector,saxony-anhalt,code15,,,,
2017,criminal proceedings,construction sector,saxony-anhalt,code15,,,,
2018,criminal proceedings,construction sector,saxony-anhalt,code15,,,,
2019,criminal proceedings,construction sector,saxony-anhalt,code15,,,,
2020,criminal proceedings,construction sector,saxony-anhalt,code15,,,,
2021,criminal proceedings,construction sector,saxony-anhalt,code15,,,,
2022,criminal proceedings,construction sector,saxony-anhalt,code15,,,,
2023,criminal proceedings,construction sector,saxony-anhalt,code15,,,,
2024,criminal proceedings,construction sector,saxony-anhalt,code15,,,,157
2025,criminal proceedings,construction sector,saxony-anhalt,code15,,,,88
2010,criminal proceedings,catering and hotel sector,saxony-anhalt,code15,,,,
2011,criminal proceedings,catering and hotel sector,saxony-anhalt,code15,,,,
2012,criminal proceedings,catering and hotel sector,saxony-anhalt,code15,,,,
2013,criminal proceedings,catering and hotel sector,saxony-anhalt,code15,,,,
2014,criminal proceedings,catering and hotel sector,saxony-anhalt,code15,,,,
2015,criminal proceedings,catering and hotel sector,saxony-anhalt,code15,,,,
2016,criminal proceedings,catering and hotel sector,saxony-anhalt,code15,,,,
2017,criminal proceedings,catering and hotel sector,saxony-anhalt,code15,,,,
2018,criminal proceedings,catering and hotel sector,saxony-anhalt,code15,,,,
2019,criminal proceedings,catering and hotel sector,saxony-anhalt,code15,,,,
2020,criminal proceedings,catering and hotel sector,saxony-anhalt,code15,,,,
2021,criminal proceedings,catering and hotel sector,saxony-anhalt,code15,,,,
2022,criminal proceedings,catering and hotel sector,saxony-anhalt,code15,,,,
2023,criminal proceedings,catering and hotel sector,saxony-anhalt,code15,,,,
2024,criminal proceedings,catering and hotel sector,saxony-anhalt,code15,,,,89
2025,criminal proceedings,catering and hotel sector,saxony-anhalt,code15,,,,73
2010,criminal proceedings,hairdressing and beauty sector,saxony-anhalt,code15,,,,
2011,criminal proceedings,hairdressing and beauty sector,saxony-anhalt,code15,,,,
2012,criminal proceedings,hairdressing and beauty sector,saxony-anhalt,code15,,,,
2013,criminal proceedings,hairdressing and beauty sector,saxony-anhalt,code15,,,,
2014,criminal proceedings,hairdressing and beauty sector,saxony-anhalt,code15,,,,
2015,criminal proceedings,hairdressing and beauty sector,saxony-anhalt,code15,,,,
2016,criminal proceedings,hairdressing and beauty sector,saxony-anhalt,code15,,,,
2017,criminal proceedings,hairdressing and beauty sector,saxony-anhalt,code15,,,,
2018,criminal proceedings,hairdressing and beauty sector,saxony-anhalt,code15,,,,
2019,criminal proceedings,hairdressing and beauty sector,saxony-anhalt,code15,,,,
2020,criminal proceedings,hairdressing and beauty sector,saxony-anhalt,code15,,,,
2021,criminal proceedings,hairdressing and beauty sector,saxony-anhalt,code15,,,,
2022,criminal proceedings,hairdressing and beauty sector,saxony-anhalt,code15,,,,
2023,criminal proceedings,hairdressing and beauty sector,saxony-anhalt,code15,,,,
2024,criminal proceedings,hairdressing and beauty sector,saxony-anhalt,code15,,,,9
2025,criminal proceedings,hairdressing and beauty sector,saxony-anhalt,code15,,,,29
2010,criminal proceedings,"haulage, transport and associated logistics sector",saxony-anhalt,code15,,,,
2011,criminal proceedings,"haulage, transport and associated logistics sector",saxony-anhalt,code15,,,,
2012,criminal proceedings,"haulage, transport and associated logistics sector",saxony-anhalt,code15,,,,
2013,criminal proceedings,"haulage, transport and associated logistics sector",saxony-anhalt,code15,,,,
2014,criminal proceedings,"haulage, transport and associated logistics sector",saxony-anhalt,code15,,,,
2015,criminal proceedings,"haulage, transport and associated logistics sector",saxony-anhalt,code15,,,,
2016,criminal proceedings,"haulage, transport and associated logistics sector",saxony-anhalt,code15,,,,
2017,criminal proceedings,"haulage, transport and associated logistics sector",saxony-anhalt,code15,,,,
2018,criminal proceedings,"haulage, transport and associated logistics sector",saxony-anhalt,code15,,,,
2019,criminal proceedings,"haulage, transport and associated logistics sector",saxony-anhalt,code15,,,,
2020,criminal proceedings,"haulage, transport and associated logistics sector",saxony-anhalt,code15,,,,
2021,criminal proceedings,"haulage, transport and associated logistics sector",saxony-anhalt,code15,,,,
2022,criminal proceedings,"haulage, transport and associated logistics sector",saxony-anhalt,code15,,,,
2023,criminal proceedings,"haulage, transport and associated logistics sector",saxony-anhalt,code15,,,,
2024,criminal proceedings,"haulage, transport and associated logistics sector",saxony-anhalt,code15,,,,34
2025,criminal proceedings,"haulage, transport and associated logistics sector",saxony-anhalt,code15,,,,18
2010,criminal proceedings,,schleswig-holstein,code01,,,,
2011,criminal proceedings,,schleswig-holstein,code01,,,,
2012,criminal proceedings,,schleswig-holstein,code01,,,,
2013,criminal proceedings,,schleswig-holstein,code01,,,,
2014,criminal proceedings,,schleswig-holstein,code01,,,,
2015,criminal proceedings,,schleswig-holstein,code01,,,,
2016,criminal proceedings,,schleswig-holstein,code01,,,,
2017,criminal proceedings,,schleswig-holstein,code01,,,,
2018,criminal proceedings,,schleswig-holstein,code01,,,,
2019,criminal proceedings,,schleswig-holstein,code01,,,,
2020,criminal proceedings,,schleswig-holstein,code01,,,,
2021,criminal proceedings,,schleswig-holstein,code01,,,,
2022,criminal proceedings,,schleswig-holstein,code01,,,,
2023,criminal proceedings,,schleswig-holstein,code01,,,,
2024,criminal proceedings,,schleswig-holstein,code01,,,,3020
2025,criminal proceedings,,schleswig-holstein,code01,,,,2683
2010,criminal proceedings,construction sector,schleswig-holstein,code01,,,,
2011,criminal proceedings,construction sector,schleswig-holstein,code01,,,,
2012,criminal proceedings,construction sector,schleswig-holstein,code01,,,,
2013,criminal proceedings,construction sector,schleswig-holstein,code01,,,,
2014,criminal proceedings,construction sector,schleswig-holstein,code01,,,,
2015,criminal proceedings,construction sector,schleswig-holstein,code01,,,,
2016,criminal proceedings,construction sector,schleswig-holstein,code01,,,,
2017,criminal proceedings,construction sector,schleswig-holstein,code01,,,,
2018,criminal proceedings,construction sector,schleswig-holstein,code01,,,,
2019,criminal proceedings,construction sector,schleswig-holstein,code01,,,,
2020,criminal proceedings,construction sector,schleswig-holstein,code01,,,,
2021,criminal proceedings,construction sector,schleswig-holstein,code01,,,,
2022,criminal proceedings,construction sector,schleswig-holstein,code01,,,,
2023,criminal proceedings,construction sector,schleswig-holstein,code01,,,,
2024,criminal proceedings,construction sector,schleswig-holstein,code01,,,,319
2025,criminal proceedings,construction sector,schleswig-holstein,code01,,,,219
2010,criminal proceedings,catering and hotel sector,schleswig-holstein,code01,,,,
2011,criminal proceedings,catering and hotel sector,schleswig-holstein,code01,,,,
2012,criminal proceedings,catering and hotel sector,schleswig-holstein,code01,,,,
2013,criminal proceedings,catering and hotel sector,schleswig-holstein,code01,,,,
2014,criminal proceedings,catering and hotel sector,schleswig-holstein,code01,,,,
2015,criminal proceedings,catering and hotel sector,schleswig-holstein,code01,,,,
2016,criminal proceedings,catering and hotel sector,schleswig-holstein,code01,,,,
2017,criminal proceedings,catering and hotel sector,schleswig-holstein,code01,,,,
2018,criminal proceedings,catering and hotel sector,schleswig-holstein,code01,,,,
2019,criminal proceedings,catering and hotel sector,schleswig-holstein,code01,,,,
2020,criminal proceedings,catering and hotel sector,schleswig-holstein,code01,,,,
2021,criminal proceedings,catering and hotel sector,schleswig-holstein,code01,,,,
2022,criminal proceedings,catering and hotel sector,schleswig-holstein,code01,,,,
2023,criminal proceedings,catering and hotel sector,schleswig-holstein,code01,,,,
2024,criminal proceedings,catering and hotel sector,schleswig-holstein,code01,,,,454
2025,criminal proceedings,catering and hotel sector,schleswig-holstein,code01,,,,438
2010,criminal proceedings,hairdressing and beauty sector,schleswig-holstein,code01,,,,
2011,criminal proceedings,hairdressing and beauty sector,schleswig-holstein,code01,,,,
2012,criminal proceedings,hairdressing and beauty sector,schleswig-holstein,code01,,,,
2013,criminal proceedings,hairdressing and beauty sector,schleswig-holstein,code01,,,,
2014,criminal proceedings,hairdressing and beauty sector,schleswig-holstein,code01,,,,
2015,criminal proceedings,hairdressing and beauty sector,schleswig-holstein,code01,,,,
2016,criminal proceedings,hairdressing and beauty sector,schleswig-holstein,code01,,,,
2017,criminal proceedings,hairdressing and beauty sector,schleswig-holstein,code01,,,,
2018,criminal proceedings,hairdressing and beauty sector,schleswig-holstein,code01,,,,
2019,criminal proceedings,hairdressing and beauty sector,schleswig-holstein,code01,,,,
2020,criminal proceedings,hairdressing and beauty sector,schleswig-holstein,code01,,,,
2021,criminal proceedings,hairdressing and beauty sector,schleswig-holstein,code01,,,,
2022,criminal proceedings,hairdressing and beauty sector,schleswig-holstein,code01,,,,
2023,criminal proceedings,hairdressing and beauty sector,schleswig-holstein,code01,,,,
2024,criminal proceedings,hairdressing and beauty sector,schleswig-holstein,code01,,,,40
2025,criminal proceedings,hairdressing and beauty sector,schleswig-holstein,code01,,,,36
2010,criminal proceedings,"haulage, transport and associated logistics sector",schleswig-holstein,code01,,,,
2011,criminal proceedings,"haulage, transport and associated logistics sector",schleswig-holstein,code01,,,,
2012,criminal proceedings,"haulage, transport and associated logistics sector",schleswig-holstein,code01,,,,
2013,criminal proceedings,"haulage, transport and associated logistics sector",schleswig-holstein,code01,,,,
2014,criminal proceedings,"haulage, transport and associated logistics sector",schleswig-holstein,code01,,,,
2015,criminal proceedings,"haulage, transport and associated logistics sector",schleswig-holstein,code01,,,,
2016,criminal proceedings,"haulage, transport and associated logistics sector",schleswig-holstein,code01,,,,
2017,criminal proceedings,"haulage, transport and associated logistics sector",schleswig-holstein,code01,,,,
2018,criminal proceedings,"haulage, transport and associated logistics sector",schleswig-holstein,code01,,,,
2019,criminal proceedings,"haulage, transport and associated logistics sector",schleswig-holstein,code01,,,,
2020,criminal proceedings,"haulage, transport and associated logistics sector",schleswig-holstein,code01,,,,
2021,criminal proceedings,"haulage, transport and associated logistics sector",schleswig-holstein,code01,,,,
2022,criminal proceedings,"haulage, transport and associated logistics sector",schleswig-holstein,code01,,,,
2023,criminal proceedings,"haulage, transport and associated logistics sector",schleswig-holstein,code01,,,,
2024,criminal proceedings,"haulage, transport and associated logistics sector",schleswig-holstein,code01,,,,148
2025,criminal proceedings,"haulage, transport and associated logistics sector",schleswig-holstein,code01,,,,124
2010,criminal proceedings,,thuringia,code16,,,,
2011,criminal proceedings,,thuringia,code16,,,,
2012,criminal proceedings,,thuringia,code16,,,,
2013,criminal proceedings,,thuringia,code16,,,,
2014,criminal proceedings,,thuringia,code16,,,,
2015,criminal proceedings,,thuringia,code16,,,,
2016,criminal proceedings,,thuringia,code16,,,,
2017,criminal proceedings,,thuringia,code16,,,,
2018,criminal proceedings,,thuringia,code16,,,,
2019,criminal proceedings,,thuringia,code16,,,,
2020,criminal proceedings,,thuringia,code16,,,,
2021,criminal proceedings,,thuringia,code16,,,,
2022,criminal proceedings,,thuringia,code16,,,,
2023,criminal proceedings,,thuringia,code16,,,,
2024,criminal proceedings,,thuringia,code16,,,,2754
2025,criminal proceedings,,thuringia,code16,,,,3213
2010,criminal proceedings,construction sector,thuringia,code16,,,,
2011,criminal proceedings,construction sector,thuringia,code16,,,,
2012,criminal proceedings,construction sector,thuringia,code16,,,,
2013,criminal proceedings,construction sector,thuringia,code16,,,,
2014,criminal proceedings,construction sector,thuringia,code16,,,,
2015,criminal proceedings,construction sector,thuringia,code16,,,,
2016,criminal proceedings,construction sector,thuringia,code16,,,,
2017,criminal proceedings,construction sector,thuringia,code16,,,,
2018,criminal proceedings,construction sector,thuringia,code16,,,,
2019,criminal proceedings,construction sector,thuringia,code16,,,,
2020,criminal proceedings,construction sector,thuringia,code16,,,,
2021,criminal proceedings,construction sector,thuringia,code16,,,,
2022,criminal proceedings,construction sector,thuringia,code16,,,,
2023,criminal proceedings,construction sector,thuringia,code16,,,,
2024,criminal proceedings,construction sector,thuringia,code16,,,,253
2025,criminal proceedings,construction sector,thuringia,code16,,,,290
2010,criminal proceedings,catering and hotel sector,thuringia,code16,,,,
2011,criminal proceedings,catering and hotel sector,thuringia,code16,,,,
2012,criminal proceedings,catering and hotel sector,thuringia,code16,,,,
2013,criminal proceedings,catering and hotel sector,thuringia,code16,,,,
2014,criminal proceedings,catering and hotel sector,thuringia,code16,,,,
2015,criminal proceedings,catering and hotel sector,thuringia,code16,,,,
2016,criminal proceedings,catering and hotel sector,thuringia,code16,,,,
2017,criminal proceedings,catering and hotel sector,thuringia,code16,,,,
2018,criminal proceedings,catering and hotel sector,thuringia,code16,,,,
2019,criminal proceedings,catering and hotel sector,thuringia,code16,,,,
2020,criminal proceedings,catering and hotel sector,thuringia,code16,,,,
2021,criminal proceedings,catering and hotel sector,thuringia,code16,,,,
2022,criminal proceedings,catering and hotel sector,thuringia,code16,,,,
2023,criminal proceedings,catering and hotel sector,thuringia,code16,,,,
2024,criminal proceedings,catering and hotel sector,thuringia,code16,,,,267
2025,criminal proceedings,catering and hotel sector,thuringia,code16,,,,331
2010,criminal proceedings,hairdressing and beauty sector,thuringia,code16,,,,
2011,criminal proceedings,hairdressing and beauty sector,thuringia,code16,,,,
2012,criminal proceedings,hairdressing and beauty sector,thuringia,code16,,,,
2013,criminal proceedings,hairdressing and beauty sector,thuringia,code16,,,,
2014,criminal proceedings,hairdressing and beauty sector,thuringia,code16,,,,
2015,criminal proceedings,hairdressing and beauty sector,thuringia,code16,,,,
2016,criminal proceedings,hairdressing and beauty sector,thuringia,code16,,,,
2017,criminal proceedings,hairdressing and beauty sector,thuringia,code16,,,,
2018,criminal proceedings,hairdressing and beauty sector,thuringia,code16,,,,
2019,criminal proceedings,hairdressing and beauty sector,thuringia,code16,,,,
2020,criminal proceedings,hairdressing and beauty sector,thuringia,code16,,,,
2021,criminal proceedings,hairdressing and beauty sector,thuringia,code16,,,,
2022,criminal proceedings,hairdressing and beauty sector,thuringia,code16,,,,
2023,criminal proceedings,hairdressing and beauty sector,thuringia,code16,,,,
2024,criminal proceedings,hairdressing and beauty sector,thuringia,code16,,,,34
2025,criminal proceedings,hairdressing and beauty sector,thuringia,code16,,,,34
2010,criminal proceedings,"haulage, transport and associated logistics sector",thuringia,code16,,,,
2011,criminal proceedings,"haulage, transport and associated logistics sector",thuringia,code16,,,,
2012,criminal proceedings,"haulage, transport and associated logistics sector",thuringia,code16,,,,
2013,criminal proceedings,"haulage, transport and associated logistics sector",thuringia,code16,,,,
2014,criminal proceedings,"haulage, transport and associated logistics sector",thuringia,code16,,,,
2015,criminal proceedings,"haulage, transport and associated logistics sector",thuringia,code16,,,,
2016,criminal proceedings,"haulage, transport and associated logistics sector",thuringia,code16,,,,
2017,criminal proceedings,"haulage, transport and associated logistics sector",thuringia,code16,,,,
2018,criminal proceedings,"haulage, transport and associated logistics sector",thuringia,code16,,,,
2019,criminal proceedings,"haulage, transport and associated logistics sector",thuringia,code16,,,,
2020,criminal proceedings,"haulage, transport and associated logistics sector",thuringia,code16,,,,
2021,criminal proceedings,"haulage, transport and associated logistics sector",thuringia,code16,,,,
2022,criminal proceedings,"haulage, transport and associated logistics sector",thuringia,code16,,,,
2023,criminal proceedings,"haulage, transport and associated logistics sector",thuringia,code16,,,,
2024,criminal proceedings,"haulage, transport and associated logistics sector",thuringia,code16,,,,100
2025,criminal proceedings,"haulage, transport and associated logistics sector",thuringia,code16,,,,109
