Year,Value,COMMENT_OBS_0
2010,,.
2011,0.002784,r
2012,0.003528,r
2013,0.003094,r
2014,0.002166,r
2015,0.003385,r
2016,0.002891,r
2017,0.004002,r
2018,0.005774,r
2019,0.003741,r
2020,0.003350,r
2021,0.003389,r
2022,0.004295,
