Year,Units,timeseries,age group,sex,COMMENT_OBS_0,COMMENT_OBS_1,COMMENT_OBS_2,Value
2010,number,victims of non-sexual harassment,,,.,,,
2011,number,victims of non-sexual harassment,,,.,,,
2012,number,victims of non-sexual harassment,,,.,,,
2013,number,victims of non-sexual harassment,,,.,,,
2014,number,victims of non-sexual harassment,,,.,,,
2015,number,victims of non-sexual harassment,,,.,,,
2016,number,victims of non-sexual harassment,,,,,,70.9
2017,number,victims of non-sexual harassment,,,.,,,
2018,number,victims of non-sexual harassment,,,,,,71.7
2019,number,victims of non-sexual harassment,,,.,,,
2020,number,victims of non-sexual harassment,,,,,,73.6
2021,number,victims of non-sexual harassment,,,…,,,
2022,number,victims of non-sexual harassment,,,…,,,
2023,number,victims of non-sexual harassment,,,…,,,
2024,number,victims of non-sexual harassment,,,…,,,
2010,number,victims of non-sexual harassment,,female,.,,,
2011,number,victims of non-sexual harassment,,female,.,,,
2012,number,victims of non-sexual harassment,,female,.,,,
2013,number,victims of non-sexual harassment,,female,.,,,
2014,number,victims of non-sexual harassment,,female,.,,,
2015,number,victims of non-sexual harassment,,female,.,,,
2016,number,victims of non-sexual harassment,,female,,,,88.4
2017,number,victims of non-sexual harassment,,female,.,,,
2018,number,victims of non-sexual harassment,,female,,,,88.8
2019,number,victims of non-sexual harassment,,female,.,,,
2020,number,victims of non-sexual harassment,,female,,,,89.4
2021,number,victims of non-sexual harassment,,female,…,,,
2022,number,victims of non-sexual harassment,,female,…,,,
2023,number,victims of non-sexual harassment,,female,…,,,
2024,number,victims of non-sexual harassment,,female,…,,,
2010,number,victims of non-sexual harassment,,male,.,,,
2011,number,victims of non-sexual harassment,,male,.,,,
2012,number,victims of non-sexual harassment,,male,.,,,
2013,number,victims of non-sexual harassment,,male,.,,,
2014,number,victims of non-sexual harassment,,male,.,,,
2015,number,victims of non-sexual harassment,,male,.,,,
2016,number,victims of non-sexual harassment,,male,,,,79.7
2017,number,victims of non-sexual harassment,,male,.,,,
2018,number,victims of non-sexual harassment,,male,,,,80.7
2019,number,victims of non-sexual harassment,,male,.,,,
2020,number,victims of non-sexual harassment,,male,,,,81.7
2021,number,victims of non-sexual harassment,,male,…,,,
2022,number,victims of non-sexual harassment,,male,…,,,
2023,number,victims of non-sexual harassment,,male,…,,,
2024,number,victims of non-sexual harassment,,male,…,,,
2010,number,victims of non-sexual harassment,13 years and younger,,.,,,
2011,number,victims of non-sexual harassment,13 years and younger,,.,,,
2012,number,victims of non-sexual harassment,13 years and younger,,.,,,
2013,number,victims of non-sexual harassment,13 years and younger,,.,,,
2014,number,victims of non-sexual harassment,13 years and younger,,.,,,
2015,number,victims of non-sexual harassment,13 years and younger,,.,,,
2016,number,victims of non-sexual harassment,13 years and younger,,,,,74.9
2017,number,victims of non-sexual harassment,13 years and younger,,.,,,
2018,number,victims of non-sexual harassment,13 years and younger,,,,,75.9
2019,number,victims of non-sexual harassment,13 years and younger,,.,,,
2020,number,victims of non-sexual harassment,13 years and younger,,,,,72.4
2021,number,victims of non-sexual harassment,13 years and younger,,…,,,
2022,number,victims of non-sexual harassment,13 years and younger,,…,,,
2023,number,victims of non-sexual harassment,13 years and younger,,…,,,
2024,number,victims of non-sexual harassment,13 years and younger,,…,,,
2010,number,victims of non-sexual harassment,13 years and younger,female,.,,,
2011,number,victims of non-sexual harassment,13 years and younger,female,.,,,
2012,number,victims of non-sexual harassment,13 years and younger,female,.,,,
2013,number,victims of non-sexual harassment,13 years and younger,female,.,,,
2014,number,victims of non-sexual harassment,13 years and younger,female,.,,,
2015,number,victims of non-sexual harassment,13 years and younger,female,.,,,
2016,number,victims of non-sexual harassment,13 years and younger,female,,,,71.8
2017,number,victims of non-sexual harassment,13 years and younger,female,.,,,
2018,number,victims of non-sexual harassment,13 years and younger,female,,,,74.2
2019,number,victims of non-sexual harassment,13 years and younger,female,.,,,
2020,number,victims of non-sexual harassment,13 years and younger,female,,,,75.4
2021,number,victims of non-sexual harassment,13 years and younger,female,…,,,
2022,number,victims of non-sexual harassment,13 years and younger,female,…,,,
2023,number,victims of non-sexual harassment,13 years and younger,female,…,,,
2024,number,victims of non-sexual harassment,13 years and younger,female,…,,,
2010,number,victims of non-sexual harassment,13 years and younger,male,.,,,
2011,number,victims of non-sexual harassment,13 years and younger,male,.,,,
2012,number,victims of non-sexual harassment,13 years and younger,male,.,,,
2013,number,victims of non-sexual harassment,13 years and younger,male,.,,,
2014,number,victims of non-sexual harassment,13 years and younger,male,.,,,
2015,number,victims of non-sexual harassment,13 years and younger,male,.,,,
2016,number,victims of non-sexual harassment,13 years and younger,male,,,,71.6
2017,number,victims of non-sexual harassment,13 years and younger,male,.,,,
2018,number,victims of non-sexual harassment,13 years and younger,male,,,,71.7
2019,number,victims of non-sexual harassment,13 years and younger,male,.,,,
2020,number,victims of non-sexual harassment,13 years and younger,male,,,,72.7
2021,number,victims of non-sexual harassment,13 years and younger,male,…,,,
2022,number,victims of non-sexual harassment,13 years and younger,male,…,,,
2023,number,victims of non-sexual harassment,13 years and younger,male,…,,,
2024,number,victims of non-sexual harassment,13 years and younger,male,…,,,
2010,number,victims of non-sexual harassment,14 to under 18 years,,,,,94.3
2011,number,victims of non-sexual harassment,14 to under 18 years,,,,,94.0
2012,number,victims of non-sexual harassment,14 to under 18 years,,,,,94.4
2013,number,victims of non-sexual harassment,14 to under 18 years,,,,,92.8
2014,number,victims of non-sexual harassment,14 to under 18 years,,,,,94.3
2015,number,victims of non-sexual harassment,14 to under 18 years,,,,,93.6
2016,number,victims of non-sexual harassment,14 to under 18 years,,,,,93.6
2017,number,victims of non-sexual harassment,14 to under 18 years,,,,,94.2
2018,number,victims of non-sexual harassment,14 to under 18 years,,,,,94.5
2019,number,victims of non-sexual harassment,14 to under 18 years,,,,,93.7
2020,number,victims of non-sexual harassment,14 to under 18 years,,,,,94.5
2021,number,victims of non-sexual harassment,14 to under 18 years,,,,,94.4
2022,number,victims of non-sexual harassment,14 to under 18 years,,,,,94.8
2023,number,victims of non-sexual harassment,14 to under 18 years,,…,,,
2024,number,victims of non-sexual harassment,14 to under 18 years,,…,,,
2010,number,victims of non-sexual harassment,14 to under 18 years,female,,,,93.3
2011,number,victims of non-sexual harassment,14 to under 18 years,female,,,,91.6
2012,number,victims of non-sexual harassment,14 to under 18 years,female,,,,92.7
2013,number,victims of non-sexual harassment,14 to under 18 years,female,,,,90.2
2014,number,victims of non-sexual harassment,14 to under 18 years,female,,,,95.2
2015,number,victims of non-sexual harassment,14 to under 18 years,female,,,,91.5
2016,number,victims of non-sexual harassment,14 to under 18 years,female,,,,91.3
2017,number,victims of non-sexual harassment,14 to under 18 years,female,,,,92.2
2018,number,victims of non-sexual harassment,14 to under 18 years,female,,,,90.3
2019,number,victims of non-sexual harassment,14 to under 18 years,female,,,,90.2
2020,number,victims of non-sexual harassment,14 to under 18 years,female,,,,89.7
2021,number,victims of non-sexual harassment,14 to under 18 years,female,,,,89.0
2022,number,victims of non-sexual harassment,14 to under 18 years,female,,,,95.1
2023,number,victims of non-sexual harassment,14 to under 18 years,female,…,,,
2024,number,victims of non-sexual harassment,14 to under 18 years,female,…,,,
2010,number,victims of non-sexual harassment,14 to under 18 years,male,,,,97.5
2011,number,victims of non-sexual harassment,14 to under 18 years,male,,,,98.4
2012,number,victims of non-sexual harassment,14 to under 18 years,male,,,,96.7
2013,number,victims of non-sexual harassment,14 to under 18 years,male,,,,89.5
2014,number,victims of non-sexual harassment,14 to under 18 years,male,,,,96.3
2015,number,victims of non-sexual harassment,14 to under 18 years,male,,,,98.1
2016,number,victims of non-sexual harassment,14 to under 18 years,male,,,,95.8
2017,number,victims of non-sexual harassment,14 to under 18 years,male,,,,95.6
2018,number,victims of non-sexual harassment,14 to under 18 years,male,,,,96.4
2019,number,victims of non-sexual harassment,14 to under 18 years,male,,,,97.0
2020,number,victims of non-sexual harassment,14 to under 18 years,male,,,,98.8
2021,number,victims of non-sexual harassment,14 to under 18 years,male,,,,97.6
2022,number,victims of non-sexual harassment,14 to under 18 years,male,,,,99.4
2023,number,victims of non-sexual harassment,14 to under 18 years,male,…,,,
2024,number,victims of non-sexual harassment,14 to under 18 years,male,…,,,
2010,number,victims of non-sexual harassment,18 to under 21 years,,,,,97.7
2011,number,victims of non-sexual harassment,18 to under 21 years,,,,,96.1
2012,number,victims of non-sexual harassment,18 to under 21 years,,,,,94.6
2013,number,victims of non-sexual harassment,18 to under 21 years,,,,,94.8
2014,number,victims of non-sexual harassment,18 to under 21 years,,,,,97.1
2015,number,victims of non-sexual harassment,18 to under 21 years,,,,,96.7
2016,number,victims of non-sexual harassment,18 to under 21 years,,,,,96.7
2017,number,victims of non-sexual harassment,18 to under 21 years,,,,,95.4
2018,number,victims of non-sexual harassment,18 to under 21 years,,,,,96.3
2019,number,victims of non-sexual harassment,18 to under 21 years,,,,,95.5
2020,number,victims of non-sexual harassment,18 to under 21 years,,,,,95.1
2021,number,victims of non-sexual harassment,18 to under 21 years,,,,,97.6
2022,number,victims of non-sexual harassment,18 to under 21 years,,,,,93.5
2023,number,victims of non-sexual harassment,18 to under 21 years,,…,,,
2024,number,victims of non-sexual harassment,18 to under 21 years,,…,,,
2010,number,victims of non-sexual harassment,18 to under 21 years,female,,,,95.2
2011,number,victims of non-sexual harassment,18 to under 21 years,female,,,,96.2
2012,number,victims of non-sexual harassment,18 to under 21 years,female,,,,97.8
2013,number,victims of non-sexual harassment,18 to under 21 years,female,,,,96.2
2014,number,victims of non-sexual harassment,18 to under 21 years,female,,,,94.1
2015,number,victims of non-sexual harassment,18 to under 21 years,female,,,,92.9
2016,number,victims of non-sexual harassment,18 to under 21 years,female,,,,96.1
2017,number,victims of non-sexual harassment,18 to under 21 years,female,,,,96.1
2018,number,victims of non-sexual harassment,18 to under 21 years,female,,,,95.3
2019,number,victims of non-sexual harassment,18 to under 21 years,female,,,,96.2
2020,number,victims of non-sexual harassment,18 to under 21 years,female,,,,97.1
2021,number,victims of non-sexual harassment,18 to under 21 years,female,,,,96.8
2022,number,victims of non-sexual harassment,18 to under 21 years,female,,,,97.5
2023,number,victims of non-sexual harassment,18 to under 21 years,female,…,,,
2024,number,victims of non-sexual harassment,18 to under 21 years,female,…,,,
2010,number,victims of non-sexual harassment,18 to under 21 years,male,,,,93.2
2011,number,victims of non-sexual harassment,18 to under 21 years,male,,,,93.8
2012,number,victims of non-sexual harassment,18 to under 21 years,male,,,,93.8
2013,number,victims of non-sexual harassment,18 to under 21 years,male,,,,92.9
2014,number,victims of non-sexual harassment,18 to under 21 years,male,,,,94.2
2015,number,victims of non-sexual harassment,18 to under 21 years,male,,,,92.7
2016,number,victims of non-sexual harassment,18 to under 21 years,male,,,,92.6
2017,number,victims of non-sexual harassment,18 to under 21 years,male,,,,94.0
2018,number,victims of non-sexual harassment,18 to under 21 years,male,,,,95.0
2019,number,victims of non-sexual harassment,18 to under 21 years,male,,,,93.4
2020,number,victims of non-sexual harassment,18 to under 21 years,male,,,,96.0
2021,number,victims of non-sexual harassment,18 to under 21 years,male,,,,94.0
2022,number,victims of non-sexual harassment,18 to under 21 years,male,,,,93.4
2023,number,victims of non-sexual harassment,18 to under 21 years,male,…,,,
2024,number,victims of non-sexual harassment,18 to under 21 years,male,…,,,
2010,number,victims of non-sexual harassment,21 to under 60 years,,,,,92.1
2011,number,victims of non-sexual harassment,21 to under 60 years,,,,,89.6
2012,number,victims of non-sexual harassment,21 to under 60 years,,,,,91.7
2013,number,victims of non-sexual harassment,21 to under 60 years,,,,,90.0
2014,number,victims of non-sexual harassment,21 to under 60 years,,,,,92.4
2015,number,victims of non-sexual harassment,21 to under 60 years,,,,,92.2
2016,number,victims of non-sexual harassment,21 to under 60 years,,,,,90.5
2017,number,victims of non-sexual harassment,21 to under 60 years,,,,,91.6
2018,number,victims of non-sexual harassment,21 to under 60 years,,,,,91.6
2019,number,victims of non-sexual harassment,21 to under 60 years,,,,,90.4
2020,number,victims of non-sexual harassment,21 to under 60 years,,,,,90.3
2021,number,victims of non-sexual harassment,21 to under 60 years,,,,,90.7
2022,number,victims of non-sexual harassment,21 to under 60 years,,,,,93.8
2023,number,victims of non-sexual harassment,21 to under 60 years,,…,,,
2024,number,victims of non-sexual harassment,21 to under 60 years,,…,,,
2010,number,victims of non-sexual harassment,21 to under 60 years,female,,,,93.2
2011,number,victims of non-sexual harassment,21 to under 60 years,female,,,,94.2
2012,number,victims of non-sexual harassment,21 to under 60 years,female,,,,94.5
2013,number,victims of non-sexual harassment,21 to under 60 years,female,,,,92.5
2014,number,victims of non-sexual harassment,21 to under 60 years,female,,,,94.6
2015,number,victims of non-sexual harassment,21 to under 60 years,female,,,,93.8
2016,number,victims of non-sexual harassment,21 to under 60 years,female,,,,93.6
2017,number,victims of non-sexual harassment,21 to under 60 years,female,,,,94.4
2018,number,victims of non-sexual harassment,21 to under 60 years,female,,,,94.5
2019,number,victims of non-sexual harassment,21 to under 60 years,female,,,,94.0
2020,number,victims of non-sexual harassment,21 to under 60 years,female,,,,95.0
2021,number,victims of non-sexual harassment,21 to under 60 years,female,,,,95.0
2022,number,victims of non-sexual harassment,21 to under 60 years,female,,,,94.7
2023,number,victims of non-sexual harassment,21 to under 60 years,female,…,,,
2024,number,victims of non-sexual harassment,21 to under 60 years,female,…,,,
2010,number,victims of non-sexual harassment,21 to under 60 years,male,,,,95.6
2011,number,victims of non-sexual harassment,21 to under 60 years,male,,,,93.7
2012,number,victims of non-sexual harassment,21 to under 60 years,male,,,,94.4
2013,number,victims of non-sexual harassment,21 to under 60 years,male,,,,93.2
2014,number,victims of non-sexual harassment,21 to under 60 years,male,,,,94.0
2015,number,victims of non-sexual harassment,21 to under 60 years,male,,,,93.4
2016,number,victims of non-sexual harassment,21 to under 60 years,male,,,,93.6
2017,number,victims of non-sexual harassment,21 to under 60 years,male,,,,94.0
2018,number,victims of non-sexual harassment,21 to under 60 years,male,,,,94.5
2019,number,victims of non-sexual harassment,21 to under 60 years,male,,,,93.5
2020,number,victims of non-sexual harassment,21 to under 60 years,male,,,,94.7
2021,number,victims of non-sexual harassment,21 to under 60 years,male,,,,93.9
2022,number,victims of non-sexual harassment,21 to under 60 years,male,,,,95.0
2023,number,victims of non-sexual harassment,21 to under 60 years,male,,,,
2024,number,victims of non-sexual harassment,21 to under 60 years,male,,,,
2010,number,victims of non-sexual harassment,60 years and older,,x,,,
2011,number,victims of non-sexual harassment,60 years and older,,,,,6.845
2012,number,victims of non-sexual harassment,60 years and older,,,,,2.010
2013,number,victims of non-sexual harassment,60 years and older,,,,,1.565
2014,number,victims of non-sexual harassment,60 years and older,,,,,1.153
2015,number,victims of non-sexual harassment,60 years and older,,,,,0.293
2016,number,victims of non-sexual harassment,60 years and older,,|,,,0.910
2017,number,victims of non-sexual harassment,60 years and older,,,,,1.553
2018,number,victims of non-sexual harassment,60 years and older,,,,,2.317
2019,number,victims of non-sexual harassment,60 years and older,,,,,1.859
2020,number,victims of non-sexual harassment,60 years and older,,x,,,
2021,number,victims of non-sexual harassment,60 years and older,,,,,4.248
2022,number,victims of non-sexual harassment,60 years and older,,x,r,,
2023,number,victims of non-sexual harassment,60 years and older,,r,,,1.099
2024,number,victims of non-sexual harassment,60 years and older,,…,,,
2010,number,victims of non-sexual harassment,60 years and older,female,,,,99.587
2011,number,victims of non-sexual harassment,60 years and older,female,,,,100.353
2012,number,victims of non-sexual harassment,60 years and older,female,,,,100.599
2013,number,victims of non-sexual harassment,60 years and older,female,,,,100.770
2014,number,victims of non-sexual harassment,60 years and older,female,,,,100.850
2015,number,victims of non-sexual harassment,60 years and older,female,,,,100.000
2016,number,victims of non-sexual harassment,60 years and older,female,|,,,99.962
2017,number,victims of non-sexual harassment,60 years and older,female,,,,100.142
2018,number,victims of non-sexual harassment,60 years and older,female,,,,100.501
2019,number,victims of non-sexual harassment,60 years and older,female,,,,100.654
2020,number,victims of non-sexual harassment,60 years and older,female,,,,101.097
2021,number,victims of non-sexual harassment,60 years and older,female,,,,101.420
2022,number,victims of non-sexual harassment,60 years and older,female,r,,,101.881
2023,number,victims of non-sexual harassment,60 years and older,female,r,,,101.921
2024,number,victims of non-sexual harassment,60 years and older,female,…,,,
2010,number,victims of non-sexual harassment,60 years and older,male,,,,0.591
2011,number,victims of non-sexual harassment,60 years and older,male,,,,0.902
2012,number,victims of non-sexual harassment,60 years and older,male,,,,0.489
2013,number,victims of non-sexual harassment,60 years and older,male,,,,0.473
2014,number,victims of non-sexual harassment,60 years and older,male,,,,0.612
2015,number,victims of non-sexual harassment,60 years and older,male,r,,,0.351
2016,number,victims of non-sexual harassment,60 years and older,male,|,,,0.382
2017,number,victims of non-sexual harassment,60 years and older,male,,,,0.509
2018,number,victims of non-sexual harassment,60 years and older,male,,,,0.634
2019,number,victims of non-sexual harassment,60 years and older,male,,,,0.330
2020,number,victims of non-sexual harassment,60 years and older,male,,,,0.426
2021,number,victims of non-sexual harassment,60 years and older,male,,,,0.419
2022,number,victims of non-sexual harassment,60 years and older,male,,,,0.312
2023,number,victims of non-sexual harassment,60 years and older,male,,,,0.445
2024,number,victims of non-sexual harassment,60 years and older,male,…,,,
2010,number,victims of sexual harassment,,,,,,-0.154
2011,number,victims of sexual harassment,,,,,,0.132
2012,number,victims of sexual harassment,,,,,,0.244
2013,number,victims of sexual harassment,,,,,,0.302
2014,number,victims of sexual harassment,,,,,,0.531
2015,number,victims of sexual harassment,,,,,,1.197
2016,number,victims of sexual harassment,,,|,,,0.420
2017,number,victims of sexual harassment,,,,,,0.327
2018,number,victims of sexual harassment,,,,,,0.274
2019,number,victims of sexual harassment,,,,,,0.178
2020,number,victims of sexual harassment,,,,,,-0.014
2021,number,victims of sexual harassment,,,,,,0.099
2022,number,victims of sexual harassment,,,r,,,-0.143
2023,number,victims of sexual harassment,,,r,,,0.405
2024,number,victims of sexual harassment,,,,,,0.145
2010,number,victims of sexual harassment,,female,,,,
2011,number,victims of sexual harassment,,female,,,,
2012,number,victims of sexual harassment,,female,,,,
2013,number,victims of sexual harassment,,female,,,,4.691
2014,number,victims of sexual harassment,,female,,,,2.046
2015,number,victims of sexual harassment,,female,,,,0.844
2016,number,victims of sexual harassment,,female,|,,,0.740
2017,number,victims of sexual harassment,,female,,,,0.747
2018,number,victims of sexual harassment,,female,,,,0.843
2019,number,victims of sexual harassment,,female,,,,1.545
2020,number,victims of sexual harassment,,female,,,,2.480
2021,number,victims of sexual harassment,,female,,,,3.373
2022,number,victims of sexual harassment,,female,r,,,12.432
2023,number,victims of sexual harassment,,female,r,,,4.610
2024,number,victims of sexual harassment,,female,…,,,
2010,number,victims of sexual harassment,,male,,,,
2011,number,victims of sexual harassment,,male,,,,98.632
2012,number,victims of sexual harassment,,male,,,,99.299
2013,number,victims of sexual harassment,,male,,,,99.777
2014,number,victims of sexual harassment,,male,,,,100.091
2015,number,victims of sexual harassment,,male,,,,100.000
2016,number,victims of sexual harassment,,male,|,,,99.840
2017,number,victims of sexual harassment,,male,,,,99.685
2018,number,victims of sexual harassment,,male,,,,99.601
2019,number,victims of sexual harassment,,male,,,,99.764
2020,number,victims of sexual harassment,,male,,,,100.046
2021,number,victims of sexual harassment,,male,,,,100.363
2022,number,victims of sexual harassment,,male,r,,,100.706
2023,number,victims of sexual harassment,,male,r,,,101.021
2024,number,victims of sexual harassment,,male,…,,,
2010,number,victims of sexual harassment,13 years and younger,,,,,
2011,number,victims of sexual harassment,13 years and younger,,,,,
2012,number,victims of sexual harassment,13 years and younger,,,,,0.647
2013,number,victims of sexual harassment,13 years and younger,,,,,0.614
2014,number,victims of sexual harassment,13 years and younger,,,,,0.619
2015,number,victims of sexual harassment,13 years and younger,,,,,0.482
2016,number,victims of sexual harassment,13 years and younger,,|,,,0.455
2017,number,victims of sexual harassment,13 years and younger,,,,,0.464
2018,number,victims of sexual harassment,13 years and younger,,,,,0.469
2019,number,victims of sexual harassment,13 years and younger,,,,,0.464
2020,number,victims of sexual harassment,13 years and younger,,,,,0.474
2021,number,victims of sexual harassment,13 years and younger,,,,,0.452
2022,number,victims of sexual harassment,13 years and younger,,,,,0.372
2023,number,victims of sexual harassment,13 years and younger,,,,,0.400
2024,number,victims of sexual harassment,13 years and younger,,…,,,
2010,number,victims of sexual harassment,13 years and younger,female,.,,,
2011,number,victims of sexual harassment,13 years and younger,female,.,,,
2012,number,victims of sexual harassment,13 years and younger,female,,,,-0.030
2013,number,victims of sexual harassment,13 years and younger,female,,,,0.131
2014,number,victims of sexual harassment,13 years and younger,female,,,,0.303
2015,number,victims of sexual harassment,13 years and younger,female,,,,0.570
2016,number,victims of sexual harassment,13 years and younger,female,|,,,0.615
2017,number,victims of sexual harassment,13 years and younger,female,,,,0.621
2018,number,victims of sexual harassment,13 years and younger,female,,,,0.556
2019,number,victims of sexual harassment,13 years and younger,female,,,,0.300
2020,number,victims of sexual harassment,13 years and younger,female,,,,0.191
2021,number,victims of sexual harassment,13 years and younger,female,,,,0.134
2022,number,victims of sexual harassment,13 years and younger,female,r,,,0.030
2023,number,victims of sexual harassment,13 years and younger,female,r,,,0.087
2024,number,victims of sexual harassment,13 years and younger,female,,,,0.127
2010,number,victims of sexual harassment,13 years and younger,male,,,,100
2011,number,victims of sexual harassment,13 years and younger,male,,,,100
2012,number,victims of sexual harassment,13 years and younger,male,,,,100
2013,number,victims of sexual harassment,13 years and younger,male,,,,100
2014,number,victims of sexual harassment,13 years and younger,male,,,,100
2015,number,victims of sexual harassment,13 years and younger,male,,,,100
2016,number,victims of sexual harassment,13 years and younger,male,,,,100
2017,number,victims of sexual harassment,13 years and younger,male,,,,100
2018,number,victims of sexual harassment,13 years and younger,male,,,,100
2019,number,victims of sexual harassment,13 years and younger,male,,,,100
2020,number,victims of sexual harassment,13 years and younger,male,,,,100
2021,number,victims of sexual harassment,13 years and younger,male,,,,100
2022,number,victims of sexual harassment,13 years and younger,male,,,,100
2023,number,victims of sexual harassment,13 years and younger,male,,,,100
2024,number,victims of sexual harassment,13 years and younger,male,,,,100
2010,number,victims of sexual harassment,14 to under 18 years,,,,,1.084
2011,number,victims of sexual harassment,14 to under 18 years,,,,,1.206
2012,number,victims of sexual harassment,14 to under 18 years,,,,,1.231
2013,number,victims of sexual harassment,14 to under 18 years,,,,,1.283
2014,number,victims of sexual harassment,14 to under 18 years,,,,,1.408
2015,number,victims of sexual harassment,14 to under 18 years,,,,,1.439
2016,number,victims of sexual harassment,14 to under 18 years,,,,,1.491
2017,number,victims of sexual harassment,14 to under 18 years,,,,,1.604
2018,number,victims of sexual harassment,14 to under 18 years,,,,,1.602
2019,number,victims of sexual harassment,14 to under 18 years,,,,,1.736
2020,number,victims of sexual harassment,14 to under 18 years,,,,,1.715
2021,number,victims of sexual harassment,14 to under 18 years,,p,,,1.843
2022,number,victims of sexual harassment,14 to under 18 years,,p,,,1.955
2023,number,victims of sexual harassment,14 to under 18 years,,p,,,2.376
2024,number,victims of sexual harassment,14 to under 18 years,,p,,,2.517
2010,number,victims of sexual harassment,14 to under 18 years,female,,,,9.804
2011,number,victims of sexual harassment,14 to under 18 years,female,,,,10.427
2012,number,victims of sexual harassment,14 to under 18 years,female,,,,10.417
2013,number,victims of sexual harassment,14 to under 18 years,female,,,,10.838
2014,number,victims of sexual harassment,14 to under 18 years,female,,,,11.458
2015,number,victims of sexual harassment,14 to under 18 years,female,,,,11.580
2016,number,victims of sexual harassment,14 to under 18 years,female,,,,11.820
2017,number,victims of sexual harassment,14 to under 18 years,female,,,,12.407
2018,number,victims of sexual harassment,14 to under 18 years,female,,,,12.791
2019,number,victims of sexual harassment,14 to under 18 years,female,,,,13.688
2020,number,victims of sexual harassment,14 to under 18 years,female,,,,14.137
2021,number,victims of sexual harassment,14 to under 18 years,female,p,,,13.788
2022,number,victims of sexual harassment,14 to under 18 years,female,p,,,14.510
2023,number,victims of sexual harassment,14 to under 18 years,female,p,,,16.023
2024,number,victims of sexual harassment,14 to under 18 years,female,p,,,17.595
2010,number,victims of sexual harassment,14 to under 18 years,male,s,,,100
2011,number,victims of sexual harassment,14 to under 18 years,male,s,,,100
2012,number,victims of sexual harassment,14 to under 18 years,male,s,,,100
2013,number,victims of sexual harassment,14 to under 18 years,male,s,,,100
2014,number,victims of sexual harassment,14 to under 18 years,male,s,,,100
2015,number,victims of sexual harassment,14 to under 18 years,male,s,,,100
2016,number,victims of sexual harassment,14 to under 18 years,male,s,,,100
2017,number,victims of sexual harassment,14 to under 18 years,male,s,,,100
2018,number,victims of sexual harassment,14 to under 18 years,male,s,,,100
2019,number,victims of sexual harassment,14 to under 18 years,male,s,,,100
2020,number,victims of sexual harassment,14 to under 18 years,male,s,,,100
2021,number,victims of sexual harassment,14 to under 18 years,male,s,,,100
2022,number,victims of sexual harassment,14 to under 18 years,male,s,,,100
2023,number,victims of sexual harassment,14 to under 18 years,male,s,,,100
2024,number,victims of sexual harassment,14 to under 18 years,male,…,,,
2010,number,victims of sexual harassment,18 to under 21 years,,,,,49237
2011,number,victims of sexual harassment,18 to under 21 years,,,,,50237
2012,number,victims of sexual harassment,18 to under 21 years,,,,,49759
2013,number,victims of sexual harassment,18 to under 21 years,,,,,49570
2014,number,victims of sexual harassment,18 to under 21 years,,,,,51102
2015,number,victims of sexual harassment,18 to under 21 years,,,,,51625
2016,number,victims of sexual harassment,18 to under 21 years,,,,,52133
2017,number,victims of sexual harassment,18 to under 21 years,,,,,51790
2018,number,victims of sexual harassment,18 to under 21 years,,,,,50260
2019,number,victims of sexual harassment,18 to under 21 years,,,,,50643
2020,number,victims of sexual harassment,18 to under 21 years,,,,,50993
2021,number,victims of sexual harassment,18 to under 21 years,,,,,51793
2022,number,victims of sexual harassment,18 to under 21 years,,,,,48559
2023,number,victims of sexual harassment,18 to under 21 years,,,,,48860
2024,number,victims of sexual harassment,18 to under 21 years,,…,,,
2010,number,victims of sexual harassment,18 to under 21 years,female,r,,,19.5
2011,number,victims of sexual harassment,18 to under 21 years,female,r,,,19.4
2012,number,victims of sexual harassment,18 to under 21 years,female,r,,,16.8
2013,number,victims of sexual harassment,18 to under 21 years,female,r,,,17.5
2014,number,victims of sexual harassment,18 to under 21 years,female,r,,,17.0
2015,number,victims of sexual harassment,18 to under 21 years,female,r,,,15.8
2016,number,victims of sexual harassment,18 to under 21 years,female,r,,,15.3
2017,number,victims of sexual harassment,18 to under 21 years,female,r,,,14.4
2018,number,victims of sexual harassment,18 to under 21 years,female,,,,15.4
2019,number,victims of sexual harassment,18 to under 21 years,female,,,,13.2
2020,number,victims of sexual harassment,18 to under 21 years,female,,,,12.3
2021,number,victims of sexual harassment,18 to under 21 years,female,,,,13.0
2022,number,victims of sexual harassment,18 to under 21 years,female,…,,,
2023,number,victims of sexual harassment,18 to under 21 years,female,…,,,
2024,number,victims of sexual harassment,18 to under 21 years,female,…,,,
2010,number,victims of sexual harassment,18 to under 21 years,male,r,,,15.9
2011,number,victims of sexual harassment,18 to under 21 years,male,r,,,15.2
2012,number,victims of sexual harassment,18 to under 21 years,male,r,,,12.4
2013,number,victims of sexual harassment,18 to under 21 years,male,r,,,13.2
2014,number,victims of sexual harassment,18 to under 21 years,male,r,,,13.0
2015,number,victims of sexual harassment,18 to under 21 years,male,r,,,11.7
2016,number,victims of sexual harassment,18 to under 21 years,male,r,,,11.4
2017,number,victims of sexual harassment,18 to under 21 years,male,r,,,10.9
2018,number,victims of sexual harassment,18 to under 21 years,male,r,,,11.2
2019,number,victims of sexual harassment,18 to under 21 years,male,r,,,9.4
2020,number,victims of sexual harassment,18 to under 21 years,male,r,,,8.8
2021,number,victims of sexual harassment,18 to under 21 years,male,,,,9.3
2022,number,victims of sexual harassment,18 to under 21 years,male,…,,,
2023,number,victims of sexual harassment,18 to under 21 years,male,…,,,
2024,number,victims of sexual harassment,18 to under 21 years,male,…,,,
2010,number,victims of sexual harassment,21 to under 60 years,,,,,81.7
2011,number,victims of sexual harassment,21 to under 60 years,,,,,80.3
2012,number,victims of sexual harassment,21 to under 60 years,,,,,80.5
2013,number,victims of sexual harassment,21 to under 60 years,,,,,80.8
2014,number,victims of sexual harassment,21 to under 60 years,,,,,81.2
2015,number,victims of sexual harassment,21 to under 60 years,,,,,82.2
2016,number,victims of sexual harassment,21 to under 60 years,,,,,82.5
2017,number,victims of sexual harassment,21 to under 60 years,,,,,82.8
2018,number,victims of sexual harassment,21 to under 60 years,,,,,83.0
2019,number,victims of sexual harassment,21 to under 60 years,,,,,83.2
2020,number,victims of sexual harassment,21 to under 60 years,,,,,83.1
2021,number,victims of sexual harassment,21 to under 60 years,,,,,83.2
2022,number,victims of sexual harassment,21 to under 60 years,,…,,,
2023,number,victims of sexual harassment,21 to under 60 years,,…,,,
2024,number,victims of sexual harassment,21 to under 60 years,,…,,,
2010,number,victims of sexual harassment,21 to under 60 years,female,,,,74.0
2011,number,victims of sexual harassment,21 to under 60 years,female,,,,71.0
2012,number,victims of sexual harassment,21 to under 60 years,female,,,,56.5
2013,number,victims of sexual harassment,21 to under 60 years,female,,,,64.1
2014,number,victims of sexual harassment,21 to under 60 years,female,,,,59.2
2015,number,victims of sexual harassment,21 to under 60 years,female,,,,50.6
2016,number,victims of sexual harassment,21 to under 60 years,female,,,,45.0
2017,number,victims of sexual harassment,21 to under 60 years,female,,,,30.9
2018,number,victims of sexual harassment,21 to under 60 years,female,,,,46.3
2019,number,victims of sexual harassment,21 to under 60 years,female,,,,17.6
2020,number,victims of sexual harassment,21 to under 60 years,female,,,,9.9
2021,number,victims of sexual harassment,21 to under 60 years,female,,,,16.9
2022,number,victims of sexual harassment,21 to under 60 years,female,…,,,
2023,number,victims of sexual harassment,21 to under 60 years,female,…,,,
2024,number,victims of sexual harassment,21 to under 60 years,female,…,,,
2010,number,victims of sexual harassment,21 to under 60 years,male,.,,,
2011,number,victims of sexual harassment,21 to under 60 years,male,.,,,
2012,number,victims of sexual harassment,21 to under 60 years,male,.,,,
2013,number,victims of sexual harassment,21 to under 60 years,male,.,,,
2014,number,victims of sexual harassment,21 to under 60 years,male,.,,,
2015,number,victims of sexual harassment,21 to under 60 years,male,,,,29.53
2016,number,victims of sexual harassment,21 to under 60 years,male,.,,,
2017,number,victims of sexual harassment,21 to under 60 years,male,.,,,
2018,number,victims of sexual harassment,21 to under 60 years,male,,,,29.61
2019,number,victims of sexual harassment,21 to under 60 years,male,.,,,
2020,number,victims of sexual harassment,21 to under 60 years,male,.,,,
2021,number,victims of sexual harassment,21 to under 60 years,male,,,,29.24
2022,number,victims of sexual harassment,21 to under 60 years,male,.,,,
2023,number,victims of sexual harassment,21 to under 60 years,male,.,,,
2024,number,victims of sexual harassment,21 to under 60 years,male,.,,,
2010,number,victims of sexual harassment,60 years and older,,,,,28870
2011,number,victims of sexual harassment,60 years and older,,,,,26876
2012,number,victims of sexual harassment,60 years and older,,,,,26360
2013,number,victims of sexual harassment,60 years and older,,,,,25517
2014,number,victims of sexual harassment,60 years and older,,,,,23303
2015,number,victims of sexual harassment,60 years and older,,,,,21070
2016,number,victims of sexual harassment,60 years and older,,,,,19949
2017,number,victims of sexual harassment,60 years and older,,r,,,19750
2018,number,victims of sexual harassment,60 years and older,,r,,,20280
2019,number,victims of sexual harassment,60 years and older,,r,,,20204
2020,number,victims of sexual harassment,60 years and older,,r,,,20997
2021,number,victims of sexual harassment,60 years and older,,r,,,22091
2022,number,victims of sexual harassment,60 years and older,,r,,,23082
2023,number,victims of sexual harassment,60 years and older,,r,,,25138
2024,number,victims of sexual harassment,60 years and older,,,,,26703
2010,number,victims of sexual harassment,60 years and older,female,,,,22909
2011,number,victims of sexual harassment,60 years and older,female,,,,21414
2012,number,victims of sexual harassment,60 years and older,female,,,,21217
2013,number,victims of sexual harassment,60 years and older,female,,,,20455
2014,number,victims of sexual harassment,60 years and older,female,,,,18682
2015,number,victims of sexual harassment,60 years and older,female,,,,16941
2016,number,victims of sexual harassment,60 years and older,female,,,,16115
2017,number,victims of sexual harassment,60 years and older,female,r,,,15999
2018,number,victims of sexual harassment,60 years and older,female,r,,,16456
2019,number,victims of sexual harassment,60 years and older,female,r,,,16432
2020,number,victims of sexual harassment,60 years and older,female,r,,,16974
2021,number,victims of sexual harassment,60 years and older,female,r,,,17693
2022,number,victims of sexual harassment,60 years and older,female,r,,,18628
2023,number,victims of sexual harassment,60 years and older,female,r,,,20089
2024,number,victims of sexual harassment,60 years and older,female,,,,21382
2010,number,victims of sexual harassment,60 years and older,male,,,,5961
2011,number,victims of sexual harassment,60 years and older,male,,,,5462
2012,number,victims of sexual harassment,60 years and older,male,,,,5143
2013,number,victims of sexual harassment,60 years and older,male,,,,5062
2014,number,victims of sexual harassment,60 years and older,male,,,,4621
2015,number,victims of sexual harassment,60 years and older,male,,,,4129
2016,number,victims of sexual harassment,60 years and older,male,,,,3834
2017,number,victims of sexual harassment,60 years and older,male,r,,,3751
2018,number,victims of sexual harassment,60 years and older,male,r,,,3824
2019,number,victims of sexual harassment,60 years and older,male,r,,,3772
2020,number,victims of sexual harassment,60 years and older,male,r,,,4023
2021,number,victims of sexual harassment,60 years and older,male,r,,,4398
2022,number,victims of sexual harassment,60 years and older,male,r,,,4454
2023,number,victims of sexual harassment,60 years and older,male,r,,,5049
2024,number,victims of sexual harassment,60 years and older,male,,,,5321
2010,"per 100,000 inhabitants","number of victims per 100,000 of non-sexual harassment",,,,,,443
2011,"per 100,000 inhabitants","number of victims per 100,000 of non-sexual harassment",,,,,,416
2012,"per 100,000 inhabitants","number of victims per 100,000 of non-sexual harassment",,,,,,432
2013,"per 100,000 inhabitants","number of victims per 100,000 of non-sexual harassment",,,,,,427
2014,"per 100,000 inhabitants","number of victims per 100,000 of non-sexual harassment",,,,,,377
2015,"per 100,000 inhabitants","number of victims per 100,000 of non-sexual harassment",,,,,,343
2016,"per 100,000 inhabitants","number of victims per 100,000 of non-sexual harassment",,,,,,336
2017,"per 100,000 inhabitants","number of victims per 100,000 of non-sexual harassment",,,r,,,338
2018,"per 100,000 inhabitants","number of victims per 100,000 of non-sexual harassment",,,r,,,346
2019,"per 100,000 inhabitants","number of victims per 100,000 of non-sexual harassment",,,r,,,398
2020,"per 100,000 inhabitants","number of victims per 100,000 of non-sexual harassment",,,r,,,380
2021,"per 100,000 inhabitants","number of victims per 100,000 of non-sexual harassment",,,r,,,404
2022,"per 100,000 inhabitants","number of victims per 100,000 of non-sexual harassment",,,r,,,460
2023,"per 100,000 inhabitants","number of victims per 100,000 of non-sexual harassment",,,r,,,579
2024,"per 100,000 inhabitants","number of victims per 100,000 of non-sexual harassment",,,,,,681
2010,"per 100,000 inhabitants","number of victims per 100,000 of non-sexual harassment",,female,,,,272
2011,"per 100,000 inhabitants","number of victims per 100,000 of non-sexual harassment",,female,,,,263
2012,"per 100,000 inhabitants","number of victims per 100,000 of non-sexual harassment",,female,,,,310
2013,"per 100,000 inhabitants","number of victims per 100,000 of non-sexual harassment",,female,,,,273
2014,"per 100,000 inhabitants","number of victims per 100,000 of non-sexual harassment",,female,,,,260
2015,"per 100,000 inhabitants","number of victims per 100,000 of non-sexual harassment",,female,,,,221
2016,"per 100,000 inhabitants","number of victims per 100,000 of non-sexual harassment",,female,,,,221
2017,"per 100,000 inhabitants","number of victims per 100,000 of non-sexual harassment",,female,r,,,212
2018,"per 100,000 inhabitants","number of victims per 100,000 of non-sexual harassment",,female,r,,,239
2019,"per 100,000 inhabitants","number of victims per 100,000 of non-sexual harassment",,female,r,,,241
2020,"per 100,000 inhabitants","number of victims per 100,000 of non-sexual harassment",,female,r,,,226
2021,"per 100,000 inhabitants","number of victims per 100,000 of non-sexual harassment",,female,r,,,264
2022,"per 100,000 inhabitants","number of victims per 100,000 of non-sexual harassment",,female,r,,,313
2023,"per 100,000 inhabitants","number of victims per 100,000 of non-sexual harassment",,female,r,,,353
2024,"per 100,000 inhabitants","number of victims per 100,000 of non-sexual harassment",,female,,,,404
2010,"per 100,000 inhabitants","number of victims per 100,000 of non-sexual harassment",,male,,,,171
2011,"per 100,000 inhabitants","number of victims per 100,000 of non-sexual harassment",,male,,,,153
2012,"per 100,000 inhabitants","number of victims per 100,000 of non-sexual harassment",,male,,,,122
2013,"per 100,000 inhabitants","number of victims per 100,000 of non-sexual harassment",,male,,,,154
2014,"per 100,000 inhabitants","number of victims per 100,000 of non-sexual harassment",,male,,,,117
2015,"per 100,000 inhabitants","number of victims per 100,000 of non-sexual harassment",,male,,,,122
2016,"per 100,000 inhabitants","number of victims per 100,000 of non-sexual harassment",,male,,,,115
2017,"per 100,000 inhabitants","number of victims per 100,000 of non-sexual harassment",,male,r,,,126
2018,"per 100,000 inhabitants","number of victims per 100,000 of non-sexual harassment",,male,r,,,107
2019,"per 100,000 inhabitants","number of victims per 100,000 of non-sexual harassment",,male,r,,,157
2020,"per 100,000 inhabitants","number of victims per 100,000 of non-sexual harassment",,male,r,,,154
2021,"per 100,000 inhabitants","number of victims per 100,000 of non-sexual harassment",,male,r,,,140
2022,"per 100,000 inhabitants","number of victims per 100,000 of non-sexual harassment",,male,r,,,147
2023,"per 100,000 inhabitants","number of victims per 100,000 of non-sexual harassment",,male,r,,,226
2024,"per 100,000 inhabitants","number of victims per 100,000 of non-sexual harassment",,male,,,,277
2010,"per 100,000 inhabitants","number of victims per 100,000 of non-sexual harassment",13 years and younger,,,,,1289
2011,"per 100,000 inhabitants","number of victims per 100,000 of non-sexual harassment",13 years and younger,,,,,1227
2012,"per 100,000 inhabitants","number of victims per 100,000 of non-sexual harassment",13 years and younger,,,,,1101
2013,"per 100,000 inhabitants","number of victims per 100,000 of non-sexual harassment",13 years and younger,,,,,1143
2014,"per 100,000 inhabitants","number of victims per 100,000 of non-sexual harassment",13 years and younger,,,,,1063
2015,"per 100,000 inhabitants","number of victims per 100,000 of non-sexual harassment",13 years and younger,,,,,817
2016,"per 100,000 inhabitants","number of victims per 100,000 of non-sexual harassment",13 years and younger,,,,,806
2017,"per 100,000 inhabitants","number of victims per 100,000 of non-sexual harassment",13 years and younger,,r,,,829
2018,"per 100,000 inhabitants","number of victims per 100,000 of non-sexual harassment",13 years and younger,,r,,,798
2019,"per 100,000 inhabitants","number of victims per 100,000 of non-sexual harassment",13 years and younger,,r,,,821
2020,"per 100,000 inhabitants","number of victims per 100,000 of non-sexual harassment",13 years and younger,,r,,,751
2021,"per 100,000 inhabitants","number of victims per 100,000 of non-sexual harassment",13 years and younger,,r,,,803
2022,"per 100,000 inhabitants","number of victims per 100,000 of non-sexual harassment",13 years and younger,,r,,,822
2023,"per 100,000 inhabitants","number of victims per 100,000 of non-sexual harassment",13 years and younger,,r,,,928
2024,"per 100,000 inhabitants","number of victims per 100,000 of non-sexual harassment",13 years and younger,,,,,1019
2010,"per 100,000 inhabitants","number of victims per 100,000 of non-sexual harassment",13 years and younger,female,,,,1132
2011,"per 100,000 inhabitants","number of victims per 100,000 of non-sexual harassment",13 years and younger,female,,,,1087
2012,"per 100,000 inhabitants","number of victims per 100,000 of non-sexual harassment",13 years and younger,female,,,,991
2013,"per 100,000 inhabitants","number of victims per 100,000 of non-sexual harassment",13 years and younger,female,,,,1015
2014,"per 100,000 inhabitants","number of victims per 100,000 of non-sexual harassment",13 years and younger,female,,,,943
2015,"per 100,000 inhabitants","number of victims per 100,000 of non-sexual harassment",13 years and younger,female,,,,716
2016,"per 100,000 inhabitants","number of victims per 100,000 of non-sexual harassment",13 years and younger,female,,,,710
2017,"per 100,000 inhabitants","number of victims per 100,000 of non-sexual harassment",13 years and younger,female,r,,,718
2018,"per 100,000 inhabitants","number of victims per 100,000 of non-sexual harassment",13 years and younger,female,r,,,724
2019,"per 100,000 inhabitants","number of victims per 100,000 of non-sexual harassment",13 years and younger,female,r,,,704
2020,"per 100,000 inhabitants","number of victims per 100,000 of non-sexual harassment",13 years and younger,female,r,,,624
2021,"per 100,000 inhabitants","number of victims per 100,000 of non-sexual harassment",13 years and younger,female,r,,,672
2022,"per 100,000 inhabitants","number of victims per 100,000 of non-sexual harassment",13 years and younger,female,r,,,686
2023,"per 100,000 inhabitants","number of victims per 100,000 of non-sexual harassment",13 years and younger,female,r,,,786
2024,"per 100,000 inhabitants","number of victims per 100,000 of non-sexual harassment",13 years and younger,female,,,,820
2010,"per 100,000 inhabitants","number of victims per 100,000 of non-sexual harassment",13 years and younger,male,,,,157
2011,"per 100,000 inhabitants","number of victims per 100,000 of non-sexual harassment",13 years and younger,male,,,,140
2012,"per 100,000 inhabitants","number of victims per 100,000 of non-sexual harassment",13 years and younger,male,,,,110
2013,"per 100,000 inhabitants","number of victims per 100,000 of non-sexual harassment",13 years and younger,male,,,,128
2014,"per 100,000 inhabitants","number of victims per 100,000 of non-sexual harassment",13 years and younger,male,,,,120
2015,"per 100,000 inhabitants","number of victims per 100,000 of non-sexual harassment",13 years and younger,male,,,,101
2016,"per 100,000 inhabitants","number of victims per 100,000 of non-sexual harassment",13 years and younger,male,,,,96
2017,"per 100,000 inhabitants","number of victims per 100,000 of non-sexual harassment",13 years and younger,male,r,,,111
2018,"per 100,000 inhabitants","number of victims per 100,000 of non-sexual harassment",13 years and younger,male,r,,,74
2019,"per 100,000 inhabitants","number of victims per 100,000 of non-sexual harassment",13 years and younger,male,r,,,117
2020,"per 100,000 inhabitants","number of victims per 100,000 of non-sexual harassment",13 years and younger,male,r,,,127
2021,"per 100,000 inhabitants","number of victims per 100,000 of non-sexual harassment",13 years and younger,male,r,,,131
2022,"per 100,000 inhabitants","number of victims per 100,000 of non-sexual harassment",13 years and younger,male,r,,,136
2023,"per 100,000 inhabitants","number of victims per 100,000 of non-sexual harassment",13 years and younger,male,r,,,142
2024,"per 100,000 inhabitants","number of victims per 100,000 of non-sexual harassment",13 years and younger,male,,,,199
2010,"per 100,000 inhabitants","number of victims per 100,000 of non-sexual harassment",14 to under 18 years,,,,,2467
2011,"per 100,000 inhabitants","number of victims per 100,000 of non-sexual harassment",14 to under 18 years,,,,,2202
2012,"per 100,000 inhabitants","number of victims per 100,000 of non-sexual harassment",14 to under 18 years,,,,,2036
2013,"per 100,000 inhabitants","number of victims per 100,000 of non-sexual harassment",14 to under 18 years,,,,,1769
2014,"per 100,000 inhabitants","number of victims per 100,000 of non-sexual harassment",14 to under 18 years,,,,,1654
2015,"per 100,000 inhabitants","number of victims per 100,000 of non-sexual harassment",14 to under 18 years,,,,,1402
2016,"per 100,000 inhabitants","number of victims per 100,000 of non-sexual harassment",14 to under 18 years,,,,,1253
2017,"per 100,000 inhabitants","number of victims per 100,000 of non-sexual harassment",14 to under 18 years,,r,,,1340
2018,"per 100,000 inhabitants","number of victims per 100,000 of non-sexual harassment",14 to under 18 years,,r,,,1462
2019,"per 100,000 inhabitants","number of victims per 100,000 of non-sexual harassment",14 to under 18 years,,r,,,1279
2020,"per 100,000 inhabitants","number of victims per 100,000 of non-sexual harassment",14 to under 18 years,,r,,,1385
2021,"per 100,000 inhabitants","number of victims per 100,000 of non-sexual harassment",14 to under 18 years,,r,,,1393
2022,"per 100,000 inhabitants","number of victims per 100,000 of non-sexual harassment",14 to under 18 years,,r,,,1321
2023,"per 100,000 inhabitants","number of victims per 100,000 of non-sexual harassment",14 to under 18 years,,r,,,1421
2024,"per 100,000 inhabitants","number of victims per 100,000 of non-sexual harassment",14 to under 18 years,,,,,1593
2010,"per 100,000 inhabitants","number of victims per 100,000 of non-sexual harassment",14 to under 18 years,female,,,,2185
2011,"per 100,000 inhabitants","number of victims per 100,000 of non-sexual harassment",14 to under 18 years,female,,,,1946
2012,"per 100,000 inhabitants","number of victims per 100,000 of non-sexual harassment",14 to under 18 years,female,,,,1804
2013,"per 100,000 inhabitants","number of victims per 100,000 of non-sexual harassment",14 to under 18 years,female,,,,1586
2014,"per 100,000 inhabitants","number of victims per 100,000 of non-sexual harassment",14 to under 18 years,female,,,,1477
2015,"per 100,000 inhabitants","number of victims per 100,000 of non-sexual harassment",14 to under 18 years,female,,,,1265
2016,"per 100,000 inhabitants","number of victims per 100,000 of non-sexual harassment",14 to under 18 years,female,,,,1136
2017,"per 100,000 inhabitants","number of victims per 100,000 of non-sexual harassment",14 to under 18 years,female,r,,,1214
2018,"per 100,000 inhabitants","number of victims per 100,000 of non-sexual harassment",14 to under 18 years,female,r,,,1298
2019,"per 100,000 inhabitants","number of victims per 100,000 of non-sexual harassment",14 to under 18 years,female,r,,,1149
2020,"per 100,000 inhabitants","number of victims per 100,000 of non-sexual harassment",14 to under 18 years,female,r,,,1252
2021,"per 100,000 inhabitants","number of victims per 100,000 of non-sexual harassment",14 to under 18 years,female,r,,,1226
2022,"per 100,000 inhabitants","number of victims per 100,000 of non-sexual harassment",14 to under 18 years,female,r,,,1174
2023,"per 100,000 inhabitants","number of victims per 100,000 of non-sexual harassment",14 to under 18 years,female,r,,,1223
2024,"per 100,000 inhabitants","number of victims per 100,000 of non-sexual harassment",14 to under 18 years,female,,,,1388
2010,"per 100,000 inhabitants","number of victims per 100,000 of non-sexual harassment",14 to under 18 years,male,,,,282
2011,"per 100,000 inhabitants","number of victims per 100,000 of non-sexual harassment",14 to under 18 years,male,,,,256
2012,"per 100,000 inhabitants","number of victims per 100,000 of non-sexual harassment",14 to under 18 years,male,,,,232
2013,"per 100,000 inhabitants","number of victims per 100,000 of non-sexual harassment",14 to under 18 years,male,,,,183
2014,"per 100,000 inhabitants","number of victims per 100,000 of non-sexual harassment",14 to under 18 years,male,,,,177
2015,"per 100,000 inhabitants","number of victims per 100,000 of non-sexual harassment",14 to under 18 years,male,,,,137
2016,"per 100,000 inhabitants","number of victims per 100,000 of non-sexual harassment",14 to under 18 years,male,,,,117
2017,"per 100,000 inhabitants","number of victims per 100,000 of non-sexual harassment",14 to under 18 years,male,r,,,126
2018,"per 100,000 inhabitants","number of victims per 100,000 of non-sexual harassment",14 to under 18 years,male,r,,,164
2019,"per 100,000 inhabitants","number of victims per 100,000 of non-sexual harassment",14 to under 18 years,male,r,,,130
2020,"per 100,000 inhabitants","number of victims per 100,000 of non-sexual harassment",14 to under 18 years,male,r,,,133
2021,"per 100,000 inhabitants","number of victims per 100,000 of non-sexual harassment",14 to under 18 years,male,r,,,167
2022,"per 100,000 inhabitants","number of victims per 100,000 of non-sexual harassment",14 to under 18 years,male,r,,,147
2023,"per 100,000 inhabitants","number of victims per 100,000 of non-sexual harassment",14 to under 18 years,male,r,,,198
2024,"per 100,000 inhabitants","number of victims per 100,000 of non-sexual harassment",14 to under 18 years,male,,,,205
2010,"per 100,000 inhabitants","number of victims per 100,000 of non-sexual harassment",18 to under 21 years,,,,,23019
2011,"per 100,000 inhabitants","number of victims per 100,000 of non-sexual harassment",18 to under 21 years,,,,,21536
2012,"per 100,000 inhabitants","number of victims per 100,000 of non-sexual harassment",18 to under 21 years,,,,,21296
2013,"per 100,000 inhabitants","number of victims per 100,000 of non-sexual harassment",18 to under 21 years,,,,,20738
2014,"per 100,000 inhabitants","number of victims per 100,000 of non-sexual harassment",18 to under 21 years,,,,,18814
2015,"per 100,000 inhabitants","number of victims per 100,000 of non-sexual harassment",18 to under 21 years,,,,,17239
2016,"per 100,000 inhabitants","number of victims per 100,000 of non-sexual harassment",18 to under 21 years,,,,,16303
2017,"per 100,000 inhabitants","number of victims per 100,000 of non-sexual harassment",18 to under 21 years,,r,,,16060
2018,"per 100,000 inhabitants","number of victims per 100,000 of non-sexual harassment",18 to under 21 years,,r,,,16423
2019,"per 100,000 inhabitants","number of victims per 100,000 of non-sexual harassment",18 to under 21 years,,r,,,16440
2020,"per 100,000 inhabitants","number of victims per 100,000 of non-sexual harassment",18 to under 21 years,,r,,,17193
2021,"per 100,000 inhabitants","number of victims per 100,000 of non-sexual harassment",18 to under 21 years,,r,,,18068
2022,"per 100,000 inhabitants","number of victims per 100,000 of non-sexual harassment",18 to under 21 years,,r,,,18925
2023,"per 100,000 inhabitants","number of victims per 100,000 of non-sexual harassment",18 to under 21 years,,r,,,20453
2024,"per 100,000 inhabitants","number of victims per 100,000 of non-sexual harassment",18 to under 21 years,,,,,21639
2010,"per 100,000 inhabitants","number of victims per 100,000 of non-sexual harassment",18 to under 21 years,female,,,,18342
2011,"per 100,000 inhabitants","number of victims per 100,000 of non-sexual harassment",18 to under 21 years,female,,,,17238
2012,"per 100,000 inhabitants","number of victims per 100,000 of non-sexual harassment",18 to under 21 years,female,,,,17207
2013,"per 100,000 inhabitants","number of victims per 100,000 of non-sexual harassment",18 to under 21 years,female,,,,16679
2014,"per 100,000 inhabitants","number of victims per 100,000 of non-sexual harassment",18 to under 21 years,female,,,,15118
2015,"per 100,000 inhabitants","number of victims per 100,000 of non-sexual harassment",18 to under 21 years,female,,,,13916
2016,"per 100,000 inhabitants","number of victims per 100,000 of non-sexual harassment",18 to under 21 years,female,,,,13260
2017,"per 100,000 inhabitants","number of victims per 100,000 of non-sexual harassment",18 to under 21 years,female,r,,,13064
2018,"per 100,000 inhabitants","number of victims per 100,000 of non-sexual harassment",18 to under 21 years,female,r,,,13403
2019,"per 100,000 inhabitants","number of victims per 100,000 of non-sexual harassment",18 to under 21 years,female,r,,,13504
2020,"per 100,000 inhabitants","number of victims per 100,000 of non-sexual harassment",18 to under 21 years,female,r,,,14027
2021,"per 100,000 inhabitants","number of victims per 100,000 of non-sexual harassment",18 to under 21 years,female,r,,,14625
2022,"per 100,000 inhabitants","number of victims per 100,000 of non-sexual harassment",18 to under 21 years,female,r,,,15432
2023,"per 100,000 inhabitants","number of victims per 100,000 of non-sexual harassment",18 to under 21 years,female,r,,,16583
2024,"per 100,000 inhabitants","number of victims per 100,000 of non-sexual harassment",18 to under 21 years,female,,,,17639
2010,"per 100,000 inhabitants","number of victims per 100,000 of non-sexual harassment",18 to under 21 years,male,,,,4677
2011,"per 100,000 inhabitants","number of victims per 100,000 of non-sexual harassment",18 to under 21 years,male,,,,4298
2012,"per 100,000 inhabitants","number of victims per 100,000 of non-sexual harassment",18 to under 21 years,male,,,,4089
2013,"per 100,000 inhabitants","number of victims per 100,000 of non-sexual harassment",18 to under 21 years,male,,,,4059
2014,"per 100,000 inhabitants","number of victims per 100,000 of non-sexual harassment",18 to under 21 years,male,,,,3696
2015,"per 100,000 inhabitants","number of victims per 100,000 of non-sexual harassment",18 to under 21 years,male,,,,3323
2016,"per 100,000 inhabitants","number of victims per 100,000 of non-sexual harassment",18 to under 21 years,male,,,,3043
2017,"per 100,000 inhabitants","number of victims per 100,000 of non-sexual harassment",18 to under 21 years,male,r,,,2996
2018,"per 100,000 inhabitants","number of victims per 100,000 of non-sexual harassment",18 to under 21 years,male,r,,,3020
2019,"per 100,000 inhabitants","number of victims per 100,000 of non-sexual harassment",18 to under 21 years,male,r,,,2936
2020,"per 100,000 inhabitants","number of victims per 100,000 of non-sexual harassment",18 to under 21 years,male,r,,,3166
2021,"per 100,000 inhabitants","number of victims per 100,000 of non-sexual harassment",18 to under 21 years,male,r,,,3443
2022,"per 100,000 inhabitants","number of victims per 100,000 of non-sexual harassment",18 to under 21 years,male,r,,,3493
2023,"per 100,000 inhabitants","number of victims per 100,000 of non-sexual harassment",18 to under 21 years,male,r,,,3870
2024,"per 100,000 inhabitants","number of victims per 100,000 of non-sexual harassment",18 to under 21 years,male,,,,4000
2010,"per 100,000 inhabitants","number of victims per 100,000 of non-sexual harassment",21 to under 60 years,,,,,1652
2011,"per 100,000 inhabitants","number of victims per 100,000 of non-sexual harassment",21 to under 60 years,,,,,1495
2012,"per 100,000 inhabitants","number of victims per 100,000 of non-sexual harassment",21 to under 60 years,,,,,1495
2013,"per 100,000 inhabitants","number of victims per 100,000 of non-sexual harassment",21 to under 60 years,,,,,1440
2014,"per 100,000 inhabitants","number of victims per 100,000 of non-sexual harassment",21 to under 60 years,,,,,1395
2015,"per 100,000 inhabitants","number of victims per 100,000 of non-sexual harassment",21 to under 60 years,,,,,1269
2016,"per 100,000 inhabitants","number of victims per 100,000 of non-sexual harassment",21 to under 60 years,,,,,1251
2017,"per 100,000 inhabitants","number of victims per 100,000 of non-sexual harassment",21 to under 60 years,,r,,,1183
2018,"per 100,000 inhabitants","number of victims per 100,000 of non-sexual harassment",21 to under 60 years,,r,,,1251
2019,"per 100,000 inhabitants","number of victims per 100,000 of non-sexual harassment",21 to under 60 years,,r,,,1266
2020,"per 100,000 inhabitants","number of victims per 100,000 of non-sexual harassment",21 to under 60 years,,r,,,1288
2021,"per 100,000 inhabitants","number of victims per 100,000 of non-sexual harassment",21 to under 60 years,,r,,,1423
2022,"per 100,000 inhabitants","number of victims per 100,000 of non-sexual harassment",21 to under 60 years,,r,,,1554
2023,"per 100,000 inhabitants","number of victims per 100,000 of non-sexual harassment",21 to under 60 years,,r,,,1757
2024,"per 100,000 inhabitants","number of victims per 100,000 of non-sexual harassment",21 to under 60 years,,,,,1771
2010,"per 100,000 inhabitants","number of victims per 100,000 of non-sexual harassment",21 to under 60 years,female,,,,978
2011,"per 100,000 inhabitants","number of victims per 100,000 of non-sexual harassment",21 to under 60 years,female,,,,880
2012,"per 100,000 inhabitants","number of victims per 100,000 of non-sexual harassment",21 to under 60 years,female,,,,905
2013,"per 100,000 inhabitants","number of victims per 100,000 of non-sexual harassment",21 to under 60 years,female,,,,902
2014,"per 100,000 inhabitants","number of victims per 100,000 of non-sexual harassment",21 to under 60 years,female,,,,884
2015,"per 100,000 inhabitants","number of victims per 100,000 of non-sexual harassment",21 to under 60 years,female,,,,823
2016,"per 100,000 inhabitants","number of victims per 100,000 of non-sexual harassment",21 to under 60 years,female,,,,788
2017,"per 100,000 inhabitants","number of victims per 100,000 of non-sexual harassment",21 to under 60 years,female,r,,,791
2018,"per 100,000 inhabitants","number of victims per 100,000 of non-sexual harassment",21 to under 60 years,female,r,,,792
2019,"per 100,000 inhabitants","number of victims per 100,000 of non-sexual harassment",21 to under 60 years,female,r,,,834
2020,"per 100,000 inhabitants","number of victims per 100,000 of non-sexual harassment",21 to under 60 years,female,r,,,845
2021,"per 100,000 inhabitants","number of victims per 100,000 of non-sexual harassment",21 to under 60 years,female,r,,,906
2022,"per 100,000 inhabitants","number of victims per 100,000 of non-sexual harassment",21 to under 60 years,female,r,,,1023
2023,"per 100,000 inhabitants","number of victims per 100,000 of non-sexual harassment",21 to under 60 years,female,r,,,1144
2024,"per 100,000 inhabitants","number of victims per 100,000 of non-sexual harassment",21 to under 60 years,female,,,,1131
2010,"per 100,000 inhabitants","number of victims per 100,000 of non-sexual harassment",21 to under 60 years,male,,,,674
2011,"per 100,000 inhabitants","number of victims per 100,000 of non-sexual harassment",21 to under 60 years,male,,,,615
2012,"per 100,000 inhabitants","number of victims per 100,000 of non-sexual harassment",21 to under 60 years,male,,,,590
2013,"per 100,000 inhabitants","number of victims per 100,000 of non-sexual harassment",21 to under 60 years,male,,,,538
2014,"per 100,000 inhabitants","number of victims per 100,000 of non-sexual harassment",21 to under 60 years,male,,,,511
2015,"per 100,000 inhabitants","number of victims per 100,000 of non-sexual harassment",21 to under 60 years,male,,,,446
2016,"per 100,000 inhabitants","number of victims per 100,000 of non-sexual harassment",21 to under 60 years,male,,,,463
2017,"per 100,000 inhabitants","number of victims per 100,000 of non-sexual harassment",21 to under 60 years,male,r,,,392
2018,"per 100,000 inhabitants","number of victims per 100,000 of non-sexual harassment",21 to under 60 years,male,r,,,459
2019,"per 100,000 inhabitants","number of victims per 100,000 of non-sexual harassment",21 to under 60 years,male,r,,,432
2020,"per 100,000 inhabitants","number of victims per 100,000 of non-sexual harassment",21 to under 60 years,male,r,,,443
2021,"per 100,000 inhabitants","number of victims per 100,000 of non-sexual harassment",21 to under 60 years,male,r,,,517
2022,"per 100,000 inhabitants","number of victims per 100,000 of non-sexual harassment",21 to under 60 years,male,r,,,531
2023,"per 100,000 inhabitants","number of victims per 100,000 of non-sexual harassment",21 to under 60 years,male,r,,,613
2024,"per 100,000 inhabitants","number of victims per 100,000 of non-sexual harassment",21 to under 60 years,male,,,,640
2010,"per 100,000 inhabitants","number of victims per 100,000 of non-sexual harassment",60 years and older,,,,,7523
2011,"per 100,000 inhabitants","number of victims per 100,000 of non-sexual harassment",60 years and older,,,,,8011
2012,"per 100,000 inhabitants","number of victims per 100,000 of non-sexual harassment",60 years and older,,,,,8306
2013,"per 100,000 inhabitants","number of victims per 100,000 of non-sexual harassment",60 years and older,,,,,8161
2014,"per 100,000 inhabitants","number of victims per 100,000 of non-sexual harassment",60 years and older,,,,,8356
2015,"per 100,000 inhabitants","number of victims per 100,000 of non-sexual harassment",60 years and older,,,,,8262
2016,"per 100,000 inhabitants","number of victims per 100,000 of non-sexual harassment",60 years and older,,,,,8599
2017,"per 100,000 inhabitants","number of victims per 100,000 of non-sexual harassment",60 years and older,,r,,,8350
2018,"per 100,000 inhabitants","number of victims per 100,000 of non-sexual harassment",60 years and older,,r,,,8817
2019,"per 100,000 inhabitants","number of victims per 100,000 of non-sexual harassment",60 years and older,,r,,,8031
2020,"per 100,000 inhabitants","number of victims per 100,000 of non-sexual harassment",60 years and older,,r,,,9319
2021,"per 100,000 inhabitants","number of victims per 100,000 of non-sexual harassment",60 years and older,,|,r,,9035
2022,"per 100,000 inhabitants","number of victims per 100,000 of non-sexual harassment",60 years and older,,r,,,9640
2023,"per 100,000 inhabitants","number of victims per 100,000 of non-sexual harassment",60 years and older,,r,,,10166
2024,"per 100,000 inhabitants","number of victims per 100,000 of non-sexual harassment",60 years and older,,,,,10773
2010,"per 100,000 inhabitants","number of victims per 100,000 of non-sexual harassment",60 years and older,female,,,,6624
2011,"per 100,000 inhabitants","number of victims per 100,000 of non-sexual harassment",60 years and older,female,,,,7050
2012,"per 100,000 inhabitants","number of victims per 100,000 of non-sexual harassment",60 years and older,female,,,,7400
2013,"per 100,000 inhabitants","number of victims per 100,000 of non-sexual harassment",60 years and older,female,,,,7269
2014,"per 100,000 inhabitants","number of victims per 100,000 of non-sexual harassment",60 years and older,female,,,,7381
2015,"per 100,000 inhabitants","number of victims per 100,000 of non-sexual harassment",60 years and older,female,,,,7296
2016,"per 100,000 inhabitants","number of victims per 100,000 of non-sexual harassment",60 years and older,female,,,,7525
2017,"per 100,000 inhabitants","number of victims per 100,000 of non-sexual harassment",60 years and older,female,r,,,7273
2018,"per 100,000 inhabitants","number of victims per 100,000 of non-sexual harassment",60 years and older,female,r,,,7628
2019,"per 100,000 inhabitants","number of victims per 100,000 of non-sexual harassment",60 years and older,female,r,,,6840
2020,"per 100,000 inhabitants","number of victims per 100,000 of non-sexual harassment",60 years and older,female,r,,,7967
2021,"per 100,000 inhabitants","number of victims per 100,000 of non-sexual harassment",60 years and older,female,|,r,,7673
2022,"per 100,000 inhabitants","number of victims per 100,000 of non-sexual harassment",60 years and older,female,r,,,8152
2023,"per 100,000 inhabitants","number of victims per 100,000 of non-sexual harassment",60 years and older,female,r,,,8451
2024,"per 100,000 inhabitants","number of victims per 100,000 of non-sexual harassment",60 years and older,female,,,,8839
2010,"per 100,000 inhabitants","number of victims per 100,000 of non-sexual harassment",60 years and older,male,,,,899
2011,"per 100,000 inhabitants","number of victims per 100,000 of non-sexual harassment",60 years and older,male,,,,961
2012,"per 100,000 inhabitants","number of victims per 100,000 of non-sexual harassment",60 years and older,male,,,,906
2013,"per 100,000 inhabitants","number of victims per 100,000 of non-sexual harassment",60 years and older,male,,,,892
2014,"per 100,000 inhabitants","number of victims per 100,000 of non-sexual harassment",60 years and older,male,,,,975
2015,"per 100,000 inhabitants","number of victims per 100,000 of non-sexual harassment",60 years and older,male,,,,966
2016,"per 100,000 inhabitants","number of victims per 100,000 of non-sexual harassment",60 years and older,male,,,,1074
2017,"per 100,000 inhabitants","number of victims per 100,000 of non-sexual harassment",60 years and older,male,r,,,1077
2018,"per 100,000 inhabitants","number of victims per 100,000 of non-sexual harassment",60 years and older,male,r,,,1189
2019,"per 100,000 inhabitants","number of victims per 100,000 of non-sexual harassment",60 years and older,male,r,,,1191
2020,"per 100,000 inhabitants","number of victims per 100,000 of non-sexual harassment",60 years and older,male,r,,,1352
2021,"per 100,000 inhabitants","number of victims per 100,000 of non-sexual harassment",60 years and older,male,|,r,,1362
2022,"per 100,000 inhabitants","number of victims per 100,000 of non-sexual harassment",60 years and older,male,r,,,1488
2023,"per 100,000 inhabitants","number of victims per 100,000 of non-sexual harassment",60 years and older,male,r,,,1715
2024,"per 100,000 inhabitants","number of victims per 100,000 of non-sexual harassment",60 years and older,male,,,,1934
2010,"per 100,000 inhabitants","number of victims per 100,000 of sexual harassment",,,,,,0
2011,"per 100,000 inhabitants","number of victims per 100,000 of sexual harassment",,,,,,0
2012,"per 100,000 inhabitants","number of victims per 100,000 of sexual harassment",,,,,,0
2013,"per 100,000 inhabitants","number of victims per 100,000 of sexual harassment",,,,,,0
2014,"per 100,000 inhabitants","number of victims per 100,000 of sexual harassment",,,,,,0
2015,"per 100,000 inhabitants","number of victims per 100,000 of sexual harassment",,,,,,0
2016,"per 100,000 inhabitants","number of victims per 100,000 of sexual harassment",,,,,,0
2017,"per 100,000 inhabitants","number of victims per 100,000 of sexual harassment",,,r,,,0
2018,"per 100,000 inhabitants","number of victims per 100,000 of sexual harassment",,,r,,,0
2019,"per 100,000 inhabitants","number of victims per 100,000 of sexual harassment",,,r,,,0
2020,"per 100,000 inhabitants","number of victims per 100,000 of sexual harassment",,,r,,,0
2021,"per 100,000 inhabitants","number of victims per 100,000 of sexual harassment",,,|,r,,47
2022,"per 100,000 inhabitants","number of victims per 100,000 of sexual harassment",,,r,,,144
2023,"per 100,000 inhabitants","number of victims per 100,000 of sexual harassment",,,r,,,130
2024,"per 100,000 inhabitants","number of victims per 100,000 of sexual harassment",,,,,,140
2010,"per 100,000 inhabitants","number of victims per 100,000 of sexual harassment",,female,,,,0
2011,"per 100,000 inhabitants","number of victims per 100,000 of sexual harassment",,female,,,,0
2012,"per 100,000 inhabitants","number of victims per 100,000 of sexual harassment",,female,,,,0
2013,"per 100,000 inhabitants","number of victims per 100,000 of sexual harassment",,female,,,,0
2014,"per 100,000 inhabitants","number of victims per 100,000 of sexual harassment",,female,,,,0
2015,"per 100,000 inhabitants","number of victims per 100,000 of sexual harassment",,female,,,,0
2016,"per 100,000 inhabitants","number of victims per 100,000 of sexual harassment",,female,,,,0
2017,"per 100,000 inhabitants","number of victims per 100,000 of sexual harassment",,female,r,,,0
2018,"per 100,000 inhabitants","number of victims per 100,000 of sexual harassment",,female,r,,,0
2019,"per 100,000 inhabitants","number of victims per 100,000 of sexual harassment",,female,r,,,0
2020,"per 100,000 inhabitants","number of victims per 100,000 of sexual harassment",,female,r,,,0
2021,"per 100,000 inhabitants","number of victims per 100,000 of sexual harassment",,female,|,r,,32
2022,"per 100,000 inhabitants","number of victims per 100,000 of sexual harassment",,female,r,,,118
2023,"per 100,000 inhabitants","number of victims per 100,000 of sexual harassment",,female,r,,,107
2024,"per 100,000 inhabitants","number of victims per 100,000 of sexual harassment",,female,,,,91
2010,"per 100,000 inhabitants","number of victims per 100,000 of sexual harassment",,male,,,,0
2011,"per 100,000 inhabitants","number of victims per 100,000 of sexual harassment",,male,,,,0
2012,"per 100,000 inhabitants","number of victims per 100,000 of sexual harassment",,male,,,,0
2013,"per 100,000 inhabitants","number of victims per 100,000 of sexual harassment",,male,,,,0
2014,"per 100,000 inhabitants","number of victims per 100,000 of sexual harassment",,male,,,,0
2015,"per 100,000 inhabitants","number of victims per 100,000 of sexual harassment",,male,,,,0
2016,"per 100,000 inhabitants","number of victims per 100,000 of sexual harassment",,male,,,,0
2017,"per 100,000 inhabitants","number of victims per 100,000 of sexual harassment",,male,r,,,0
2018,"per 100,000 inhabitants","number of victims per 100,000 of sexual harassment",,male,r,,,0
2019,"per 100,000 inhabitants","number of victims per 100,000 of sexual harassment",,male,r,,,0
2020,"per 100,000 inhabitants","number of victims per 100,000 of sexual harassment",,male,r,,,0
2021,"per 100,000 inhabitants","number of victims per 100,000 of sexual harassment",,male,|,r,,15
2022,"per 100,000 inhabitants","number of victims per 100,000 of sexual harassment",,male,r,,,26
2023,"per 100,000 inhabitants","number of victims per 100,000 of sexual harassment",,male,r,,,23
2024,"per 100,000 inhabitants","number of victims per 100,000 of sexual harassment",,male,,,,49
2010,"per 100,000 inhabitants","number of victims per 100,000 of sexual harassment",13 years and younger,,,,,1267
2011,"per 100,000 inhabitants","number of victims per 100,000 of sexual harassment",13 years and younger,,,,,1362
2012,"per 100,000 inhabitants","number of victims per 100,000 of sexual harassment",13 years and younger,,,,,1356
2013,"per 100,000 inhabitants","number of victims per 100,000 of sexual harassment",13 years and younger,,,,,1384
2014,"per 100,000 inhabitants","number of victims per 100,000 of sexual harassment",13 years and younger,,,,,1368
2015,"per 100,000 inhabitants","number of victims per 100,000 of sexual harassment",13 years and younger,,,,,1245
2016,"per 100,000 inhabitants","number of victims per 100,000 of sexual harassment",13 years and younger,,,,,1149
2017,"per 100,000 inhabitants","number of victims per 100,000 of sexual harassment",13 years and younger,,r,,,1104
2018,"per 100,000 inhabitants","number of victims per 100,000 of sexual harassment",13 years and younger,,r,,,1110
2019,"per 100,000 inhabitants","number of victims per 100,000 of sexual harassment",13 years and younger,,r,,,931
2020,"per 100,000 inhabitants","number of victims per 100,000 of sexual harassment",13 years and younger,,r,,,1067
2021,"per 100,000 inhabitants","number of victims per 100,000 of sexual harassment",13 years and younger,,|,r,,1070
2022,"per 100,000 inhabitants","number of victims per 100,000 of sexual harassment",13 years and younger,,r,,,1243
2023,"per 100,000 inhabitants","number of victims per 100,000 of sexual harassment",13 years and younger,,r,,,1208
2024,"per 100,000 inhabitants","number of victims per 100,000 of sexual harassment",13 years and younger,,,,,1367
2010,"per 100,000 inhabitants","number of victims per 100,000 of sexual harassment",13 years and younger,female,,,,1112
2011,"per 100,000 inhabitants","number of victims per 100,000 of sexual harassment",13 years and younger,female,,,,1217
2012,"per 100,000 inhabitants","number of victims per 100,000 of sexual harassment",13 years and younger,female,,,,1221
2013,"per 100,000 inhabitants","number of victims per 100,000 of sexual harassment",13 years and younger,female,,,,1235
2014,"per 100,000 inhabitants","number of victims per 100,000 of sexual harassment",13 years and younger,female,,,,1228
2015,"per 100,000 inhabitants","number of victims per 100,000 of sexual harassment",13 years and younger,female,,,,1151
2016,"per 100,000 inhabitants","number of victims per 100,000 of sexual harassment",13 years and younger,female,,,,1024
2017,"per 100,000 inhabitants","number of victims per 100,000 of sexual harassment",13 years and younger,female,r,,,955
2018,"per 100,000 inhabitants","number of victims per 100,000 of sexual harassment",13 years and younger,female,r,,,958
2019,"per 100,000 inhabitants","number of victims per 100,000 of sexual harassment",13 years and younger,female,r,,,811
2020,"per 100,000 inhabitants","number of victims per 100,000 of sexual harassment",13 years and younger,female,r,,,928
2021,"per 100,000 inhabitants","number of victims per 100,000 of sexual harassment",13 years and younger,female,|,r,,936
2022,"per 100,000 inhabitants","number of victims per 100,000 of sexual harassment",13 years and younger,female,r,,,1076
2023,"per 100,000 inhabitants","number of victims per 100,000 of sexual harassment",13 years and younger,female,r,,,1022
2024,"per 100,000 inhabitants","number of victims per 100,000 of sexual harassment",13 years and younger,female,,,,1152
2010,"per 100,000 inhabitants","number of victims per 100,000 of sexual harassment",13 years and younger,male,,,,155
2011,"per 100,000 inhabitants","number of victims per 100,000 of sexual harassment",13 years and younger,male,,,,145
2012,"per 100,000 inhabitants","number of victims per 100,000 of sexual harassment",13 years and younger,male,,,,135
2013,"per 100,000 inhabitants","number of victims per 100,000 of sexual harassment",13 years and younger,male,,,,149
2014,"per 100,000 inhabitants","number of victims per 100,000 of sexual harassment",13 years and younger,male,,,,140
2015,"per 100,000 inhabitants","number of victims per 100,000 of sexual harassment",13 years and younger,male,,,,94
2016,"per 100,000 inhabitants","number of victims per 100,000 of sexual harassment",13 years and younger,male,,,,125
2017,"per 100,000 inhabitants","number of victims per 100,000 of sexual harassment",13 years and younger,male,r,,,149
2018,"per 100,000 inhabitants","number of victims per 100,000 of sexual harassment",13 years and younger,male,r,,,152
2019,"per 100,000 inhabitants","number of victims per 100,000 of sexual harassment",13 years and younger,male,r,,,120
2020,"per 100,000 inhabitants","number of victims per 100,000 of sexual harassment",13 years and younger,male,r,,,139
2021,"per 100,000 inhabitants","number of victims per 100,000 of sexual harassment",13 years and younger,male,|,r,,134
2022,"per 100,000 inhabitants","number of victims per 100,000 of sexual harassment",13 years and younger,male,r,,,167
2023,"per 100,000 inhabitants","number of victims per 100,000 of sexual harassment",13 years and younger,male,r,,,186
2024,"per 100,000 inhabitants","number of victims per 100,000 of sexual harassment",13 years and younger,male,,,,215
2010,"per 100,000 inhabitants","number of victims per 100,000 of sexual harassment",14 to under 18 years,,,,,796
2011,"per 100,000 inhabitants","number of victims per 100,000 of sexual harassment",14 to under 18 years,,,,,811
2012,"per 100,000 inhabitants","number of victims per 100,000 of sexual harassment",14 to under 18 years,,,,,808
2013,"per 100,000 inhabitants","number of victims per 100,000 of sexual harassment",14 to under 18 years,,,,,752
2014,"per 100,000 inhabitants","number of victims per 100,000 of sexual harassment",14 to under 18 years,,,,,809
2015,"per 100,000 inhabitants","number of victims per 100,000 of sexual harassment",14 to under 18 years,,,,,803
2016,"per 100,000 inhabitants","number of victims per 100,000 of sexual harassment",14 to under 18 years,,,,,776
2017,"per 100,000 inhabitants","number of victims per 100,000 of sexual harassment",14 to under 18 years,,r,,,931
2018,"per 100,000 inhabitants","number of victims per 100,000 of sexual harassment",14 to under 18 years,,r,,,878
2019,"per 100,000 inhabitants","number of victims per 100,000 of sexual harassment",14 to under 18 years,,r,,,725
2020,"per 100,000 inhabitants","number of victims per 100,000 of sexual harassment",14 to under 18 years,,r,,,969
2021,"per 100,000 inhabitants","number of victims per 100,000 of sexual harassment",14 to under 18 years,,|,r,,883
2022,"per 100,000 inhabitants","number of victims per 100,000 of sexual harassment",14 to under 18 years,,r,,,925
2023,"per 100,000 inhabitants","number of victims per 100,000 of sexual harassment",14 to under 18 years,,r,,,934
2024,"per 100,000 inhabitants","number of victims per 100,000 of sexual harassment",14 to under 18 years,,,,,1040
2010,"per 100,000 inhabitants","number of victims per 100,000 of sexual harassment",14 to under 18 years,female,,,,728
2011,"per 100,000 inhabitants","number of victims per 100,000 of sexual harassment",14 to under 18 years,female,,,,747
2012,"per 100,000 inhabitants","number of victims per 100,000 of sexual harassment",14 to under 18 years,female,,,,752
2013,"per 100,000 inhabitants","number of victims per 100,000 of sexual harassment",14 to under 18 years,female,,,,694
2014,"per 100,000 inhabitants","number of victims per 100,000 of sexual harassment",14 to under 18 years,female,,,,754
2015,"per 100,000 inhabitants","number of victims per 100,000 of sexual harassment",14 to under 18 years,female,,,,740
2016,"per 100,000 inhabitants","number of victims per 100,000 of sexual harassment",14 to under 18 years,female,,,,702
2017,"per 100,000 inhabitants","number of victims per 100,000 of sexual harassment",14 to under 18 years,female,r,,,858
2018,"per 100,000 inhabitants","number of victims per 100,000 of sexual harassment",14 to under 18 years,female,r,,,783
2019,"per 100,000 inhabitants","number of victims per 100,000 of sexual harassment",14 to under 18 years,female,r,,,640
2020,"per 100,000 inhabitants","number of victims per 100,000 of sexual harassment",14 to under 18 years,female,r,,,876
2021,"per 100,000 inhabitants","number of victims per 100,000 of sexual harassment",14 to under 18 years,female,|,r,,789
2022,"per 100,000 inhabitants","number of victims per 100,000 of sexual harassment",14 to under 18 years,female,r,,,826
2023,"per 100,000 inhabitants","number of victims per 100,000 of sexual harassment",14 to under 18 years,female,r,,,825
2024,"per 100,000 inhabitants","number of victims per 100,000 of sexual harassment",14 to under 18 years,female,,,,901
2010,"per 100,000 inhabitants","number of victims per 100,000 of sexual harassment",14 to under 18 years,male,,,,68
2011,"per 100,000 inhabitants","number of victims per 100,000 of sexual harassment",14 to under 18 years,male,,,,64
2012,"per 100,000 inhabitants","number of victims per 100,000 of sexual harassment",14 to under 18 years,male,,,,56
2013,"per 100,000 inhabitants","number of victims per 100,000 of sexual harassment",14 to under 18 years,male,,,,58
2014,"per 100,000 inhabitants","number of victims per 100,000 of sexual harassment",14 to under 18 years,male,,,,55
2015,"per 100,000 inhabitants","number of victims per 100,000 of sexual harassment",14 to under 18 years,male,,,,63
2016,"per 100,000 inhabitants","number of victims per 100,000 of sexual harassment",14 to under 18 years,male,,,,74
2017,"per 100,000 inhabitants","number of victims per 100,000 of sexual harassment",14 to under 18 years,male,r,,,73
2018,"per 100,000 inhabitants","number of victims per 100,000 of sexual harassment",14 to under 18 years,male,r,,,95
2019,"per 100,000 inhabitants","number of victims per 100,000 of sexual harassment",14 to under 18 years,male,r,,,85
2020,"per 100,000 inhabitants","number of victims per 100,000 of sexual harassment",14 to under 18 years,male,r,,,93
2021,"per 100,000 inhabitants","number of victims per 100,000 of sexual harassment",14 to under 18 years,male,|,r,,94
2022,"per 100,000 inhabitants","number of victims per 100,000 of sexual harassment",14 to under 18 years,male,r,,,99
2023,"per 100,000 inhabitants","number of victims per 100,000 of sexual harassment",14 to under 18 years,male,r,,,109
2024,"per 100,000 inhabitants","number of victims per 100,000 of sexual harassment",14 to under 18 years,male,,,,139
2010,"per 100,000 inhabitants","number of victims per 100,000 of sexual harassment",18 to under 21 years,,,,,4797
2011,"per 100,000 inhabitants","number of victims per 100,000 of sexual harassment",18 to under 21 years,,,,,5125
2012,"per 100,000 inhabitants","number of victims per 100,000 of sexual harassment",18 to under 21 years,,,,,5438
2013,"per 100,000 inhabitants","number of victims per 100,000 of sexual harassment",18 to under 21 years,,,,,5293
2014,"per 100,000 inhabitants","number of victims per 100,000 of sexual harassment",18 to under 21 years,,,,,5463
2015,"per 100,000 inhabitants","number of victims per 100,000 of sexual harassment",18 to under 21 years,,,,,5446
2016,"per 100,000 inhabitants","number of victims per 100,000 of sexual harassment",18 to under 21 years,,,,,5894
2017,"per 100,000 inhabitants","number of victims per 100,000 of sexual harassment",18 to under 21 years,,r,,,5565
2018,"per 100,000 inhabitants","number of victims per 100,000 of sexual harassment",18 to under 21 years,,r,,,6020
2019,"per 100,000 inhabitants","number of victims per 100,000 of sexual harassment",18 to under 21 years,,r,,,5637
2020,"per 100,000 inhabitants","number of victims per 100,000 of sexual harassment",18 to under 21 years,,r,,,6486
2021,"per 100,000 inhabitants","number of victims per 100,000 of sexual harassment",18 to under 21 years,,|,r,,6245
2022,"per 100,000 inhabitants","number of victims per 100,000 of sexual harassment",18 to under 21 years,,r,,,6542
2023,"per 100,000 inhabitants","number of victims per 100,000 of sexual harassment",18 to under 21 years,,r,,,6985
2024,"per 100,000 inhabitants","number of victims per 100,000 of sexual harassment",18 to under 21 years,,,,,7309
2010,"per 100,000 inhabitants","number of victims per 100,000 of sexual harassment",18 to under 21 years,female,,,,4192
2011,"per 100,000 inhabitants","number of victims per 100,000 of sexual harassment",18 to under 21 years,female,,,,4468
2012,"per 100,000 inhabitants","number of victims per 100,000 of sexual harassment",18 to under 21 years,female,,,,4801
2013,"per 100,000 inhabitants","number of victims per 100,000 of sexual harassment",18 to under 21 years,female,,,,4672
2014,"per 100,000 inhabitants","number of victims per 100,000 of sexual harassment",18 to under 21 years,female,,,,4761
2015,"per 100,000 inhabitants","number of victims per 100,000 of sexual harassment",18 to under 21 years,female,,,,4734
2016,"per 100,000 inhabitants","number of victims per 100,000 of sexual harassment",18 to under 21 years,female,,,,5097
2017,"per 100,000 inhabitants","number of victims per 100,000 of sexual harassment",18 to under 21 years,female,r,,,4802
2018,"per 100,000 inhabitants","number of victims per 100,000 of sexual harassment",18 to under 21 years,female,r,,,5198
2019,"per 100,000 inhabitants","number of victims per 100,000 of sexual harassment",18 to under 21 years,female,r,,,4727
2020,"per 100,000 inhabitants","number of victims per 100,000 of sexual harassment",18 to under 21 years,female,r,,,5487
2021,"per 100,000 inhabitants","number of victims per 100,000 of sexual harassment",18 to under 21 years,female,|,r,,5227
2022,"per 100,000 inhabitants","number of victims per 100,000 of sexual harassment",18 to under 21 years,female,r,,,5461
2023,"per 100,000 inhabitants","number of victims per 100,000 of sexual harassment",18 to under 21 years,female,r,,,5753
2024,"per 100,000 inhabitants","number of victims per 100,000 of sexual harassment",18 to under 21 years,female,,,,5948
2010,"per 100,000 inhabitants","number of victims per 100,000 of sexual harassment",18 to under 21 years,male,,,,605
2011,"per 100,000 inhabitants","number of victims per 100,000 of sexual harassment",18 to under 21 years,male,,,,657
2012,"per 100,000 inhabitants","number of victims per 100,000 of sexual harassment",18 to under 21 years,male,,,,637
2013,"per 100,000 inhabitants","number of victims per 100,000 of sexual harassment",18 to under 21 years,male,,,,621
2014,"per 100,000 inhabitants","number of victims per 100,000 of sexual harassment",18 to under 21 years,male,,,,702
2015,"per 100,000 inhabitants","number of victims per 100,000 of sexual harassment",18 to under 21 years,male,,,,712
2016,"per 100,000 inhabitants","number of victims per 100,000 of sexual harassment",18 to under 21 years,male,,,,797
2017,"per 100,000 inhabitants","number of victims per 100,000 of sexual harassment",18 to under 21 years,male,r,,,763
2018,"per 100,000 inhabitants","number of victims per 100,000 of sexual harassment",18 to under 21 years,male,r,,,822
2019,"per 100,000 inhabitants","number of victims per 100,000 of sexual harassment",18 to under 21 years,male,r,,,910
2020,"per 100,000 inhabitants","number of victims per 100,000 of sexual harassment",18 to under 21 years,male,r,,,999
2021,"per 100,000 inhabitants","number of victims per 100,000 of sexual harassment",18 to under 21 years,male,|,r,,1018
2022,"per 100,000 inhabitants","number of victims per 100,000 of sexual harassment",18 to under 21 years,male,r,,,1081
2023,"per 100,000 inhabitants","number of victims per 100,000 of sexual harassment",18 to under 21 years,male,r,,,1232
2024,"per 100,000 inhabitants","number of victims per 100,000 of sexual harassment",18 to under 21 years,male,,,,1361
2010,"per 100,000 inhabitants","number of victims per 100,000 of sexual harassment",21 to under 60 years,,,,,663
2011,"per 100,000 inhabitants","number of victims per 100,000 of sexual harassment",21 to under 60 years,,,,,713
2012,"per 100,000 inhabitants","number of victims per 100,000 of sexual harassment",21 to under 60 years,,,,,704
2013,"per 100,000 inhabitants","number of victims per 100,000 of sexual harassment",21 to under 60 years,,,,,732
2014,"per 100,000 inhabitants","number of victims per 100,000 of sexual harassment",21 to under 60 years,,,,,716
2015,"per 100,000 inhabitants","number of victims per 100,000 of sexual harassment",21 to under 60 years,,,,,768
2016,"per 100,000 inhabitants","number of victims per 100,000 of sexual harassment",21 to under 60 years,,,,,780
2017,"per 100,000 inhabitants","number of victims per 100,000 of sexual harassment",21 to under 60 years,,r,,,750
2018,"per 100,000 inhabitants","number of victims per 100,000 of sexual harassment",21 to under 60 years,,r,,,809
2019,"per 100,000 inhabitants","number of victims per 100,000 of sexual harassment",21 to under 60 years,,r,,,738
2020,"per 100,000 inhabitants","number of victims per 100,000 of sexual harassment",21 to under 60 years,,r,,,797
2021,"per 100,000 inhabitants","number of victims per 100,000 of sexual harassment",21 to under 60 years,,|,r,,790
2022,"per 100,000 inhabitants","number of victims per 100,000 of sexual harassment",21 to under 60 years,,r,,,786
2023,"per 100,000 inhabitants","number of victims per 100,000 of sexual harassment",21 to under 60 years,,r,,,909
2024,"per 100,000 inhabitants","number of victims per 100,000 of sexual harassment",21 to under 60 years,,,,,917
2010,"per 100,000 inhabitants","number of victims per 100,000 of sexual harassment",21 to under 60 years,female,,,,592
2011,"per 100,000 inhabitants","number of victims per 100,000 of sexual harassment",21 to under 60 years,female,,,,618
2012,"per 100,000 inhabitants","number of victims per 100,000 of sexual harassment",21 to under 60 years,female,,,,626
2013,"per 100,000 inhabitants","number of victims per 100,000 of sexual harassment",21 to under 60 years,female,,,,668
2014,"per 100,000 inhabitants","number of victims per 100,000 of sexual harassment",21 to under 60 years,female,,,,638
2015,"per 100,000 inhabitants","number of victims per 100,000 of sexual harassment",21 to under 60 years,female,,,,671
2016,"per 100,000 inhabitants","number of victims per 100,000 of sexual harassment",21 to under 60 years,female,,,,702
2017,"per 100,000 inhabitants","number of victims per 100,000 of sexual harassment",21 to under 60 years,female,r,,,658
2018,"per 100,000 inhabitants","number of victims per 100,000 of sexual harassment",21 to under 60 years,female,r,,,689
2019,"per 100,000 inhabitants","number of victims per 100,000 of sexual harassment",21 to under 60 years,female,r,,,662
2020,"per 100,000 inhabitants","number of victims per 100,000 of sexual harassment",21 to under 60 years,female,r,,,676
2021,"per 100,000 inhabitants","number of victims per 100,000 of sexual harassment",21 to under 60 years,female,|,r,,689
2022,"per 100,000 inhabitants","number of victims per 100,000 of sexual harassment",21 to under 60 years,female,r,,,671
2023,"per 100,000 inhabitants","number of victims per 100,000 of sexual harassment",21 to under 60 years,female,r,,,744
2024,"per 100,000 inhabitants","number of victims per 100,000 of sexual harassment",21 to under 60 years,female,,,,747
2010,"per 100,000 inhabitants","number of victims per 100,000 of sexual harassment",21 to under 60 years,male,,,,71
2011,"per 100,000 inhabitants","number of victims per 100,000 of sexual harassment",21 to under 60 years,male,,,,95
2012,"per 100,000 inhabitants","number of victims per 100,000 of sexual harassment",21 to under 60 years,male,,,,78
2013,"per 100,000 inhabitants","number of victims per 100,000 of sexual harassment",21 to under 60 years,male,,,,64
2014,"per 100,000 inhabitants","number of victims per 100,000 of sexual harassment",21 to under 60 years,male,,,,78
2015,"per 100,000 inhabitants","number of victims per 100,000 of sexual harassment",21 to under 60 years,male,,,,97
2016,"per 100,000 inhabitants","number of victims per 100,000 of sexual harassment",21 to under 60 years,male,,,,78
2017,"per 100,000 inhabitants","number of victims per 100,000 of sexual harassment",21 to under 60 years,male,r,,,92
2018,"per 100,000 inhabitants","number of victims per 100,000 of sexual harassment",21 to under 60 years,male,r,,,120
2019,"per 100,000 inhabitants","number of victims per 100,000 of sexual harassment",21 to under 60 years,male,r,,,76
2020,"per 100,000 inhabitants","number of victims per 100,000 of sexual harassment",21 to under 60 years,male,r,,,121
2021,"per 100,000 inhabitants","number of victims per 100,000 of sexual harassment",21 to under 60 years,male,|,r,,101
2022,"per 100,000 inhabitants","number of victims per 100,000 of sexual harassment",21 to under 60 years,male,r,,,115
2023,"per 100,000 inhabitants","number of victims per 100,000 of sexual harassment",21 to under 60 years,male,r,,,165
2024,"per 100,000 inhabitants","number of victims per 100,000 of sexual harassment",21 to under 60 years,male,,,,170
2010,"per 100,000 inhabitants","number of victims per 100,000 of sexual harassment",60 years and older,,,,,35.3
2011,"per 100,000 inhabitants","number of victims per 100,000 of sexual harassment",60 years and older,,,,,32.9
2012,"per 100,000 inhabitants","number of victims per 100,000 of sexual harassment",60 years and older,,,,,32.2
2013,"per 100,000 inhabitants","number of victims per 100,000 of sexual harassment",60 years and older,,,,,31.7
2014,"per 100,000 inhabitants","number of victims per 100,000 of sexual harassment",60 years and older,,,,,28.9
2015,"per 100,000 inhabitants","number of victims per 100,000 of sexual harassment",60 years and older,,,,,25.9
2016,"per 100,000 inhabitants","number of victims per 100,000 of sexual harassment",60 years and older,,,,,24.3
2017,"per 100,000 inhabitants","number of victims per 100,000 of sexual harassment",60 years and older,,,,,23.9
2018,"per 100,000 inhabitants","number of victims per 100,000 of sexual harassment",60 years and older,,,,,24.5
2019,"per 100,000 inhabitants","number of victims per 100,000 of sexual harassment",60 years and older,,,,,24.3
2020,"per 100,000 inhabitants","number of victims per 100,000 of sexual harassment",60 years and older,,,,,25.2
2021,"per 100,000 inhabitants","number of victims per 100,000 of sexual harassment",60 years and older,,,,,26.6
2022,"per 100,000 inhabitants","number of victims per 100,000 of sexual harassment",60 years and older,,,,,27.7
2023,"per 100,000 inhabitants","number of victims per 100,000 of sexual harassment",60 years and older,,,,,29.8
2024,"per 100,000 inhabitants","number of victims per 100,000 of sexual harassment",60 years and older,,|,,,32.0
2010,"per 100,000 inhabitants","number of victims per 100,000 of sexual harassment",60 years and older,female,,,,54.9
2011,"per 100,000 inhabitants","number of victims per 100,000 of sexual harassment",60 years and older,female,,,,51.4
2012,"per 100,000 inhabitants","number of victims per 100,000 of sexual harassment",60 years and older,female,,,,51.0
2013,"per 100,000 inhabitants","number of victims per 100,000 of sexual harassment",60 years and older,female,,,,49.7
2014,"per 100,000 inhabitants","number of victims per 100,000 of sexual harassment",60 years and older,female,,,,45.3
2015,"per 100,000 inhabitants","number of victims per 100,000 of sexual harassment",60 years and older,female,,,,41.0
2016,"per 100,000 inhabitants","number of victims per 100,000 of sexual harassment",60 years and older,female,,,,38.7
2017,"per 100,000 inhabitants","number of victims per 100,000 of sexual harassment",60 years and older,female,,,,38.3
2018,"per 100,000 inhabitants","number of victims per 100,000 of sexual harassment",60 years and older,female,,,,39.2
2019,"per 100,000 inhabitants","number of victims per 100,000 of sexual harassment",60 years and older,female,,,,39.1
2020,"per 100,000 inhabitants","number of victims per 100,000 of sexual harassment",60 years and older,female,,,,40.3
2021,"per 100,000 inhabitants","number of victims per 100,000 of sexual harassment",60 years and older,female,,,,42.0
2022,"per 100,000 inhabitants","number of victims per 100,000 of sexual harassment",60 years and older,female,,,,44.2
2023,"per 100,000 inhabitants","number of victims per 100,000 of sexual harassment",60 years and older,female,,,,46.9
2024,"per 100,000 inhabitants","number of victims per 100,000 of sexual harassment",60 years and older,female,|,,,50.6
2010,"per 100,000 inhabitants","number of victims per 100,000 of sexual harassment",60 years and older,male,,,,14.9
2011,"per 100,000 inhabitants","number of victims per 100,000 of sexual harassment",60 years and older,male,,,,13.6
2012,"per 100,000 inhabitants","number of victims per 100,000 of sexual harassment",60 years and older,male,,,,12.8
2013,"per 100,000 inhabitants","number of victims per 100,000 of sexual harassment",60 years and older,male,,,,12.9
2014,"per 100,000 inhabitants","number of victims per 100,000 of sexual harassment",60 years and older,male,,,,11.7
2015,"per 100,000 inhabitants","number of victims per 100,000 of sexual harassment",60 years and older,male,,,,10.4
2016,"per 100,000 inhabitants","number of victims per 100,000 of sexual harassment",60 years and older,male,,,,9.5
2017,"per 100,000 inhabitants","number of victims per 100,000 of sexual harassment",60 years and older,male,,,,9.2
2018,"per 100,000 inhabitants","number of victims per 100,000 of sexual harassment",60 years and older,male,,,,9.4
2019,"per 100,000 inhabitants","number of victims per 100,000 of sexual harassment",60 years and older,male,,,,9.2
2020,"per 100,000 inhabitants","number of victims per 100,000 of sexual harassment",60 years and older,male,,,,9.8
2021,"per 100,000 inhabitants","number of victims per 100,000 of sexual harassment",60 years and older,male,,,,10.7
2022,"per 100,000 inhabitants","number of victims per 100,000 of sexual harassment",60 years and older,male,,,,10.8
2023,"per 100,000 inhabitants","number of victims per 100,000 of sexual harassment",60 years and older,male,,,,12.1
2024,"per 100,000 inhabitants","number of victims per 100,000 of sexual harassment",60 years and older,male,|,,,12.9
