Year,Value
2010,
2011,0.002692
2012,0.003249
2013,0.002845
2014,0.002539
2015,0.002746
2016,0.002835
2017,0.002148
2018,0.002063
2019,0.001170
2020,0.001995
