Year,Units,timeseries,age group,sex,COMMENT_OBS_0,COMMENT_OBS_1,COMMENT_OBS_2,Value
2010,number,victims of non-sexual harassment,,,.,,,
2011,number,victims of non-sexual harassment,,,.,,,
2012,number,victims of non-sexual harassment,,,.,,,
2013,number,victims of non-sexual harassment,,,.,,,
2014,number,victims of non-sexual harassment,,,.,,,
2015,number,victims of non-sexual harassment,,,.,,,
2016,number,victims of non-sexual harassment,,,,,,70.9
2017,number,victims of non-sexual harassment,,,.,,,
2018,number,victims of non-sexual harassment,,,,,,71.7
2019,number,victims of non-sexual harassment,,,.,,,
2020,number,victims of non-sexual harassment,,,,,,73.6
2021,number,victims of non-sexual harassment,,,…,,,
2022,number,victims of non-sexual harassment,,,…,,,
2023,number,victims of non-sexual harassment,,,…,,,
2024,number,victims of non-sexual harassment,,,…,,,
2010,number,victims of non-sexual harassment,,female,.,,,
2011,number,victims of non-sexual harassment,,female,.,,,
2012,number,victims of non-sexual harassment,,female,.,,,
2013,number,victims of non-sexual harassment,,female,.,,,
2014,number,victims of non-sexual harassment,,female,.,,,
2015,number,victims of non-sexual harassment,,female,.,,,
2016,number,victims of non-sexual harassment,,female,,,,88.4
2017,number,victims of non-sexual harassment,,female,.,,,
2018,number,victims of non-sexual harassment,,female,,,,88.8
2019,number,victims of non-sexual harassment,,female,.,,,
2020,number,victims of non-sexual harassment,,female,,,,89.4
2021,number,victims of non-sexual harassment,,female,…,,,
2022,number,victims of non-sexual harassment,,female,…,,,
2023,number,victims of non-sexual harassment,,female,…,,,
2024,number,victims of non-sexual harassment,,female,…,,,
2010,number,victims of non-sexual harassment,,male,.,,,
2011,number,victims of non-sexual harassment,,male,.,,,
2012,number,victims of non-sexual harassment,,male,.,,,
2013,number,victims of non-sexual harassment,,male,.,,,
2014,number,victims of non-sexual harassment,,male,.,,,
2015,number,victims of non-sexual harassment,,male,.,,,
2016,number,victims of non-sexual harassment,,male,,,,79.7
2017,number,victims of non-sexual harassment,,male,.,,,
2018,number,victims of non-sexual harassment,,male,,,,80.7
2019,number,victims of non-sexual harassment,,male,.,,,
2020,number,victims of non-sexual harassment,,male,,,,81.7
2021,number,victims of non-sexual harassment,,male,…,,,
2022,number,victims of non-sexual harassment,,male,…,,,
2023,number,victims of non-sexual harassment,,male,…,,,
2024,number,victims of non-sexual harassment,,male,…,,,
2010,number,victims of non-sexual harassment,13 years and younger,,.,,,
2011,number,victims of non-sexual harassment,13 years and younger,,.,,,
2012,number,victims of non-sexual harassment,13 years and younger,,.,,,
2013,number,victims of non-sexual harassment,13 years and younger,,.,,,
2014,number,victims of non-sexual harassment,13 years and younger,,.,,,
2015,number,victims of non-sexual harassment,13 years and younger,,.,,,
2016,number,victims of non-sexual harassment,13 years and younger,,,,,74.9
2017,number,victims of non-sexual harassment,13 years and younger,,.,,,
2018,number,victims of non-sexual harassment,13 years and younger,,,,,75.9
2019,number,victims of non-sexual harassment,13 years and younger,,.,,,
2020,number,victims of non-sexual harassment,13 years and younger,,,,,72.4
2021,number,victims of non-sexual harassment,13 years and younger,,…,,,
2022,number,victims of non-sexual harassment,13 years and younger,,…,,,
2023,number,victims of non-sexual harassment,13 years and younger,,…,,,
2024,number,victims of non-sexual harassment,13 years and younger,,…,,,
2010,number,victims of non-sexual harassment,13 years and younger,female,.,,,
2011,number,victims of non-sexual harassment,13 years and younger,female,.,,,
2012,number,victims of non-sexual harassment,13 years and younger,female,.,,,
2013,number,victims of non-sexual harassment,13 years and younger,female,.,,,
2014,number,victims of non-sexual harassment,13 years and younger,female,.,,,
2015,number,victims of non-sexual harassment,13 years and younger,female,.,,,
2016,number,victims of non-sexual harassment,13 years and younger,female,,,,71.8
2017,number,victims of non-sexual harassment,13 years and younger,female,.,,,
2018,number,victims of non-sexual harassment,13 years and younger,female,,,,74.2
2019,number,victims of non-sexual harassment,13 years and younger,female,.,,,
2020,number,victims of non-sexual harassment,13 years and younger,female,,,,75.4
2021,number,victims of non-sexual harassment,13 years and younger,female,…,,,
2022,number,victims of non-sexual harassment,13 years and younger,female,…,,,
2023,number,victims of non-sexual harassment,13 years and younger,female,…,,,
2024,number,victims of non-sexual harassment,13 years and younger,female,…,,,
2010,number,victims of non-sexual harassment,13 years and younger,male,.,,,
2011,number,victims of non-sexual harassment,13 years and younger,male,.,,,
2012,number,victims of non-sexual harassment,13 years and younger,male,.,,,
2013,number,victims of non-sexual harassment,13 years and younger,male,.,,,
2014,number,victims of non-sexual harassment,13 years and younger,male,.,,,
2015,number,victims of non-sexual harassment,13 years and younger,male,.,,,
2016,number,victims of non-sexual harassment,13 years and younger,male,,,,71.6
2017,number,victims of non-sexual harassment,13 years and younger,male,.,,,
2018,number,victims of non-sexual harassment,13 years and younger,male,,,,71.7
2019,number,victims of non-sexual harassment,13 years and younger,male,.,,,
2020,number,victims of non-sexual harassment,13 years and younger,male,,,,72.7
2021,number,victims of non-sexual harassment,13 years and younger,male,…,,,
2022,number,victims of non-sexual harassment,13 years and younger,male,…,,,
2023,number,victims of non-sexual harassment,13 years and younger,male,…,,,
2024,number,victims of non-sexual harassment,13 years and younger,male,…,,,
2010,number,victims of non-sexual harassment,14 to under 18 years,,,,,94.3
2011,number,victims of non-sexual harassment,14 to under 18 years,,,,,94.0
2012,number,victims of non-sexual harassment,14 to under 18 years,,,,,94.4
2013,number,victims of non-sexual harassment,14 to under 18 years,,,,,92.8
2014,number,victims of non-sexual harassment,14 to under 18 years,,,,,94.3
2015,number,victims of non-sexual harassment,14 to under 18 years,,,,,93.6
2016,number,victims of non-sexual harassment,14 to under 18 years,,,,,93.6
2017,number,victims of non-sexual harassment,14 to under 18 years,,,,,94.2
2018,number,victims of non-sexual harassment,14 to under 18 years,,,,,94.5
2019,number,victims of non-sexual harassment,14 to under 18 years,,,,,93.7
2020,number,victims of non-sexual harassment,14 to under 18 years,,,,,94.5
2021,number,victims of non-sexual harassment,14 to under 18 years,,,,,94.4
2022,number,victims of non-sexual harassment,14 to under 18 years,,,,,94.8
2023,number,victims of non-sexual harassment,14 to under 18 years,,…,,,
2024,number,victims of non-sexual harassment,14 to under 18 years,,…,,,
2010,number,victims of non-sexual harassment,14 to under 18 years,female,,,,93.3
2011,number,victims of non-sexual harassment,14 to under 18 years,female,,,,91.6
2012,number,victims of non-sexual harassment,14 to under 18 years,female,,,,92.7
2013,number,victims of non-sexual harassment,14 to under 18 years,female,,,,90.2
2014,number,victims of non-sexual harassment,14 to under 18 years,female,,,,95.2
2015,number,victims of non-sexual harassment,14 to under 18 years,female,,,,91.5
2016,number,victims of non-sexual harassment,14 to under 18 years,female,,,,91.3
2017,number,victims of non-sexual harassment,14 to under 18 years,female,,,,92.2
2018,number,victims of non-sexual harassment,14 to under 18 years,female,,,,90.3
2019,number,victims of non-sexual harassment,14 to under 18 years,female,,,,90.2
2020,number,victims of non-sexual harassment,14 to under 18 years,female,,,,89.7
2021,number,victims of non-sexual harassment,14 to under 18 years,female,,,,89.0
2022,number,victims of non-sexual harassment,14 to under 18 years,female,,,,95.1
2023,number,victims of non-sexual harassment,14 to under 18 years,female,…,,,
2024,number,victims of non-sexual harassment,14 to under 18 years,female,…,,,
2010,number,victims of non-sexual harassment,14 to under 18 years,male,,,,97.5
2011,number,victims of non-sexual harassment,14 to under 18 years,male,,,,98.4
2012,number,victims of non-sexual harassment,14 to under 18 years,male,,,,96.7
2013,number,victims of non-sexual harassment,14 to under 18 years,male,,,,89.5
2014,number,victims of non-sexual harassment,14 to under 18 years,male,,,,96.3
2015,number,victims of non-sexual harassment,14 to under 18 years,male,,,,98.1
2016,number,victims of non-sexual harassment,14 to under 18 years,male,,,,95.8
2017,number,victims of non-sexual harassment,14 to under 18 years,male,,,,95.6
2018,number,victims of non-sexual harassment,14 to under 18 years,male,,,,96.4
2019,number,victims of non-sexual harassment,14 to under 18 years,male,,,,97.0
2020,number,victims of non-sexual harassment,14 to under 18 years,male,,,,98.8
2021,number,victims of non-sexual harassment,14 to under 18 years,male,,,,97.6
2022,number,victims of non-sexual harassment,14 to under 18 years,male,,,,99.4
2023,number,victims of non-sexual harassment,14 to under 18 years,male,…,,,
2024,number,victims of non-sexual harassment,14 to under 18 years,male,…,,,
2010,number,victims of non-sexual harassment,18 to under 21 years,,,,,97.7
2011,number,victims of non-sexual harassment,18 to under 21 years,,,,,96.1
2012,number,victims of non-sexual harassment,18 to under 21 years,,,,,94.6
2013,number,victims of non-sexual harassment,18 to under 21 years,,,,,94.8
2014,number,victims of non-sexual harassment,18 to under 21 years,,,,,97.1
2015,number,victims of non-sexual harassment,18 to under 21 years,,,,,96.7
2016,number,victims of non-sexual harassment,18 to under 21 years,,,,,96.7
2017,number,victims of non-sexual harassment,18 to under 21 years,,,,,95.4
2018,number,victims of non-sexual harassment,18 to under 21 years,,,,,96.3
2019,number,victims of non-sexual harassment,18 to under 21 years,,,,,95.5
2020,number,victims of non-sexual harassment,18 to under 21 years,,,,,95.1
2021,number,victims of non-sexual harassment,18 to under 21 years,,,,,97.6
2022,number,victims of non-sexual harassment,18 to under 21 years,,,,,93.5
2023,number,victims of non-sexual harassment,18 to under 21 years,,…,,,
2024,number,victims of non-sexual harassment,18 to under 21 years,,…,,,
2010,number,victims of non-sexual harassment,18 to under 21 years,female,,,,95.2
2011,number,victims of non-sexual harassment,18 to under 21 years,female,,,,96.2
2012,number,victims of non-sexual harassment,18 to under 21 years,female,,,,97.8
2013,number,victims of non-sexual harassment,18 to under 21 years,female,,,,96.2
2014,number,victims of non-sexual harassment,18 to under 21 years,female,,,,94.1
2015,number,victims of non-sexual harassment,18 to under 21 years,female,,,,92.9
2016,number,victims of non-sexual harassment,18 to under 21 years,female,,,,96.1
2017,number,victims of non-sexual harassment,18 to under 21 years,female,,,,96.1
2018,number,victims of non-sexual harassment,18 to under 21 years,female,,,,95.3
2019,number,victims of non-sexual harassment,18 to under 21 years,female,,,,96.2
2020,number,victims of non-sexual harassment,18 to under 21 years,female,,,,97.1
2021,number,victims of non-sexual harassment,18 to under 21 years,female,,,,96.8
2022,number,victims of non-sexual harassment,18 to under 21 years,female,,,,97.5
2023,number,victims of non-sexual harassment,18 to under 21 years,female,…,,,
2024,number,victims of non-sexual harassment,18 to under 21 years,female,…,,,
2010,number,victims of non-sexual harassment,18 to under 21 years,male,,,,93.2
2011,number,victims of non-sexual harassment,18 to under 21 years,male,,,,93.8
2012,number,victims of non-sexual harassment,18 to under 21 years,male,,,,93.8
2013,number,victims of non-sexual harassment,18 to under 21 years,male,,,,92.9
2014,number,victims of non-sexual harassment,18 to under 21 years,male,,,,94.2
2015,number,victims of non-sexual harassment,18 to under 21 years,male,,,,92.7
2016,number,victims of non-sexual harassment,18 to under 21 years,male,,,,92.6
2017,number,victims of non-sexual harassment,18 to under 21 years,male,,,,94.0
2018,number,victims of non-sexual harassment,18 to under 21 years,male,,,,95.0
2019,number,victims of non-sexual harassment,18 to under 21 years,male,,,,93.4
2020,number,victims of non-sexual harassment,18 to under 21 years,male,,,,96.0
2021,number,victims of non-sexual harassment,18 to under 21 years,male,,,,94.0
2022,number,victims of non-sexual harassment,18 to under 21 years,male,,,,93.4
2023,number,victims of non-sexual harassment,18 to under 21 years,male,…,,,
2024,number,victims of non-sexual harassment,18 to under 21 years,male,…,,,
2010,number,victims of non-sexual harassment,21 to under 60 years,,,,,92.1
2011,number,victims of non-sexual harassment,21 to under 60 years,,,,,89.6
2012,number,victims of non-sexual harassment,21 to under 60 years,,,,,91.7
2013,number,victims of non-sexual harassment,21 to under 60 years,,,,,90.0
2014,number,victims of non-sexual harassment,21 to under 60 years,,,,,92.4
2015,number,victims of non-sexual harassment,21 to under 60 years,,,,,92.2
2016,number,victims of non-sexual harassment,21 to under 60 years,,,,,90.5
2017,number,victims of non-sexual harassment,21 to under 60 years,,,,,91.6
2018,number,victims of non-sexual harassment,21 to under 60 years,,,,,91.6
2019,number,victims of non-sexual harassment,21 to under 60 years,,,,,90.4
2020,number,victims of non-sexual harassment,21 to under 60 years,,,,,90.3
2021,number,victims of non-sexual harassment,21 to under 60 years,,,,,90.7
2022,number,victims of non-sexual harassment,21 to under 60 years,,,,,93.8
2023,number,victims of non-sexual harassment,21 to under 60 years,,…,,,
2024,number,victims of non-sexual harassment,21 to under 60 years,,…,,,
2010,number,victims of non-sexual harassment,21 to under 60 years,female,,,,93.2
2011,number,victims of non-sexual harassment,21 to under 60 years,female,,,,94.2
2012,number,victims of non-sexual harassment,21 to under 60 years,female,,,,94.5
2013,number,victims of non-sexual harassment,21 to under 60 years,female,,,,92.5
2014,number,victims of non-sexual harassment,21 to under 60 years,female,,,,94.6
2015,number,victims of non-sexual harassment,21 to under 60 years,female,,,,93.8
2016,number,victims of non-sexual harassment,21 to under 60 years,female,,,,93.6
2017,number,victims of non-sexual harassment,21 to under 60 years,female,,,,94.4
2018,number,victims of non-sexual harassment,21 to under 60 years,female,,,,94.5
2019,number,victims of non-sexual harassment,21 to under 60 years,female,,,,94.0
2020,number,victims of non-sexual harassment,21 to under 60 years,female,,,,95.0
2021,number,victims of non-sexual harassment,21 to under 60 years,female,,,,95.0
2022,number,victims of non-sexual harassment,21 to under 60 years,female,,,,94.7
2023,number,victims of non-sexual harassment,21 to under 60 years,female,…,,,
2024,number,victims of non-sexual harassment,21 to under 60 years,female,…,,,
2010,number,victims of non-sexual harassment,21 to under 60 years,male,,,,95.6
2011,number,victims of non-sexual harassment,21 to under 60 years,male,,,,93.7
2012,number,victims of non-sexual harassment,21 to under 60 years,male,,,,94.4
2013,number,victims of non-sexual harassment,21 to under 60 years,male,,,,93.2
2014,number,victims of non-sexual harassment,21 to under 60 years,male,,,,94.0
2015,number,victims of non-sexual harassment,21 to under 60 years,male,,,,93.4
2016,number,victims of non-sexual harassment,21 to under 60 years,male,,,,93.6
2017,number,victims of non-sexual harassment,21 to under 60 years,male,,,,94.0
2018,number,victims of non-sexual harassment,21 to under 60 years,male,,,,94.5
2019,number,victims of non-sexual harassment,21 to under 60 years,male,,,,93.5
2020,number,victims of non-sexual harassment,21 to under 60 years,male,,,,94.7
2021,number,victims of non-sexual harassment,21 to under 60 years,male,,,,93.9
2022,number,victims of non-sexual harassment,21 to under 60 years,male,,,,95.0
2023,number,victims of non-sexual harassment,21 to under 60 years,male,,,,
2024,number,victims of non-sexual harassment,21 to under 60 years,male,,,,
2010,number,victims of non-sexual harassment,60 years and older,,x,,,
2011,number,victims of non-sexual harassment,60 years and older,,,,,6.845
2012,number,victims of non-sexual harassment,60 years and older,,,,,2.01
2013,number,victims of non-sexual harassment,60 years and older,,,,,1.565
2014,number,victims of non-sexual harassment,60 years and older,,,,,1.153
2015,number,victims of non-sexual harassment,60 years and older,,,,,0.293
2016,number,victims of non-sexual harassment,60 years and older,,|,,,0.91
2017,number,victims of non-sexual harassment,60 years and older,,,,,1.553
2018,number,victims of non-sexual harassment,60 years and older,,,,,2.317
2019,number,victims of non-sexual harassment,60 years and older,,,,,1.859
2020,number,victims of non-sexual harassment,60 years and older,,x,,,
2021,number,victims of non-sexual harassment,60 years and older,,,,,4.248
2022,number,victims of non-sexual harassment,60 years and older,,x,r,,
2023,number,victims of non-sexual harassment,60 years and older,,r,,,1.099
2024,number,victims of non-sexual harassment,60 years and older,,…,,,
2010,number,victims of non-sexual harassment,60 years and older,female,,,,99.587
2011,number,victims of non-sexual harassment,60 years and older,female,,,,100.353
2012,number,victims of non-sexual harassment,60 years and older,female,,,,100.599
2013,number,victims of non-sexual harassment,60 years and older,female,,,,100.77
2014,number,victims of non-sexual harassment,60 years and older,female,,,,100.85
2015,number,victims of non-sexual harassment,60 years and older,female,,,,100.0
2016,number,victims of non-sexual harassment,60 years and older,female,|,,,99.962
2017,number,victims of non-sexual harassment,60 years and older,female,,,,100.142
2018,number,victims of non-sexual harassment,60 years and older,female,,,,100.501
2019,number,victims of non-sexual harassment,60 years and older,female,,,,100.654
2020,number,victims of non-sexual harassment,60 years and older,female,,,,101.097
2021,number,victims of non-sexual harassment,60 years and older,female,,,,101.42
2022,number,victims of non-sexual harassment,60 years and older,female,r,,,101.881
2023,number,victims of non-sexual harassment,60 years and older,female,r,,,101.921
2024,number,victims of non-sexual harassment,60 years and older,female,…,,,
2010,number,victims of non-sexual harassment,60 years and older,male,,,,0.591
2011,number,victims of non-sexual harassment,60 years and older,male,,,,0.902
2012,number,victims of non-sexual harassment,60 years and older,male,,,,0.489
2013,number,victims of non-sexual harassment,60 years and older,male,,,,0.473
2014,number,victims of non-sexual harassment,60 years and older,male,,,,0.612
2015,number,victims of non-sexual harassment,60 years and older,male,r,,,0.351
2016,number,victims of non-sexual harassment,60 years and older,male,|,,,0.382
2017,number,victims of non-sexual harassment,60 years and older,male,,,,0.509
2018,number,victims of non-sexual harassment,60 years and older,male,,,,0.634
2019,number,victims of non-sexual harassment,60 years and older,male,,,,0.33
2020,number,victims of non-sexual harassment,60 years and older,male,,,,0.426
2021,number,victims of non-sexual harassment,60 years and older,male,,,,0.419
2022,number,victims of non-sexual harassment,60 years and older,male,,,,0.312
2023,number,victims of non-sexual harassment,60 years and older,male,,,,0.445
2024,number,victims of non-sexual harassment,60 years and older,male,…,,,
2010,number,victims of sexual harassment,,,,,,-0.154
2011,number,victims of sexual harassment,,,,,,0.132
2012,number,victims of sexual harassment,,,,,,0.244
2013,number,victims of sexual harassment,,,,,,0.302
2014,number,victims of sexual harassment,,,,,,0.531
2015,number,victims of sexual harassment,,,,,,1.197
2016,number,victims of sexual harassment,,,|,,,0.42
2017,number,victims of sexual harassment,,,,,,0.327
2018,number,victims of sexual harassment,,,,,,0.274
2019,number,victims of sexual harassment,,,,,,0.178
2020,number,victims of sexual harassment,,,,,,-0.014
2021,number,victims of sexual harassment,,,,,,0.099
2022,number,victims of sexual harassment,,,r,,,-0.143
2023,number,victims of sexual harassment,,,r,,,0.405
2024,number,victims of sexual harassment,,,,,,0.145
2010,number,victims of sexual harassment,,female,,,,
2011,number,victims of sexual harassment,,female,,,,
2012,number,victims of sexual harassment,,female,,,,
2013,number,victims of sexual harassment,,female,,,,4.691
2014,number,victims of sexual harassment,,female,,,,2.046
2015,number,victims of sexual harassment,,female,,,,0.844
2016,number,victims of sexual harassment,,female,|,,,0.74
2017,number,victims of sexual harassment,,female,,,,0.747
2018,number,victims of sexual harassment,,female,,,,0.843
2019,number,victims of sexual harassment,,female,,,,1.545
2020,number,victims of sexual harassment,,female,,,,2.48
2021,number,victims of sexual harassment,,female,,,,3.373
2022,number,victims of sexual harassment,,female,r,,,12.432
2023,number,victims of sexual harassment,,female,r,,,4.61
2024,number,victims of sexual harassment,,female,…,,,
2010,number,victims of sexual harassment,,male,,,,
2011,number,victims of sexual harassment,,male,,,,98.632
2012,number,victims of sexual harassment,,male,,,,99.299
2013,number,victims of sexual harassment,,male,,,,99.777
2014,number,victims of sexual harassment,,male,,,,100.091
2015,number,victims of sexual harassment,,male,,,,100.0
2016,number,victims of sexual harassment,,male,|,,,99.84
2017,number,victims of sexual harassment,,male,,,,99.685
2018,number,victims of sexual harassment,,male,,,,99.601
2019,number,victims of sexual harassment,,male,,,,99.764
2020,number,victims of sexual harassment,,male,,,,100.046
2021,number,victims of sexual harassment,,male,,,,100.363
2022,number,victims of sexual harassment,,male,r,,,100.706
2023,number,victims of sexual harassment,,male,r,,,101.021
2024,number,victims of sexual harassment,,male,…,,,
2010,number,victims of sexual harassment,13 years and younger,,,,,
2011,number,victims of sexual harassment,13 years and younger,,,,,
2012,number,victims of sexual harassment,13 years and younger,,,,,0.647
2013,number,victims of sexual harassment,13 years and younger,,,,,0.614
2014,number,victims of sexual harassment,13 years and younger,,,,,0.619
2015,number,victims of sexual harassment,13 years and younger,,,,,0.482
2016,number,victims of sexual harassment,13 years and younger,,|,,,0.455
2017,number,victims of sexual harassment,13 years and younger,,,,,0.464
2018,number,victims of sexual harassment,13 years and younger,,,,,0.469
2019,number,victims of sexual harassment,13 years and younger,,,,,0.464
2020,number,victims of sexual harassment,13 years and younger,,,,,0.474
2021,number,victims of sexual harassment,13 years and younger,,,,,0.452
2022,number,victims of sexual harassment,13 years and younger,,,,,0.372
2023,number,victims of sexual harassment,13 years and younger,,,,,0.4
2024,number,victims of sexual harassment,13 years and younger,,…,,,
2010,number,victims of sexual harassment,13 years and younger,female,.,,,
2011,number,victims of sexual harassment,13 years and younger,female,.,,,
2012,number,victims of sexual harassment,13 years and younger,female,,,,-0.03
2013,number,victims of sexual harassment,13 years and younger,female,,,,0.131
2014,number,victims of sexual harassment,13 years and younger,female,,,,0.303
2015,number,victims of sexual harassment,13 years and younger,female,,,,0.57
2016,number,victims of sexual harassment,13 years and younger,female,|,,,0.615
2017,number,victims of sexual harassment,13 years and younger,female,,,,0.621
2018,number,victims of sexual harassment,13 years and younger,female,,,,0.556
2019,number,victims of sexual harassment,13 years and younger,female,,,,0.3
2020,number,victims of sexual harassment,13 years and younger,female,,,,0.191
2021,number,victims of sexual harassment,13 years and younger,female,,,,0.134
2022,number,victims of sexual harassment,13 years and younger,female,r,,,0.03
2023,number,victims of sexual harassment,13 years and younger,female,r,,,0.087
2024,number,victims of sexual harassment,13 years and younger,female,,,,0.127
2010,number,victims of sexual harassment,13 years and younger,male,,,,100.0
2011,number,victims of sexual harassment,13 years and younger,male,,,,100.0
2012,number,victims of sexual harassment,13 years and younger,male,,,,100.0
2013,number,victims of sexual harassment,13 years and younger,male,,,,100.0
2014,number,victims of sexual harassment,13 years and younger,male,,,,100.0
2015,number,victims of sexual harassment,13 years and younger,male,,,,100.0
2016,number,victims of sexual harassment,13 years and younger,male,,,,100.0
2017,number,victims of sexual harassment,13 years and younger,male,,,,100.0
2018,number,victims of sexual harassment,13 years and younger,male,,,,100.0
2019,number,victims of sexual harassment,13 years and younger,male,,,,100.0
2020,number,victims of sexual harassment,13 years and younger,male,,,,100.0
2021,number,victims of sexual harassment,13 years and younger,male,,,,100.0
2022,number,victims of sexual harassment,13 years and younger,male,,,,100.0
2023,number,victims of sexual harassment,13 years and younger,male,,,,100.0
2024,number,victims of sexual harassment,13 years and younger,male,,,,100.0
2010,number,victims of sexual harassment,14 to under 18 years,,,,,1.084
2011,number,victims of sexual harassment,14 to under 18 years,,,,,1.206
2012,number,victims of sexual harassment,14 to under 18 years,,,,,1.231
2013,number,victims of sexual harassment,14 to under 18 years,,,,,1.283
2014,number,victims of sexual harassment,14 to under 18 years,,,,,1.408
2015,number,victims of sexual harassment,14 to under 18 years,,,,,1.439
2016,number,victims of sexual harassment,14 to under 18 years,,,,,1.491
2017,number,victims of sexual harassment,14 to under 18 years,,,,,1.604
2018,number,victims of sexual harassment,14 to under 18 years,,,,,1.602
2019,number,victims of sexual harassment,14 to under 18 years,,,,,1.736
2020,number,victims of sexual harassment,14 to under 18 years,,,,,1.715
2021,number,victims of sexual harassment,14 to under 18 years,,p,,,1.843
2022,number,victims of sexual harassment,14 to under 18 years,,p,,,1.955
2023,number,victims of sexual harassment,14 to under 18 years,,p,,,2.376
2024,number,victims of sexual harassment,14 to under 18 years,,p,,,2.517
2010,number,victims of sexual harassment,14 to under 18 years,female,,,,9.804
2011,number,victims of sexual harassment,14 to under 18 years,female,,,,10.427
2012,number,victims of sexual harassment,14 to under 18 years,female,,,,10.417
2013,number,victims of sexual harassment,14 to under 18 years,female,,,,10.838
2014,number,victims of sexual harassment,14 to under 18 years,female,,,,11.458
2015,number,victims of sexual harassment,14 to under 18 years,female,,,,11.58
2016,number,victims of sexual harassment,14 to under 18 years,female,,,,11.82
2017,number,victims of sexual harassment,14 to under 18 years,female,,,,12.407
2018,number,victims of sexual harassment,14 to under 18 years,female,,,,12.791
2019,number,victims of sexual harassment,14 to under 18 years,female,,,,13.688
2020,number,victims of sexual harassment,14 to under 18 years,female,,,,14.137
2021,number,victims of sexual harassment,14 to under 18 years,female,p,,,13.788
2022,number,victims of sexual harassment,14 to under 18 years,female,p,,,14.51
2023,number,victims of sexual harassment,14 to under 18 years,female,p,,,16.023
2024,number,victims of sexual harassment,14 to under 18 years,female,p,,,17.595
2010,number,victims of sexual harassment,14 to under 18 years,male,s,,,100.0
2011,number,victims of sexual harassment,14 to under 18 years,male,s,,,100.0
2012,number,victims of sexual harassment,14 to under 18 years,male,s,,,100.0
2013,number,victims of sexual harassment,14 to under 18 years,male,s,,,100.0
2014,number,victims of sexual harassment,14 to under 18 years,male,s,,,100.0
2015,number,victims of sexual harassment,14 to under 18 years,male,s,,,100.0
2016,number,victims of sexual harassment,14 to under 18 years,male,s,,,100.0
2017,number,victims of sexual harassment,14 to under 18 years,male,s,,,100.0
2018,number,victims of sexual harassment,14 to under 18 years,male,s,,,100.0
2019,number,victims of sexual harassment,14 to under 18 years,male,s,,,100.0
2020,number,victims of sexual harassment,14 to under 18 years,male,s,,,100.0
2021,number,victims of sexual harassment,14 to under 18 years,male,s,,,100.0
2022,number,victims of sexual harassment,14 to under 18 years,male,s,,,100.0
2023,number,victims of sexual harassment,14 to under 18 years,male,s,,,100.0
2024,number,victims of sexual harassment,14 to under 18 years,male,…,,,
2010,number,victims of sexual harassment,18 to under 21 years,,,,,49237.0
2011,number,victims of sexual harassment,18 to under 21 years,,,,,50237.0
2012,number,victims of sexual harassment,18 to under 21 years,,,,,49759.0
2013,number,victims of sexual harassment,18 to under 21 years,,,,,49570.0
2014,number,victims of sexual harassment,18 to under 21 years,,,,,51102.0
2015,number,victims of sexual harassment,18 to under 21 years,,,,,51625.0
2016,number,victims of sexual harassment,18 to under 21 years,,,,,52133.0
2017,number,victims of sexual harassment,18 to under 21 years,,,,,51790.0
2018,number,victims of sexual harassment,18 to under 21 years,,,,,50260.0
2019,number,victims of sexual harassment,18 to under 21 years,,,,,50643.0
2020,number,victims of sexual harassment,18 to under 21 years,,,,,50993.0
2021,number,victims of sexual harassment,18 to under 21 years,,,,,51793.0
2022,number,victims of sexual harassment,18 to under 21 years,,,,,48559.0
2023,number,victims of sexual harassment,18 to under 21 years,,,,,48860.0
2024,number,victims of sexual harassment,18 to under 21 years,,…,,,
2010,number,victims of sexual harassment,18 to under 21 years,female,r,,,19.5
2011,number,victims of sexual harassment,18 to under 21 years,female,r,,,19.4
2012,number,victims of sexual harassment,18 to under 21 years,female,r,,,16.8
2013,number,victims of sexual harassment,18 to under 21 years,female,r,,,17.5
2014,number,victims of sexual harassment,18 to under 21 years,female,r,,,17.0
2015,number,victims of sexual harassment,18 to under 21 years,female,r,,,15.8
2016,number,victims of sexual harassment,18 to under 21 years,female,r,,,15.3
2017,number,victims of sexual harassment,18 to under 21 years,female,r,,,14.4
2018,number,victims of sexual harassment,18 to under 21 years,female,,,,15.4
2019,number,victims of sexual harassment,18 to under 21 years,female,,,,13.2
2020,number,victims of sexual harassment,18 to under 21 years,female,,,,12.3
2021,number,victims of sexual harassment,18 to under 21 years,female,,,,13.0
2022,number,victims of sexual harassment,18 to under 21 years,female,…,,,
2023,number,victims of sexual harassment,18 to under 21 years,female,…,,,
2024,number,victims of sexual harassment,18 to under 21 years,female,…,,,
2010,number,victims of sexual harassment,18 to under 21 years,male,r,,,15.9
2011,number,victims of sexual harassment,18 to under 21 years,male,r,,,15.2
2012,number,victims of sexual harassment,18 to under 21 years,male,r,,,12.4
2013,number,victims of sexual harassment,18 to under 21 years,male,r,,,13.2
2014,number,victims of sexual harassment,18 to under 21 years,male,r,,,13.0
2015,number,victims of sexual harassment,18 to under 21 years,male,r,,,11.7
2016,number,victims of sexual harassment,18 to under 21 years,male,r,,,11.4
2017,number,victims of sexual harassment,18 to under 21 years,male,r,,,10.9
2018,number,victims of sexual harassment,18 to under 21 years,male,r,,,11.2
2019,number,victims of sexual harassment,18 to under 21 years,male,r,,,9.4
2020,number,victims of sexual harassment,18 to under 21 years,male,r,,,8.8
2021,number,victims of sexual harassment,18 to under 21 years,male,,,,9.3
2022,number,victims of sexual harassment,18 to under 21 years,male,…,,,
2023,number,victims of sexual harassment,18 to under 21 years,male,…,,,
2024,number,victims of sexual harassment,18 to under 21 years,male,…,,,
2010,number,victims of sexual harassment,21 to under 60 years,,,,,81.7
2011,number,victims of sexual harassment,21 to under 60 years,,,,,80.3
2012,number,victims of sexual harassment,21 to under 60 years,,,,,80.5
2013,number,victims of sexual harassment,21 to under 60 years,,,,,80.8
2014,number,victims of sexual harassment,21 to under 60 years,,,,,81.2
2015,number,victims of sexual harassment,21 to under 60 years,,,,,82.2
2016,number,victims of sexual harassment,21 to under 60 years,,,,,82.5
2017,number,victims of sexual harassment,21 to under 60 years,,,,,82.8
2018,number,victims of sexual harassment,21 to under 60 years,,,,,83.0
2019,number,victims of sexual harassment,21 to under 60 years,,,,,83.2
2020,number,victims of sexual harassment,21 to under 60 years,,,,,83.1
2021,number,victims of sexual harassment,21 to under 60 years,,,,,83.2
2022,number,victims of sexual harassment,21 to under 60 years,,…,,,
2023,number,victims of sexual harassment,21 to under 60 years,,…,,,
2024,number,victims of sexual harassment,21 to under 60 years,,…,,,
2010,number,victims of sexual harassment,21 to under 60 years,female,,,,74.0
2011,number,victims of sexual harassment,21 to under 60 years,female,,,,71.0
2012,number,victims of sexual harassment,21 to under 60 years,female,,,,56.5
2013,number,victims of sexual harassment,21 to under 60 years,female,,,,64.1
2014,number,victims of sexual harassment,21 to under 60 years,female,,,,59.2
2015,number,victims of sexual harassment,21 to under 60 years,female,,,,50.6
2016,number,victims of sexual harassment,21 to under 60 years,female,,,,45.0
2017,number,victims of sexual harassment,21 to under 60 years,female,,,,30.9
2018,number,victims of sexual harassment,21 to under 60 years,female,,,,46.3
2019,number,victims of sexual harassment,21 to under 60 years,female,,,,17.6
2020,number,victims of sexual harassment,21 to under 60 years,female,,,,9.9
2021,number,victims of sexual harassment,21 to under 60 years,female,,,,16.9
2022,number,victims of sexual harassment,21 to under 60 years,female,…,,,
2023,number,victims of sexual harassment,21 to under 60 years,female,…,,,
2024,number,victims of sexual harassment,21 to under 60 years,female,…,,,
2010,number,victims of sexual harassment,21 to under 60 years,male,.,,,
2011,number,victims of sexual harassment,21 to under 60 years,male,.,,,
2012,number,victims of sexual harassment,21 to under 60 years,male,.,,,
2013,number,victims of sexual harassment,21 to under 60 years,male,.,,,
2014,number,victims of sexual harassment,21 to under 60 years,male,.,,,
2015,number,victims of sexual harassment,21 to under 60 years,male,,,,29.53
2016,number,victims of sexual harassment,21 to under 60 years,male,.,,,
2017,number,victims of sexual harassment,21 to under 60 years,male,.,,,
2018,number,victims of sexual harassment,21 to under 60 years,male,,,,29.61
2019,number,victims of sexual harassment,21 to under 60 years,male,.,,,
2020,number,victims of sexual harassment,21 to under 60 years,male,.,,,
2021,number,victims of sexual harassment,21 to under 60 years,male,,,,29.24
2022,number,victims of sexual harassment,21 to under 60 years,male,.,,,
2023,number,victims of sexual harassment,21 to under 60 years,male,.,,,
2024,number,victims of sexual harassment,21 to under 60 years,male,.,,,
2010,number,victims of sexual harassment,60 years and older,,,,,28870.0
2011,number,victims of sexual harassment,60 years and older,,,,,26876.0
2012,number,victims of sexual harassment,60 years and older,,,,,26360.0
2013,number,victims of sexual harassment,60 years and older,,,,,25517.0
2014,number,victims of sexual harassment,60 years and older,,,,,23303.0
2015,number,victims of sexual harassment,60 years and older,,,,,21070.0
2016,number,victims of sexual harassment,60 years and older,,,,,19949.0
2017,number,victims of sexual harassment,60 years and older,,r,,,19750.0
2018,number,victims of sexual harassment,60 years and older,,r,,,20280.0
2019,number,victims of sexual harassment,60 years and older,,r,,,20204.0
2020,number,victims of sexual harassment,60 years and older,,r,,,20997.0
2021,number,victims of sexual harassment,60 years and older,,r,,,22091.0
2022,number,victims of sexual harassment,60 years and older,,r,,,23082.0
2023,number,victims of sexual harassment,60 years and older,,r,,,25138.0
2024,number,victims of sexual harassment,60 years and older,,,,,26703.0
2010,number,victims of sexual harassment,60 years and older,female,,,,22909.0
2011,number,victims of sexual harassment,60 years and older,female,,,,21414.0
2012,number,victims of sexual harassment,60 years and older,female,,,,21217.0
2013,number,victims of sexual harassment,60 years and older,female,,,,20455.0
2014,number,victims of sexual harassment,60 years and older,female,,,,18682.0
2015,number,victims of sexual harassment,60 years and older,female,,,,16941.0
2016,number,victims of sexual harassment,60 years and older,female,,,,16115.0
2017,number,victims of sexual harassment,60 years and older,female,r,,,15999.0
2018,number,victims of sexual harassment,60 years and older,female,r,,,16456.0
2019,number,victims of sexual harassment,60 years and older,female,r,,,16432.0
2020,number,victims of sexual harassment,60 years and older,female,r,,,16974.0
2021,number,victims of sexual harassment,60 years and older,female,r,,,17693.0
2022,number,victims of sexual harassment,60 years and older,female,r,,,18628.0
2023,number,victims of sexual harassment,60 years and older,female,r,,,20089.0
2024,number,victims of sexual harassment,60 years and older,female,,,,21382.0
2010,number,victims of sexual harassment,60 years and older,male,,,,5961.0
2011,number,victims of sexual harassment,60 years and older,male,,,,5462.0
2012,number,victims of sexual harassment,60 years and older,male,,,,5143.0
2013,number,victims of sexual harassment,60 years and older,male,,,,5062.0
2014,number,victims of sexual harassment,60 years and older,male,,,,4621.0
2015,number,victims of sexual harassment,60 years and older,male,,,,4129.0
2016,number,victims of sexual harassment,60 years and older,male,,,,3834.0
2017,number,victims of sexual harassment,60 years and older,male,r,,,3751.0
2018,number,victims of sexual harassment,60 years and older,male,r,,,3824.0
2019,number,victims of sexual harassment,60 years and older,male,r,,,3772.0
2020,number,victims of sexual harassment,60 years and older,male,r,,,4023.0
2021,number,victims of sexual harassment,60 years and older,male,r,,,4398.0
2022,number,victims of sexual harassment,60 years and older,male,r,,,4454.0
2023,number,victims of sexual harassment,60 years and older,male,r,,,5049.0
2024,number,victims of sexual harassment,60 years and older,male,,,,5321.0
2010,"per 100,000 inhabitants","number of victims per 100,000 of non-sexual harassment",,,,,,443.0
2011,"per 100,000 inhabitants","number of victims per 100,000 of non-sexual harassment",,,,,,416.0
2012,"per 100,000 inhabitants","number of victims per 100,000 of non-sexual harassment",,,,,,432.0
2013,"per 100,000 inhabitants","number of victims per 100,000 of non-sexual harassment",,,,,,427.0
2014,"per 100,000 inhabitants","number of victims per 100,000 of non-sexual harassment",,,,,,377.0
2015,"per 100,000 inhabitants","number of victims per 100,000 of non-sexual harassment",,,,,,343.0
2016,"per 100,000 inhabitants","number of victims per 100,000 of non-sexual harassment",,,,,,336.0
2017,"per 100,000 inhabitants","number of victims per 100,000 of non-sexual harassment",,,r,,,338.0
2018,"per 100,000 inhabitants","number of victims per 100,000 of non-sexual harassment",,,r,,,346.0
2019,"per 100,000 inhabitants","number of victims per 100,000 of non-sexual harassment",,,r,,,398.0
2020,"per 100,000 inhabitants","number of victims per 100,000 of non-sexual harassment",,,r,,,380.0
2021,"per 100,000 inhabitants","number of victims per 100,000 of non-sexual harassment",,,r,,,404.0
2022,"per 100,000 inhabitants","number of victims per 100,000 of non-sexual harassment",,,r,,,460.0
2023,"per 100,000 inhabitants","number of victims per 100,000 of non-sexual harassment",,,r,,,579.0
2024,"per 100,000 inhabitants","number of victims per 100,000 of non-sexual harassment",,,,,,681.0
2010,"per 100,000 inhabitants","number of victims per 100,000 of non-sexual harassment",,female,,,,272.0
2011,"per 100,000 inhabitants","number of victims per 100,000 of non-sexual harassment",,female,,,,263.0
2012,"per 100,000 inhabitants","number of victims per 100,000 of non-sexual harassment",,female,,,,310.0
2013,"per 100,000 inhabitants","number of victims per 100,000 of non-sexual harassment",,female,,,,273.0
2014,"per 100,000 inhabitants","number of victims per 100,000 of non-sexual harassment",,female,,,,260.0
2015,"per 100,000 inhabitants","number of victims per 100,000 of non-sexual harassment",,female,,,,221.0
2016,"per 100,000 inhabitants","number of victims per 100,000 of non-sexual harassment",,female,,,,221.0
2017,"per 100,000 inhabitants","number of victims per 100,000 of non-sexual harassment",,female,r,,,212.0
2018,"per 100,000 inhabitants","number of victims per 100,000 of non-sexual harassment",,female,r,,,239.0
2019,"per 100,000 inhabitants","number of victims per 100,000 of non-sexual harassment",,female,r,,,241.0
2020,"per 100,000 inhabitants","number of victims per 100,000 of non-sexual harassment",,female,r,,,226.0
2021,"per 100,000 inhabitants","number of victims per 100,000 of non-sexual harassment",,female,r,,,264.0
2022,"per 100,000 inhabitants","number of victims per 100,000 of non-sexual harassment",,female,r,,,313.0
2023,"per 100,000 inhabitants","number of victims per 100,000 of non-sexual harassment",,female,r,,,353.0
2024,"per 100,000 inhabitants","number of victims per 100,000 of non-sexual harassment",,female,,,,404.0
2010,"per 100,000 inhabitants","number of victims per 100,000 of non-sexual harassment",,male,,,,171.0
2011,"per 100,000 inhabitants","number of victims per 100,000 of non-sexual harassment",,male,,,,153.0
2012,"per 100,000 inhabitants","number of victims per 100,000 of non-sexual harassment",,male,,,,122.0
2013,"per 100,000 inhabitants","number of victims per 100,000 of non-sexual harassment",,male,,,,154.0
2014,"per 100,000 inhabitants","number of victims per 100,000 of non-sexual harassment",,male,,,,117.0
2015,"per 100,000 inhabitants","number of victims per 100,000 of non-sexual harassment",,male,,,,122.0
2016,"per 100,000 inhabitants","number of victims per 100,000 of non-sexual harassment",,male,,,,115.0
2017,"per 100,000 inhabitants","number of victims per 100,000 of non-sexual harassment",,male,r,,,126.0
2018,"per 100,000 inhabitants","number of victims per 100,000 of non-sexual harassment",,male,r,,,107.0
2019,"per 100,000 inhabitants","number of victims per 100,000 of non-sexual harassment",,male,r,,,157.0
2020,"per 100,000 inhabitants","number of victims per 100,000 of non-sexual harassment",,male,r,,,154.0
2021,"per 100,000 inhabitants","number of victims per 100,000 of non-sexual harassment",,male,r,,,140.0
2022,"per 100,000 inhabitants","number of victims per 100,000 of non-sexual harassment",,male,r,,,147.0
2023,"per 100,000 inhabitants","number of victims per 100,000 of non-sexual harassment",,male,r,,,226.0
2024,"per 100,000 inhabitants","number of victims per 100,000 of non-sexual harassment",,male,,,,277.0
2010,"per 100,000 inhabitants","number of victims per 100,000 of non-sexual harassment",13 years and younger,,,,,1289.0
2011,"per 100,000 inhabitants","number of victims per 100,000 of non-sexual harassment",13 years and younger,,,,,1227.0
2012,"per 100,000 inhabitants","number of victims per 100,000 of non-sexual harassment",13 years and younger,,,,,1101.0
2013,"per 100,000 inhabitants","number of victims per 100,000 of non-sexual harassment",13 years and younger,,,,,1143.0
2014,"per 100,000 inhabitants","number of victims per 100,000 of non-sexual harassment",13 years and younger,,,,,1063.0
2015,"per 100,000 inhabitants","number of victims per 100,000 of non-sexual harassment",13 years and younger,,,,,817.0
2016,"per 100,000 inhabitants","number of victims per 100,000 of non-sexual harassment",13 years and younger,,,,,806.0
2017,"per 100,000 inhabitants","number of victims per 100,000 of non-sexual harassment",13 years and younger,,r,,,829.0
2018,"per 100,000 inhabitants","number of victims per 100,000 of non-sexual harassment",13 years and younger,,r,,,798.0
2019,"per 100,000 inhabitants","number of victims per 100,000 of non-sexual harassment",13 years and younger,,r,,,821.0
2020,"per 100,000 inhabitants","number of victims per 100,000 of non-sexual harassment",13 years and younger,,r,,,751.0
2021,"per 100,000 inhabitants","number of victims per 100,000 of non-sexual harassment",13 years and younger,,r,,,803.0
2022,"per 100,000 inhabitants","number of victims per 100,000 of non-sexual harassment",13 years and younger,,r,,,822.0
2023,"per 100,000 inhabitants","number of victims per 100,000 of non-sexual harassment",13 years and younger,,r,,,928.0
2024,"per 100,000 inhabitants","number of victims per 100,000 of non-sexual harassment",13 years and younger,,,,,1019.0
2010,"per 100,000 inhabitants","number of victims per 100,000 of non-sexual harassment",13 years and younger,female,,,,1132.0
2011,"per 100,000 inhabitants","number of victims per 100,000 of non-sexual harassment",13 years and younger,female,,,,1087.0
2012,"per 100,000 inhabitants","number of victims per 100,000 of non-sexual harassment",13 years and younger,female,,,,991.0
2013,"per 100,000 inhabitants","number of victims per 100,000 of non-sexual harassment",13 years and younger,female,,,,1015.0
2014,"per 100,000 inhabitants","number of victims per 100,000 of non-sexual harassment",13 years and younger,female,,,,943.0
2015,"per 100,000 inhabitants","number of victims per 100,000 of non-sexual harassment",13 years and younger,female,,,,716.0
2016,"per 100,000 inhabitants","number of victims per 100,000 of non-sexual harassment",13 years and younger,female,,,,710.0
2017,"per 100,000 inhabitants","number of victims per 100,000 of non-sexual harassment",13 years and younger,female,r,,,718.0
2018,"per 100,000 inhabitants","number of victims per 100,000 of non-sexual harassment",13 years and younger,female,r,,,724.0
2019,"per 100,000 inhabitants","number of victims per 100,000 of non-sexual harassment",13 years and younger,female,r,,,704.0
2020,"per 100,000 inhabitants","number of victims per 100,000 of non-sexual harassment",13 years and younger,female,r,,,624.0
2021,"per 100,000 inhabitants","number of victims per 100,000 of non-sexual harassment",13 years and younger,female,r,,,672.0
2022,"per 100,000 inhabitants","number of victims per 100,000 of non-sexual harassment",13 years and younger,female,r,,,686.0
2023,"per 100,000 inhabitants","number of victims per 100,000 of non-sexual harassment",13 years and younger,female,r,,,786.0
2024,"per 100,000 inhabitants","number of victims per 100,000 of non-sexual harassment",13 years and younger,female,,,,820.0
2010,"per 100,000 inhabitants","number of victims per 100,000 of non-sexual harassment",13 years and younger,male,,,,157.0
2011,"per 100,000 inhabitants","number of victims per 100,000 of non-sexual harassment",13 years and younger,male,,,,140.0
2012,"per 100,000 inhabitants","number of victims per 100,000 of non-sexual harassment",13 years and younger,male,,,,110.0
2013,"per 100,000 inhabitants","number of victims per 100,000 of non-sexual harassment",13 years and younger,male,,,,128.0
2014,"per 100,000 inhabitants","number of victims per 100,000 of non-sexual harassment",13 years and younger,male,,,,120.0
2015,"per 100,000 inhabitants","number of victims per 100,000 of non-sexual harassment",13 years and younger,male,,,,101.0
2016,"per 100,000 inhabitants","number of victims per 100,000 of non-sexual harassment",13 years and younger,male,,,,96.0
2017,"per 100,000 inhabitants","number of victims per 100,000 of non-sexual harassment",13 years and younger,male,r,,,111.0
2018,"per 100,000 inhabitants","number of victims per 100,000 of non-sexual harassment",13 years and younger,male,r,,,74.0
2019,"per 100,000 inhabitants","number of victims per 100,000 of non-sexual harassment",13 years and younger,male,r,,,117.0
2020,"per 100,000 inhabitants","number of victims per 100,000 of non-sexual harassment",13 years and younger,male,r,,,127.0
2021,"per 100,000 inhabitants","number of victims per 100,000 of non-sexual harassment",13 years and younger,male,r,,,131.0
2022,"per 100,000 inhabitants","number of victims per 100,000 of non-sexual harassment",13 years and younger,male,r,,,136.0
2023,"per 100,000 inhabitants","number of victims per 100,000 of non-sexual harassment",13 years and younger,male,r,,,142.0
2024,"per 100,000 inhabitants","number of victims per 100,000 of non-sexual harassment",13 years and younger,male,,,,199.0
2010,"per 100,000 inhabitants","number of victims per 100,000 of non-sexual harassment",14 to under 18 years,,,,,2467.0
2011,"per 100,000 inhabitants","number of victims per 100,000 of non-sexual harassment",14 to under 18 years,,,,,2202.0
2012,"per 100,000 inhabitants","number of victims per 100,000 of non-sexual harassment",14 to under 18 years,,,,,2036.0
2013,"per 100,000 inhabitants","number of victims per 100,000 of non-sexual harassment",14 to under 18 years,,,,,1769.0
2014,"per 100,000 inhabitants","number of victims per 100,000 of non-sexual harassment",14 to under 18 years,,,,,1654.0
2015,"per 100,000 inhabitants","number of victims per 100,000 of non-sexual harassment",14 to under 18 years,,,,,1402.0
2016,"per 100,000 inhabitants","number of victims per 100,000 of non-sexual harassment",14 to under 18 years,,,,,1253.0
2017,"per 100,000 inhabitants","number of victims per 100,000 of non-sexual harassment",14 to under 18 years,,r,,,1340.0
2018,"per 100,000 inhabitants","number of victims per 100,000 of non-sexual harassment",14 to under 18 years,,r,,,1462.0
2019,"per 100,000 inhabitants","number of victims per 100,000 of non-sexual harassment",14 to under 18 years,,r,,,1279.0
2020,"per 100,000 inhabitants","number of victims per 100,000 of non-sexual harassment",14 to under 18 years,,r,,,1385.0
2021,"per 100,000 inhabitants","number of victims per 100,000 of non-sexual harassment",14 to under 18 years,,r,,,1393.0
2022,"per 100,000 inhabitants","number of victims per 100,000 of non-sexual harassment",14 to under 18 years,,r,,,1321.0
2023,"per 100,000 inhabitants","number of victims per 100,000 of non-sexual harassment",14 to under 18 years,,r,,,1421.0
2024,"per 100,000 inhabitants","number of victims per 100,000 of non-sexual harassment",14 to under 18 years,,,,,1593.0
2010,"per 100,000 inhabitants","number of victims per 100,000 of non-sexual harassment",14 to under 18 years,female,,,,2185.0
2011,"per 100,000 inhabitants","number of victims per 100,000 of non-sexual harassment",14 to under 18 years,female,,,,1946.0
2012,"per 100,000 inhabitants","number of victims per 100,000 of non-sexual harassment",14 to under 18 years,female,,,,1804.0
2013,"per 100,000 inhabitants","number of victims per 100,000 of non-sexual harassment",14 to under 18 years,female,,,,1586.0
2014,"per 100,000 inhabitants","number of victims per 100,000 of non-sexual harassment",14 to under 18 years,female,,,,1477.0
2015,"per 100,000 inhabitants","number of victims per 100,000 of non-sexual harassment",14 to under 18 years,female,,,,1265.0
2016,"per 100,000 inhabitants","number of victims per 100,000 of non-sexual harassment",14 to under 18 years,female,,,,1136.0
2017,"per 100,000 inhabitants","number of victims per 100,000 of non-sexual harassment",14 to under 18 years,female,r,,,1214.0
2018,"per 100,000 inhabitants","number of victims per 100,000 of non-sexual harassment",14 to under 18 years,female,r,,,1298.0
2019,"per 100,000 inhabitants","number of victims per 100,000 of non-sexual harassment",14 to under 18 years,female,r,,,1149.0
2020,"per 100,000 inhabitants","number of victims per 100,000 of non-sexual harassment",14 to under 18 years,female,r,,,1252.0
2021,"per 100,000 inhabitants","number of victims per 100,000 of non-sexual harassment",14 to under 18 years,female,r,,,1226.0
2022,"per 100,000 inhabitants","number of victims per 100,000 of non-sexual harassment",14 to under 18 years,female,r,,,1174.0
2023,"per 100,000 inhabitants","number of victims per 100,000 of non-sexual harassment",14 to under 18 years,female,r,,,1223.0
2024,"per 100,000 inhabitants","number of victims per 100,000 of non-sexual harassment",14 to under 18 years,female,,,,1388.0
2010,"per 100,000 inhabitants","number of victims per 100,000 of non-sexual harassment",14 to under 18 years,male,,,,282.0
2011,"per 100,000 inhabitants","number of victims per 100,000 of non-sexual harassment",14 to under 18 years,male,,,,256.0
2012,"per 100,000 inhabitants","number of victims per 100,000 of non-sexual harassment",14 to under 18 years,male,,,,232.0
2013,"per 100,000 inhabitants","number of victims per 100,000 of non-sexual harassment",14 to under 18 years,male,,,,183.0
2014,"per 100,000 inhabitants","number of victims per 100,000 of non-sexual harassment",14 to under 18 years,male,,,,177.0
2015,"per 100,000 inhabitants","number of victims per 100,000 of non-sexual harassment",14 to under 18 years,male,,,,137.0
2016,"per 100,000 inhabitants","number of victims per 100,000 of non-sexual harassment",14 to under 18 years,male,,,,117.0
2017,"per 100,000 inhabitants","number of victims per 100,000 of non-sexual harassment",14 to under 18 years,male,r,,,126.0
2018,"per 100,000 inhabitants","number of victims per 100,000 of non-sexual harassment",14 to under 18 years,male,r,,,164.0
2019,"per 100,000 inhabitants","number of victims per 100,000 of non-sexual harassment",14 to under 18 years,male,r,,,130.0
2020,"per 100,000 inhabitants","number of victims per 100,000 of non-sexual harassment",14 to under 18 years,male,r,,,133.0
2021,"per 100,000 inhabitants","number of victims per 100,000 of non-sexual harassment",14 to under 18 years,male,r,,,167.0
2022,"per 100,000 inhabitants","number of victims per 100,000 of non-sexual harassment",14 to under 18 years,male,r,,,147.0
2023,"per 100,000 inhabitants","number of victims per 100,000 of non-sexual harassment",14 to under 18 years,male,r,,,198.0
2024,"per 100,000 inhabitants","number of victims per 100,000 of non-sexual harassment",14 to under 18 years,male,,,,205.0
2010,"per 100,000 inhabitants","number of victims per 100,000 of non-sexual harassment",18 to under 21 years,,,,,23019.0
2011,"per 100,000 inhabitants","number of victims per 100,000 of non-sexual harassment",18 to under 21 years,,,,,21536.0
2012,"per 100,000 inhabitants","number of victims per 100,000 of non-sexual harassment",18 to under 21 years,,,,,21296.0
2013,"per 100,000 inhabitants","number of victims per 100,000 of non-sexual harassment",18 to under 21 years,,,,,20738.0
2014,"per 100,000 inhabitants","number of victims per 100,000 of non-sexual harassment",18 to under 21 years,,,,,18814.0
2015,"per 100,000 inhabitants","number of victims per 100,000 of non-sexual harassment",18 to under 21 years,,,,,17239.0
2016,"per 100,000 inhabitants","number of victims per 100,000 of non-sexual harassment",18 to under 21 years,,,,,16303.0
2017,"per 100,000 inhabitants","number of victims per 100,000 of non-sexual harassment",18 to under 21 years,,r,,,16060.0
2018,"per 100,000 inhabitants","number of victims per 100,000 of non-sexual harassment",18 to under 21 years,,r,,,16423.0
2019,"per 100,000 inhabitants","number of victims per 100,000 of non-sexual harassment",18 to under 21 years,,r,,,16440.0
2020,"per 100,000 inhabitants","number of victims per 100,000 of non-sexual harassment",18 to under 21 years,,r,,,17193.0
2021,"per 100,000 inhabitants","number of victims per 100,000 of non-sexual harassment",18 to under 21 years,,r,,,18068.0
2022,"per 100,000 inhabitants","number of victims per 100,000 of non-sexual harassment",18 to under 21 years,,r,,,18925.0
2023,"per 100,000 inhabitants","number of victims per 100,000 of non-sexual harassment",18 to under 21 years,,r,,,20453.0
2024,"per 100,000 inhabitants","number of victims per 100,000 of non-sexual harassment",18 to under 21 years,,,,,21639.0
2010,"per 100,000 inhabitants","number of victims per 100,000 of non-sexual harassment",18 to under 21 years,female,,,,18342.0
2011,"per 100,000 inhabitants","number of victims per 100,000 of non-sexual harassment",18 to under 21 years,female,,,,17238.0
2012,"per 100,000 inhabitants","number of victims per 100,000 of non-sexual harassment",18 to under 21 years,female,,,,17207.0
2013,"per 100,000 inhabitants","number of victims per 100,000 of non-sexual harassment",18 to under 21 years,female,,,,16679.0
2014,"per 100,000 inhabitants","number of victims per 100,000 of non-sexual harassment",18 to under 21 years,female,,,,15118.0
2015,"per 100,000 inhabitants","number of victims per 100,000 of non-sexual harassment",18 to under 21 years,female,,,,13916.0
2016,"per 100,000 inhabitants","number of victims per 100,000 of non-sexual harassment",18 to under 21 years,female,,,,13260.0
2017,"per 100,000 inhabitants","number of victims per 100,000 of non-sexual harassment",18 to under 21 years,female,r,,,13064.0
2018,"per 100,000 inhabitants","number of victims per 100,000 of non-sexual harassment",18 to under 21 years,female,r,,,13403.0
2019,"per 100,000 inhabitants","number of victims per 100,000 of non-sexual harassment",18 to under 21 years,female,r,,,13504.0
2020,"per 100,000 inhabitants","number of victims per 100,000 of non-sexual harassment",18 to under 21 years,female,r,,,14027.0
2021,"per 100,000 inhabitants","number of victims per 100,000 of non-sexual harassment",18 to under 21 years,female,r,,,14625.0
2022,"per 100,000 inhabitants","number of victims per 100,000 of non-sexual harassment",18 to under 21 years,female,r,,,15432.0
2023,"per 100,000 inhabitants","number of victims per 100,000 of non-sexual harassment",18 to under 21 years,female,r,,,16583.0
2024,"per 100,000 inhabitants","number of victims per 100,000 of non-sexual harassment",18 to under 21 years,female,,,,17639.0
2010,"per 100,000 inhabitants","number of victims per 100,000 of non-sexual harassment",18 to under 21 years,male,,,,4677.0
2011,"per 100,000 inhabitants","number of victims per 100,000 of non-sexual harassment",18 to under 21 years,male,,,,4298.0
2012,"per 100,000 inhabitants","number of victims per 100,000 of non-sexual harassment",18 to under 21 years,male,,,,4089.0
2013,"per 100,000 inhabitants","number of victims per 100,000 of non-sexual harassment",18 to under 21 years,male,,,,4059.0
2014,"per 100,000 inhabitants","number of victims per 100,000 of non-sexual harassment",18 to under 21 years,male,,,,3696.0
2015,"per 100,000 inhabitants","number of victims per 100,000 of non-sexual harassment",18 to under 21 years,male,,,,3323.0
2016,"per 100,000 inhabitants","number of victims per 100,000 of non-sexual harassment",18 to under 21 years,male,,,,3043.0
2017,"per 100,000 inhabitants","number of victims per 100,000 of non-sexual harassment",18 to under 21 years,male,r,,,2996.0
2018,"per 100,000 inhabitants","number of victims per 100,000 of non-sexual harassment",18 to under 21 years,male,r,,,3020.0
2019,"per 100,000 inhabitants","number of victims per 100,000 of non-sexual harassment",18 to under 21 years,male,r,,,2936.0
2020,"per 100,000 inhabitants","number of victims per 100,000 of non-sexual harassment",18 to under 21 years,male,r,,,3166.0
2021,"per 100,000 inhabitants","number of victims per 100,000 of non-sexual harassment",18 to under 21 years,male,r,,,3443.0
2022,"per 100,000 inhabitants","number of victims per 100,000 of non-sexual harassment",18 to under 21 years,male,r,,,3493.0
2023,"per 100,000 inhabitants","number of victims per 100,000 of non-sexual harassment",18 to under 21 years,male,r,,,3870.0
2024,"per 100,000 inhabitants","number of victims per 100,000 of non-sexual harassment",18 to under 21 years,male,,,,4000.0
2010,"per 100,000 inhabitants","number of victims per 100,000 of non-sexual harassment",21 to under 60 years,,,,,1652.0
2011,"per 100,000 inhabitants","number of victims per 100,000 of non-sexual harassment",21 to under 60 years,,,,,1495.0
2012,"per 100,000 inhabitants","number of victims per 100,000 of non-sexual harassment",21 to under 60 years,,,,,1495.0
2013,"per 100,000 inhabitants","number of victims per 100,000 of non-sexual harassment",21 to under 60 years,,,,,1440.0
2014,"per 100,000 inhabitants","number of victims per 100,000 of non-sexual harassment",21 to under 60 years,,,,,1395.0
2015,"per 100,000 inhabitants","number of victims per 100,000 of non-sexual harassment",21 to under 60 years,,,,,1269.0
2016,"per 100,000 inhabitants","number of victims per 100,000 of non-sexual harassment",21 to under 60 years,,,,,1251.0
2017,"per 100,000 inhabitants","number of victims per 100,000 of non-sexual harassment",21 to under 60 years,,r,,,1183.0
2018,"per 100,000 inhabitants","number of victims per 100,000 of non-sexual harassment",21 to under 60 years,,r,,,1251.0
2019,"per 100,000 inhabitants","number of victims per 100,000 of non-sexual harassment",21 to under 60 years,,r,,,1266.0
2020,"per 100,000 inhabitants","number of victims per 100,000 of non-sexual harassment",21 to under 60 years,,r,,,1288.0
2021,"per 100,000 inhabitants","number of victims per 100,000 of non-sexual harassment",21 to under 60 years,,r,,,1423.0
2022,"per 100,000 inhabitants","number of victims per 100,000 of non-sexual harassment",21 to under 60 years,,r,,,1554.0
2023,"per 100,000 inhabitants","number of victims per 100,000 of non-sexual harassment",21 to under 60 years,,r,,,1757.0
2024,"per 100,000 inhabitants","number of victims per 100,000 of non-sexual harassment",21 to under 60 years,,,,,1771.0
2010,"per 100,000 inhabitants","number of victims per 100,000 of non-sexual harassment",21 to under 60 years,female,,,,978.0
2011,"per 100,000 inhabitants","number of victims per 100,000 of non-sexual harassment",21 to under 60 years,female,,,,880.0
2012,"per 100,000 inhabitants","number of victims per 100,000 of non-sexual harassment",21 to under 60 years,female,,,,905.0
2013,"per 100,000 inhabitants","number of victims per 100,000 of non-sexual harassment",21 to under 60 years,female,,,,902.0
2014,"per 100,000 inhabitants","number of victims per 100,000 of non-sexual harassment",21 to under 60 years,female,,,,884.0
2015,"per 100,000 inhabitants","number of victims per 100,000 of non-sexual harassment",21 to under 60 years,female,,,,823.0
2016,"per 100,000 inhabitants","number of victims per 100,000 of non-sexual harassment",21 to under 60 years,female,,,,788.0
2017,"per 100,000 inhabitants","number of victims per 100,000 of non-sexual harassment",21 to under 60 years,female,r,,,791.0
2018,"per 100,000 inhabitants","number of victims per 100,000 of non-sexual harassment",21 to under 60 years,female,r,,,792.0
2019,"per 100,000 inhabitants","number of victims per 100,000 of non-sexual harassment",21 to under 60 years,female,r,,,834.0
2020,"per 100,000 inhabitants","number of victims per 100,000 of non-sexual harassment",21 to under 60 years,female,r,,,845.0
2021,"per 100,000 inhabitants","number of victims per 100,000 of non-sexual harassment",21 to under 60 years,female,r,,,906.0
2022,"per 100,000 inhabitants","number of victims per 100,000 of non-sexual harassment",21 to under 60 years,female,r,,,1023.0
2023,"per 100,000 inhabitants","number of victims per 100,000 of non-sexual harassment",21 to under 60 years,female,r,,,1144.0
2024,"per 100,000 inhabitants","number of victims per 100,000 of non-sexual harassment",21 to under 60 years,female,,,,1131.0
2010,"per 100,000 inhabitants","number of victims per 100,000 of non-sexual harassment",21 to under 60 years,male,,,,674.0
2011,"per 100,000 inhabitants","number of victims per 100,000 of non-sexual harassment",21 to under 60 years,male,,,,615.0
2012,"per 100,000 inhabitants","number of victims per 100,000 of non-sexual harassment",21 to under 60 years,male,,,,590.0
2013,"per 100,000 inhabitants","number of victims per 100,000 of non-sexual harassment",21 to under 60 years,male,,,,538.0
2014,"per 100,000 inhabitants","number of victims per 100,000 of non-sexual harassment",21 to under 60 years,male,,,,511.0
2015,"per 100,000 inhabitants","number of victims per 100,000 of non-sexual harassment",21 to under 60 years,male,,,,446.0
2016,"per 100,000 inhabitants","number of victims per 100,000 of non-sexual harassment",21 to under 60 years,male,,,,463.0
2017,"per 100,000 inhabitants","number of victims per 100,000 of non-sexual harassment",21 to under 60 years,male,r,,,392.0
2018,"per 100,000 inhabitants","number of victims per 100,000 of non-sexual harassment",21 to under 60 years,male,r,,,459.0
2019,"per 100,000 inhabitants","number of victims per 100,000 of non-sexual harassment",21 to under 60 years,male,r,,,432.0
2020,"per 100,000 inhabitants","number of victims per 100,000 of non-sexual harassment",21 to under 60 years,male,r,,,443.0
2021,"per 100,000 inhabitants","number of victims per 100,000 of non-sexual harassment",21 to under 60 years,male,r,,,517.0
2022,"per 100,000 inhabitants","number of victims per 100,000 of non-sexual harassment",21 to under 60 years,male,r,,,531.0
2023,"per 100,000 inhabitants","number of victims per 100,000 of non-sexual harassment",21 to under 60 years,male,r,,,613.0
2024,"per 100,000 inhabitants","number of victims per 100,000 of non-sexual harassment",21 to under 60 years,male,,,,640.0
2010,"per 100,000 inhabitants","number of victims per 100,000 of non-sexual harassment",60 years and older,,,,,7523.0
2011,"per 100,000 inhabitants","number of victims per 100,000 of non-sexual harassment",60 years and older,,,,,8011.0
2012,"per 100,000 inhabitants","number of victims per 100,000 of non-sexual harassment",60 years and older,,,,,8306.0
2013,"per 100,000 inhabitants","number of victims per 100,000 of non-sexual harassment",60 years and older,,,,,8161.0
2014,"per 100,000 inhabitants","number of victims per 100,000 of non-sexual harassment",60 years and older,,,,,8356.0
2015,"per 100,000 inhabitants","number of victims per 100,000 of non-sexual harassment",60 years and older,,,,,8262.0
2016,"per 100,000 inhabitants","number of victims per 100,000 of non-sexual harassment",60 years and older,,,,,8599.0
2017,"per 100,000 inhabitants","number of victims per 100,000 of non-sexual harassment",60 years and older,,r,,,8350.0
2018,"per 100,000 inhabitants","number of victims per 100,000 of non-sexual harassment",60 years and older,,r,,,8817.0
2019,"per 100,000 inhabitants","number of victims per 100,000 of non-sexual harassment",60 years and older,,r,,,8031.0
2020,"per 100,000 inhabitants","number of victims per 100,000 of non-sexual harassment",60 years and older,,r,,,9319.0
2021,"per 100,000 inhabitants","number of victims per 100,000 of non-sexual harassment",60 years and older,,|,r,,9035.0
2022,"per 100,000 inhabitants","number of victims per 100,000 of non-sexual harassment",60 years and older,,r,,,9640.0
2023,"per 100,000 inhabitants","number of victims per 100,000 of non-sexual harassment",60 years and older,,r,,,10166.0
2024,"per 100,000 inhabitants","number of victims per 100,000 of non-sexual harassment",60 years and older,,,,,10773.0
2010,"per 100,000 inhabitants","number of victims per 100,000 of non-sexual harassment",60 years and older,female,,,,6624.0
2011,"per 100,000 inhabitants","number of victims per 100,000 of non-sexual harassment",60 years and older,female,,,,7050.0
2012,"per 100,000 inhabitants","number of victims per 100,000 of non-sexual harassment",60 years and older,female,,,,7400.0
2013,"per 100,000 inhabitants","number of victims per 100,000 of non-sexual harassment",60 years and older,female,,,,7269.0
2014,"per 100,000 inhabitants","number of victims per 100,000 of non-sexual harassment",60 years and older,female,,,,7381.0
2015,"per 100,000 inhabitants","number of victims per 100,000 of non-sexual harassment",60 years and older,female,,,,7296.0
2016,"per 100,000 inhabitants","number of victims per 100,000 of non-sexual harassment",60 years and older,female,,,,7525.0
2017,"per 100,000 inhabitants","number of victims per 100,000 of non-sexual harassment",60 years and older,female,r,,,7273.0
2018,"per 100,000 inhabitants","number of victims per 100,000 of non-sexual harassment",60 years and older,female,r,,,7628.0
2019,"per 100,000 inhabitants","number of victims per 100,000 of non-sexual harassment",60 years and older,female,r,,,6840.0
2020,"per 100,000 inhabitants","number of victims per 100,000 of non-sexual harassment",60 years and older,female,r,,,7967.0
2021,"per 100,000 inhabitants","number of victims per 100,000 of non-sexual harassment",60 years and older,female,|,r,,7673.0
2022,"per 100,000 inhabitants","number of victims per 100,000 of non-sexual harassment",60 years and older,female,r,,,8152.0
2023,"per 100,000 inhabitants","number of victims per 100,000 of non-sexual harassment",60 years and older,female,r,,,8451.0
2024,"per 100,000 inhabitants","number of victims per 100,000 of non-sexual harassment",60 years and older,female,,,,8839.0
2010,"per 100,000 inhabitants","number of victims per 100,000 of non-sexual harassment",60 years and older,male,,,,899.0
2011,"per 100,000 inhabitants","number of victims per 100,000 of non-sexual harassment",60 years and older,male,,,,961.0
2012,"per 100,000 inhabitants","number of victims per 100,000 of non-sexual harassment",60 years and older,male,,,,906.0
2013,"per 100,000 inhabitants","number of victims per 100,000 of non-sexual harassment",60 years and older,male,,,,892.0
2014,"per 100,000 inhabitants","number of victims per 100,000 of non-sexual harassment",60 years and older,male,,,,975.0
2015,"per 100,000 inhabitants","number of victims per 100,000 of non-sexual harassment",60 years and older,male,,,,966.0
2016,"per 100,000 inhabitants","number of victims per 100,000 of non-sexual harassment",60 years and older,male,,,,1074.0
2017,"per 100,000 inhabitants","number of victims per 100,000 of non-sexual harassment",60 years and older,male,r,,,1077.0
2018,"per 100,000 inhabitants","number of victims per 100,000 of non-sexual harassment",60 years and older,male,r,,,1189.0
2019,"per 100,000 inhabitants","number of victims per 100,000 of non-sexual harassment",60 years and older,male,r,,,1191.0
2020,"per 100,000 inhabitants","number of victims per 100,000 of non-sexual harassment",60 years and older,male,r,,,1352.0
2021,"per 100,000 inhabitants","number of victims per 100,000 of non-sexual harassment",60 years and older,male,|,r,,1362.0
2022,"per 100,000 inhabitants","number of victims per 100,000 of non-sexual harassment",60 years and older,male,r,,,1488.0
2023,"per 100,000 inhabitants","number of victims per 100,000 of non-sexual harassment",60 years and older,male,r,,,1715.0
2024,"per 100,000 inhabitants","number of victims per 100,000 of non-sexual harassment",60 years and older,male,,,,1934.0
2010,"per 100,000 inhabitants","number of victims per 100,000 of sexual harassment",,,,,,0.0
2011,"per 100,000 inhabitants","number of victims per 100,000 of sexual harassment",,,,,,0.0
2012,"per 100,000 inhabitants","number of victims per 100,000 of sexual harassment",,,,,,0.0
2013,"per 100,000 inhabitants","number of victims per 100,000 of sexual harassment",,,,,,0.0
2014,"per 100,000 inhabitants","number of victims per 100,000 of sexual harassment",,,,,,0.0
2015,"per 100,000 inhabitants","number of victims per 100,000 of sexual harassment",,,,,,0.0
2016,"per 100,000 inhabitants","number of victims per 100,000 of sexual harassment",,,,,,0.0
2017,"per 100,000 inhabitants","number of victims per 100,000 of sexual harassment",,,r,,,0.0
2018,"per 100,000 inhabitants","number of victims per 100,000 of sexual harassment",,,r,,,0.0
2019,"per 100,000 inhabitants","number of victims per 100,000 of sexual harassment",,,r,,,0.0
2020,"per 100,000 inhabitants","number of victims per 100,000 of sexual harassment",,,r,,,0.0
2021,"per 100,000 inhabitants","number of victims per 100,000 of sexual harassment",,,|,r,,47.0
2022,"per 100,000 inhabitants","number of victims per 100,000 of sexual harassment",,,r,,,144.0
2023,"per 100,000 inhabitants","number of victims per 100,000 of sexual harassment",,,r,,,130.0
2024,"per 100,000 inhabitants","number of victims per 100,000 of sexual harassment",,,,,,140.0
2010,"per 100,000 inhabitants","number of victims per 100,000 of sexual harassment",,female,,,,0.0
2011,"per 100,000 inhabitants","number of victims per 100,000 of sexual harassment",,female,,,,0.0
2012,"per 100,000 inhabitants","number of victims per 100,000 of sexual harassment",,female,,,,0.0
2013,"per 100,000 inhabitants","number of victims per 100,000 of sexual harassment",,female,,,,0.0
2014,"per 100,000 inhabitants","number of victims per 100,000 of sexual harassment",,female,,,,0.0
2015,"per 100,000 inhabitants","number of victims per 100,000 of sexual harassment",,female,,,,0.0
2016,"per 100,000 inhabitants","number of victims per 100,000 of sexual harassment",,female,,,,0.0
2017,"per 100,000 inhabitants","number of victims per 100,000 of sexual harassment",,female,r,,,0.0
2018,"per 100,000 inhabitants","number of victims per 100,000 of sexual harassment",,female,r,,,0.0
2019,"per 100,000 inhabitants","number of victims per 100,000 of sexual harassment",,female,r,,,0.0
2020,"per 100,000 inhabitants","number of victims per 100,000 of sexual harassment",,female,r,,,0.0
2021,"per 100,000 inhabitants","number of victims per 100,000 of sexual harassment",,female,|,r,,32.0
2022,"per 100,000 inhabitants","number of victims per 100,000 of sexual harassment",,female,r,,,118.0
2023,"per 100,000 inhabitants","number of victims per 100,000 of sexual harassment",,female,r,,,107.0
2024,"per 100,000 inhabitants","number of victims per 100,000 of sexual harassment",,female,,,,91.0
2010,"per 100,000 inhabitants","number of victims per 100,000 of sexual harassment",,male,,,,0.0
2011,"per 100,000 inhabitants","number of victims per 100,000 of sexual harassment",,male,,,,0.0
2012,"per 100,000 inhabitants","number of victims per 100,000 of sexual harassment",,male,,,,0.0
2013,"per 100,000 inhabitants","number of victims per 100,000 of sexual harassment",,male,,,,0.0
2014,"per 100,000 inhabitants","number of victims per 100,000 of sexual harassment",,male,,,,0.0
2015,"per 100,000 inhabitants","number of victims per 100,000 of sexual harassment",,male,,,,0.0
2016,"per 100,000 inhabitants","number of victims per 100,000 of sexual harassment",,male,,,,0.0
2017,"per 100,000 inhabitants","number of victims per 100,000 of sexual harassment",,male,r,,,0.0
2018,"per 100,000 inhabitants","number of victims per 100,000 of sexual harassment",,male,r,,,0.0
2019,"per 100,000 inhabitants","number of victims per 100,000 of sexual harassment",,male,r,,,0.0
2020,"per 100,000 inhabitants","number of victims per 100,000 of sexual harassment",,male,r,,,0.0
2021,"per 100,000 inhabitants","number of victims per 100,000 of sexual harassment",,male,|,r,,15.0
2022,"per 100,000 inhabitants","number of victims per 100,000 of sexual harassment",,male,r,,,26.0
2023,"per 100,000 inhabitants","number of victims per 100,000 of sexual harassment",,male,r,,,23.0
2024,"per 100,000 inhabitants","number of victims per 100,000 of sexual harassment",,male,,,,49.0
2010,"per 100,000 inhabitants","number of victims per 100,000 of sexual harassment",13 years and younger,,,,,1267.0
2011,"per 100,000 inhabitants","number of victims per 100,000 of sexual harassment",13 years and younger,,,,,1362.0
2012,"per 100,000 inhabitants","number of victims per 100,000 of sexual harassment",13 years and younger,,,,,1356.0
2013,"per 100,000 inhabitants","number of victims per 100,000 of sexual harassment",13 years and younger,,,,,1384.0
2014,"per 100,000 inhabitants","number of victims per 100,000 of sexual harassment",13 years and younger,,,,,1368.0
2015,"per 100,000 inhabitants","number of victims per 100,000 of sexual harassment",13 years and younger,,,,,1245.0
2016,"per 100,000 inhabitants","number of victims per 100,000 of sexual harassment",13 years and younger,,,,,1149.0
2017,"per 100,000 inhabitants","number of victims per 100,000 of sexual harassment",13 years and younger,,r,,,1104.0
2018,"per 100,000 inhabitants","number of victims per 100,000 of sexual harassment",13 years and younger,,r,,,1110.0
2019,"per 100,000 inhabitants","number of victims per 100,000 of sexual harassment",13 years and younger,,r,,,931.0
2020,"per 100,000 inhabitants","number of victims per 100,000 of sexual harassment",13 years and younger,,r,,,1067.0
2021,"per 100,000 inhabitants","number of victims per 100,000 of sexual harassment",13 years and younger,,|,r,,1070.0
2022,"per 100,000 inhabitants","number of victims per 100,000 of sexual harassment",13 years and younger,,r,,,1243.0
2023,"per 100,000 inhabitants","number of victims per 100,000 of sexual harassment",13 years and younger,,r,,,1208.0
2024,"per 100,000 inhabitants","number of victims per 100,000 of sexual harassment",13 years and younger,,,,,1367.0
2010,"per 100,000 inhabitants","number of victims per 100,000 of sexual harassment",13 years and younger,female,,,,1112.0
2011,"per 100,000 inhabitants","number of victims per 100,000 of sexual harassment",13 years and younger,female,,,,1217.0
2012,"per 100,000 inhabitants","number of victims per 100,000 of sexual harassment",13 years and younger,female,,,,1221.0
2013,"per 100,000 inhabitants","number of victims per 100,000 of sexual harassment",13 years and younger,female,,,,1235.0
2014,"per 100,000 inhabitants","number of victims per 100,000 of sexual harassment",13 years and younger,female,,,,1228.0
2015,"per 100,000 inhabitants","number of victims per 100,000 of sexual harassment",13 years and younger,female,,,,1151.0
2016,"per 100,000 inhabitants","number of victims per 100,000 of sexual harassment",13 years and younger,female,,,,1024.0
2017,"per 100,000 inhabitants","number of victims per 100,000 of sexual harassment",13 years and younger,female,r,,,955.0
2018,"per 100,000 inhabitants","number of victims per 100,000 of sexual harassment",13 years and younger,female,r,,,958.0
2019,"per 100,000 inhabitants","number of victims per 100,000 of sexual harassment",13 years and younger,female,r,,,811.0
2020,"per 100,000 inhabitants","number of victims per 100,000 of sexual harassment",13 years and younger,female,r,,,928.0
2021,"per 100,000 inhabitants","number of victims per 100,000 of sexual harassment",13 years and younger,female,|,r,,936.0
2022,"per 100,000 inhabitants","number of victims per 100,000 of sexual harassment",13 years and younger,female,r,,,1076.0
2023,"per 100,000 inhabitants","number of victims per 100,000 of sexual harassment",13 years and younger,female,r,,,1022.0
2024,"per 100,000 inhabitants","number of victims per 100,000 of sexual harassment",13 years and younger,female,,,,1152.0
2010,"per 100,000 inhabitants","number of victims per 100,000 of sexual harassment",13 years and younger,male,,,,155.0
2011,"per 100,000 inhabitants","number of victims per 100,000 of sexual harassment",13 years and younger,male,,,,145.0
2012,"per 100,000 inhabitants","number of victims per 100,000 of sexual harassment",13 years and younger,male,,,,135.0
2013,"per 100,000 inhabitants","number of victims per 100,000 of sexual harassment",13 years and younger,male,,,,149.0
2014,"per 100,000 inhabitants","number of victims per 100,000 of sexual harassment",13 years and younger,male,,,,140.0
2015,"per 100,000 inhabitants","number of victims per 100,000 of sexual harassment",13 years and younger,male,,,,94.0
2016,"per 100,000 inhabitants","number of victims per 100,000 of sexual harassment",13 years and younger,male,,,,125.0
2017,"per 100,000 inhabitants","number of victims per 100,000 of sexual harassment",13 years and younger,male,r,,,149.0
2018,"per 100,000 inhabitants","number of victims per 100,000 of sexual harassment",13 years and younger,male,r,,,152.0
2019,"per 100,000 inhabitants","number of victims per 100,000 of sexual harassment",13 years and younger,male,r,,,120.0
2020,"per 100,000 inhabitants","number of victims per 100,000 of sexual harassment",13 years and younger,male,r,,,139.0
2021,"per 100,000 inhabitants","number of victims per 100,000 of sexual harassment",13 years and younger,male,|,r,,134.0
2022,"per 100,000 inhabitants","number of victims per 100,000 of sexual harassment",13 years and younger,male,r,,,167.0
2023,"per 100,000 inhabitants","number of victims per 100,000 of sexual harassment",13 years and younger,male,r,,,186.0
2024,"per 100,000 inhabitants","number of victims per 100,000 of sexual harassment",13 years and younger,male,,,,215.0
2010,"per 100,000 inhabitants","number of victims per 100,000 of sexual harassment",14 to under 18 years,,,,,796.0
2011,"per 100,000 inhabitants","number of victims per 100,000 of sexual harassment",14 to under 18 years,,,,,811.0
2012,"per 100,000 inhabitants","number of victims per 100,000 of sexual harassment",14 to under 18 years,,,,,808.0
2013,"per 100,000 inhabitants","number of victims per 100,000 of sexual harassment",14 to under 18 years,,,,,752.0
2014,"per 100,000 inhabitants","number of victims per 100,000 of sexual harassment",14 to under 18 years,,,,,809.0
2015,"per 100,000 inhabitants","number of victims per 100,000 of sexual harassment",14 to under 18 years,,,,,803.0
2016,"per 100,000 inhabitants","number of victims per 100,000 of sexual harassment",14 to under 18 years,,,,,776.0
2017,"per 100,000 inhabitants","number of victims per 100,000 of sexual harassment",14 to under 18 years,,r,,,931.0
2018,"per 100,000 inhabitants","number of victims per 100,000 of sexual harassment",14 to under 18 years,,r,,,878.0
2019,"per 100,000 inhabitants","number of victims per 100,000 of sexual harassment",14 to under 18 years,,r,,,725.0
2020,"per 100,000 inhabitants","number of victims per 100,000 of sexual harassment",14 to under 18 years,,r,,,969.0
2021,"per 100,000 inhabitants","number of victims per 100,000 of sexual harassment",14 to under 18 years,,|,r,,883.0
2022,"per 100,000 inhabitants","number of victims per 100,000 of sexual harassment",14 to under 18 years,,r,,,925.0
2023,"per 100,000 inhabitants","number of victims per 100,000 of sexual harassment",14 to under 18 years,,r,,,934.0
2024,"per 100,000 inhabitants","number of victims per 100,000 of sexual harassment",14 to under 18 years,,,,,1040.0
2010,"per 100,000 inhabitants","number of victims per 100,000 of sexual harassment",14 to under 18 years,female,,,,728.0
2011,"per 100,000 inhabitants","number of victims per 100,000 of sexual harassment",14 to under 18 years,female,,,,747.0
2012,"per 100,000 inhabitants","number of victims per 100,000 of sexual harassment",14 to under 18 years,female,,,,752.0
2013,"per 100,000 inhabitants","number of victims per 100,000 of sexual harassment",14 to under 18 years,female,,,,694.0
2014,"per 100,000 inhabitants","number of victims per 100,000 of sexual harassment",14 to under 18 years,female,,,,754.0
2015,"per 100,000 inhabitants","number of victims per 100,000 of sexual harassment",14 to under 18 years,female,,,,740.0
2016,"per 100,000 inhabitants","number of victims per 100,000 of sexual harassment",14 to under 18 years,female,,,,702.0
2017,"per 100,000 inhabitants","number of victims per 100,000 of sexual harassment",14 to under 18 years,female,r,,,858.0
2018,"per 100,000 inhabitants","number of victims per 100,000 of sexual harassment",14 to under 18 years,female,r,,,783.0
2019,"per 100,000 inhabitants","number of victims per 100,000 of sexual harassment",14 to under 18 years,female,r,,,640.0
2020,"per 100,000 inhabitants","number of victims per 100,000 of sexual harassment",14 to under 18 years,female,r,,,876.0
2021,"per 100,000 inhabitants","number of victims per 100,000 of sexual harassment",14 to under 18 years,female,|,r,,789.0
2022,"per 100,000 inhabitants","number of victims per 100,000 of sexual harassment",14 to under 18 years,female,r,,,826.0
2023,"per 100,000 inhabitants","number of victims per 100,000 of sexual harassment",14 to under 18 years,female,r,,,825.0
2024,"per 100,000 inhabitants","number of victims per 100,000 of sexual harassment",14 to under 18 years,female,,,,901.0
2010,"per 100,000 inhabitants","number of victims per 100,000 of sexual harassment",14 to under 18 years,male,,,,68.0
2011,"per 100,000 inhabitants","number of victims per 100,000 of sexual harassment",14 to under 18 years,male,,,,64.0
2012,"per 100,000 inhabitants","number of victims per 100,000 of sexual harassment",14 to under 18 years,male,,,,56.0
2013,"per 100,000 inhabitants","number of victims per 100,000 of sexual harassment",14 to under 18 years,male,,,,58.0
2014,"per 100,000 inhabitants","number of victims per 100,000 of sexual harassment",14 to under 18 years,male,,,,55.0
2015,"per 100,000 inhabitants","number of victims per 100,000 of sexual harassment",14 to under 18 years,male,,,,63.0
2016,"per 100,000 inhabitants","number of victims per 100,000 of sexual harassment",14 to under 18 years,male,,,,74.0
2017,"per 100,000 inhabitants","number of victims per 100,000 of sexual harassment",14 to under 18 years,male,r,,,73.0
2018,"per 100,000 inhabitants","number of victims per 100,000 of sexual harassment",14 to under 18 years,male,r,,,95.0
2019,"per 100,000 inhabitants","number of victims per 100,000 of sexual harassment",14 to under 18 years,male,r,,,85.0
2020,"per 100,000 inhabitants","number of victims per 100,000 of sexual harassment",14 to under 18 years,male,r,,,93.0
2021,"per 100,000 inhabitants","number of victims per 100,000 of sexual harassment",14 to under 18 years,male,|,r,,94.0
2022,"per 100,000 inhabitants","number of victims per 100,000 of sexual harassment",14 to under 18 years,male,r,,,99.0
2023,"per 100,000 inhabitants","number of victims per 100,000 of sexual harassment",14 to under 18 years,male,r,,,109.0
2024,"per 100,000 inhabitants","number of victims per 100,000 of sexual harassment",14 to under 18 years,male,,,,139.0
2010,"per 100,000 inhabitants","number of victims per 100,000 of sexual harassment",18 to under 21 years,,,,,4797.0
2011,"per 100,000 inhabitants","number of victims per 100,000 of sexual harassment",18 to under 21 years,,,,,5125.0
2012,"per 100,000 inhabitants","number of victims per 100,000 of sexual harassment",18 to under 21 years,,,,,5438.0
2013,"per 100,000 inhabitants","number of victims per 100,000 of sexual harassment",18 to under 21 years,,,,,5293.0
2014,"per 100,000 inhabitants","number of victims per 100,000 of sexual harassment",18 to under 21 years,,,,,5463.0
2015,"per 100,000 inhabitants","number of victims per 100,000 of sexual harassment",18 to under 21 years,,,,,5446.0
2016,"per 100,000 inhabitants","number of victims per 100,000 of sexual harassment",18 to under 21 years,,,,,5894.0
2017,"per 100,000 inhabitants","number of victims per 100,000 of sexual harassment",18 to under 21 years,,r,,,5565.0
2018,"per 100,000 inhabitants","number of victims per 100,000 of sexual harassment",18 to under 21 years,,r,,,6020.0
2019,"per 100,000 inhabitants","number of victims per 100,000 of sexual harassment",18 to under 21 years,,r,,,5637.0
2020,"per 100,000 inhabitants","number of victims per 100,000 of sexual harassment",18 to under 21 years,,r,,,6486.0
2021,"per 100,000 inhabitants","number of victims per 100,000 of sexual harassment",18 to under 21 years,,|,r,,6245.0
2022,"per 100,000 inhabitants","number of victims per 100,000 of sexual harassment",18 to under 21 years,,r,,,6542.0
2023,"per 100,000 inhabitants","number of victims per 100,000 of sexual harassment",18 to under 21 years,,r,,,6985.0
2024,"per 100,000 inhabitants","number of victims per 100,000 of sexual harassment",18 to under 21 years,,,,,7309.0
2010,"per 100,000 inhabitants","number of victims per 100,000 of sexual harassment",18 to under 21 years,female,,,,4192.0
2011,"per 100,000 inhabitants","number of victims per 100,000 of sexual harassment",18 to under 21 years,female,,,,4468.0
2012,"per 100,000 inhabitants","number of victims per 100,000 of sexual harassment",18 to under 21 years,female,,,,4801.0
2013,"per 100,000 inhabitants","number of victims per 100,000 of sexual harassment",18 to under 21 years,female,,,,4672.0
2014,"per 100,000 inhabitants","number of victims per 100,000 of sexual harassment",18 to under 21 years,female,,,,4761.0
2015,"per 100,000 inhabitants","number of victims per 100,000 of sexual harassment",18 to under 21 years,female,,,,4734.0
2016,"per 100,000 inhabitants","number of victims per 100,000 of sexual harassment",18 to under 21 years,female,,,,5097.0
2017,"per 100,000 inhabitants","number of victims per 100,000 of sexual harassment",18 to under 21 years,female,r,,,4802.0
2018,"per 100,000 inhabitants","number of victims per 100,000 of sexual harassment",18 to under 21 years,female,r,,,5198.0
2019,"per 100,000 inhabitants","number of victims per 100,000 of sexual harassment",18 to under 21 years,female,r,,,4727.0
2020,"per 100,000 inhabitants","number of victims per 100,000 of sexual harassment",18 to under 21 years,female,r,,,5487.0
2021,"per 100,000 inhabitants","number of victims per 100,000 of sexual harassment",18 to under 21 years,female,|,r,,5227.0
2022,"per 100,000 inhabitants","number of victims per 100,000 of sexual harassment",18 to under 21 years,female,r,,,5461.0
2023,"per 100,000 inhabitants","number of victims per 100,000 of sexual harassment",18 to under 21 years,female,r,,,5753.0
2024,"per 100,000 inhabitants","number of victims per 100,000 of sexual harassment",18 to under 21 years,female,,,,5948.0
2010,"per 100,000 inhabitants","number of victims per 100,000 of sexual harassment",18 to under 21 years,male,,,,605.0
2011,"per 100,000 inhabitants","number of victims per 100,000 of sexual harassment",18 to under 21 years,male,,,,657.0
2012,"per 100,000 inhabitants","number of victims per 100,000 of sexual harassment",18 to under 21 years,male,,,,637.0
2013,"per 100,000 inhabitants","number of victims per 100,000 of sexual harassment",18 to under 21 years,male,,,,621.0
2014,"per 100,000 inhabitants","number of victims per 100,000 of sexual harassment",18 to under 21 years,male,,,,702.0
2015,"per 100,000 inhabitants","number of victims per 100,000 of sexual harassment",18 to under 21 years,male,,,,712.0
2016,"per 100,000 inhabitants","number of victims per 100,000 of sexual harassment",18 to under 21 years,male,,,,797.0
2017,"per 100,000 inhabitants","number of victims per 100,000 of sexual harassment",18 to under 21 years,male,r,,,763.0
2018,"per 100,000 inhabitants","number of victims per 100,000 of sexual harassment",18 to under 21 years,male,r,,,822.0
2019,"per 100,000 inhabitants","number of victims per 100,000 of sexual harassment",18 to under 21 years,male,r,,,910.0
2020,"per 100,000 inhabitants","number of victims per 100,000 of sexual harassment",18 to under 21 years,male,r,,,999.0
2021,"per 100,000 inhabitants","number of victims per 100,000 of sexual harassment",18 to under 21 years,male,|,r,,1018.0
2022,"per 100,000 inhabitants","number of victims per 100,000 of sexual harassment",18 to under 21 years,male,r,,,1081.0
2023,"per 100,000 inhabitants","number of victims per 100,000 of sexual harassment",18 to under 21 years,male,r,,,1232.0
2024,"per 100,000 inhabitants","number of victims per 100,000 of sexual harassment",18 to under 21 years,male,,,,1361.0
2010,"per 100,000 inhabitants","number of victims per 100,000 of sexual harassment",21 to under 60 years,,,,,663.0
2011,"per 100,000 inhabitants","number of victims per 100,000 of sexual harassment",21 to under 60 years,,,,,713.0
2012,"per 100,000 inhabitants","number of victims per 100,000 of sexual harassment",21 to under 60 years,,,,,704.0
2013,"per 100,000 inhabitants","number of victims per 100,000 of sexual harassment",21 to under 60 years,,,,,732.0
2014,"per 100,000 inhabitants","number of victims per 100,000 of sexual harassment",21 to under 60 years,,,,,716.0
2015,"per 100,000 inhabitants","number of victims per 100,000 of sexual harassment",21 to under 60 years,,,,,768.0
2016,"per 100,000 inhabitants","number of victims per 100,000 of sexual harassment",21 to under 60 years,,,,,780.0
2017,"per 100,000 inhabitants","number of victims per 100,000 of sexual harassment",21 to under 60 years,,r,,,750.0
2018,"per 100,000 inhabitants","number of victims per 100,000 of sexual harassment",21 to under 60 years,,r,,,809.0
2019,"per 100,000 inhabitants","number of victims per 100,000 of sexual harassment",21 to under 60 years,,r,,,738.0
2020,"per 100,000 inhabitants","number of victims per 100,000 of sexual harassment",21 to under 60 years,,r,,,797.0
2021,"per 100,000 inhabitants","number of victims per 100,000 of sexual harassment",21 to under 60 years,,|,r,,790.0
2022,"per 100,000 inhabitants","number of victims per 100,000 of sexual harassment",21 to under 60 years,,r,,,786.0
2023,"per 100,000 inhabitants","number of victims per 100,000 of sexual harassment",21 to under 60 years,,r,,,909.0
2024,"per 100,000 inhabitants","number of victims per 100,000 of sexual harassment",21 to under 60 years,,,,,917.0
2010,"per 100,000 inhabitants","number of victims per 100,000 of sexual harassment",21 to under 60 years,female,,,,592.0
2011,"per 100,000 inhabitants","number of victims per 100,000 of sexual harassment",21 to under 60 years,female,,,,618.0
2012,"per 100,000 inhabitants","number of victims per 100,000 of sexual harassment",21 to under 60 years,female,,,,626.0
2013,"per 100,000 inhabitants","number of victims per 100,000 of sexual harassment",21 to under 60 years,female,,,,668.0
2014,"per 100,000 inhabitants","number of victims per 100,000 of sexual harassment",21 to under 60 years,female,,,,638.0
2015,"per 100,000 inhabitants","number of victims per 100,000 of sexual harassment",21 to under 60 years,female,,,,671.0
2016,"per 100,000 inhabitants","number of victims per 100,000 of sexual harassment",21 to under 60 years,female,,,,702.0
2017,"per 100,000 inhabitants","number of victims per 100,000 of sexual harassment",21 to under 60 years,female,r,,,658.0
2018,"per 100,000 inhabitants","number of victims per 100,000 of sexual harassment",21 to under 60 years,female,r,,,689.0
2019,"per 100,000 inhabitants","number of victims per 100,000 of sexual harassment",21 to under 60 years,female,r,,,662.0
2020,"per 100,000 inhabitants","number of victims per 100,000 of sexual harassment",21 to under 60 years,female,r,,,676.0
2021,"per 100,000 inhabitants","number of victims per 100,000 of sexual harassment",21 to under 60 years,female,|,r,,689.0
2022,"per 100,000 inhabitants","number of victims per 100,000 of sexual harassment",21 to under 60 years,female,r,,,671.0
2023,"per 100,000 inhabitants","number of victims per 100,000 of sexual harassment",21 to under 60 years,female,r,,,744.0
2024,"per 100,000 inhabitants","number of victims per 100,000 of sexual harassment",21 to under 60 years,female,,,,747.0
2010,"per 100,000 inhabitants","number of victims per 100,000 of sexual harassment",21 to under 60 years,male,,,,71.0
2011,"per 100,000 inhabitants","number of victims per 100,000 of sexual harassment",21 to under 60 years,male,,,,95.0
2012,"per 100,000 inhabitants","number of victims per 100,000 of sexual harassment",21 to under 60 years,male,,,,78.0
2013,"per 100,000 inhabitants","number of victims per 100,000 of sexual harassment",21 to under 60 years,male,,,,64.0
2014,"per 100,000 inhabitants","number of victims per 100,000 of sexual harassment",21 to under 60 years,male,,,,78.0
2015,"per 100,000 inhabitants","number of victims per 100,000 of sexual harassment",21 to under 60 years,male,,,,97.0
2016,"per 100,000 inhabitants","number of victims per 100,000 of sexual harassment",21 to under 60 years,male,,,,78.0
2017,"per 100,000 inhabitants","number of victims per 100,000 of sexual harassment",21 to under 60 years,male,r,,,92.0
2018,"per 100,000 inhabitants","number of victims per 100,000 of sexual harassment",21 to under 60 years,male,r,,,120.0
2019,"per 100,000 inhabitants","number of victims per 100,000 of sexual harassment",21 to under 60 years,male,r,,,76.0
2020,"per 100,000 inhabitants","number of victims per 100,000 of sexual harassment",21 to under 60 years,male,r,,,121.0
2021,"per 100,000 inhabitants","number of victims per 100,000 of sexual harassment",21 to under 60 years,male,|,r,,101.0
2022,"per 100,000 inhabitants","number of victims per 100,000 of sexual harassment",21 to under 60 years,male,r,,,115.0
2023,"per 100,000 inhabitants","number of victims per 100,000 of sexual harassment",21 to under 60 years,male,r,,,165.0
2024,"per 100,000 inhabitants","number of victims per 100,000 of sexual harassment",21 to under 60 years,male,,,,170.0
2010,"per 100,000 inhabitants","number of victims per 100,000 of sexual harassment",60 years and older,,,,,35.3
2011,"per 100,000 inhabitants","number of victims per 100,000 of sexual harassment",60 years and older,,,,,32.9
2012,"per 100,000 inhabitants","number of victims per 100,000 of sexual harassment",60 years and older,,,,,32.2
2013,"per 100,000 inhabitants","number of victims per 100,000 of sexual harassment",60 years and older,,,,,31.7
2014,"per 100,000 inhabitants","number of victims per 100,000 of sexual harassment",60 years and older,,,,,28.9
2015,"per 100,000 inhabitants","number of victims per 100,000 of sexual harassment",60 years and older,,,,,25.9
2016,"per 100,000 inhabitants","number of victims per 100,000 of sexual harassment",60 years and older,,,,,24.3
2017,"per 100,000 inhabitants","number of victims per 100,000 of sexual harassment",60 years and older,,,,,23.9
2018,"per 100,000 inhabitants","number of victims per 100,000 of sexual harassment",60 years and older,,,,,24.5
2019,"per 100,000 inhabitants","number of victims per 100,000 of sexual harassment",60 years and older,,,,,24.3
2020,"per 100,000 inhabitants","number of victims per 100,000 of sexual harassment",60 years and older,,,,,25.2
2021,"per 100,000 inhabitants","number of victims per 100,000 of sexual harassment",60 years and older,,,,,26.6
2022,"per 100,000 inhabitants","number of victims per 100,000 of sexual harassment",60 years and older,,,,,27.7
2023,"per 100,000 inhabitants","number of victims per 100,000 of sexual harassment",60 years and older,,,,,29.8
2024,"per 100,000 inhabitants","number of victims per 100,000 of sexual harassment",60 years and older,,|,,,32.0
2010,"per 100,000 inhabitants","number of victims per 100,000 of sexual harassment",60 years and older,female,,,,54.9
2011,"per 100,000 inhabitants","number of victims per 100,000 of sexual harassment",60 years and older,female,,,,51.4
2012,"per 100,000 inhabitants","number of victims per 100,000 of sexual harassment",60 years and older,female,,,,51.0
2013,"per 100,000 inhabitants","number of victims per 100,000 of sexual harassment",60 years and older,female,,,,49.7
2014,"per 100,000 inhabitants","number of victims per 100,000 of sexual harassment",60 years and older,female,,,,45.3
2015,"per 100,000 inhabitants","number of victims per 100,000 of sexual harassment",60 years and older,female,,,,41.0
2016,"per 100,000 inhabitants","number of victims per 100,000 of sexual harassment",60 years and older,female,,,,38.7
2017,"per 100,000 inhabitants","number of victims per 100,000 of sexual harassment",60 years and older,female,,,,38.3
2018,"per 100,000 inhabitants","number of victims per 100,000 of sexual harassment",60 years and older,female,,,,39.2
2019,"per 100,000 inhabitants","number of victims per 100,000 of sexual harassment",60 years and older,female,,,,39.1
2020,"per 100,000 inhabitants","number of victims per 100,000 of sexual harassment",60 years and older,female,,,,40.3
2021,"per 100,000 inhabitants","number of victims per 100,000 of sexual harassment",60 years and older,female,,,,42.0
2022,"per 100,000 inhabitants","number of victims per 100,000 of sexual harassment",60 years and older,female,,,,44.2
2023,"per 100,000 inhabitants","number of victims per 100,000 of sexual harassment",60 years and older,female,,,,46.9
2024,"per 100,000 inhabitants","number of victims per 100,000 of sexual harassment",60 years and older,female,|,,,50.6
2010,"per 100,000 inhabitants","number of victims per 100,000 of sexual harassment",60 years and older,male,,,,14.9
2011,"per 100,000 inhabitants","number of victims per 100,000 of sexual harassment",60 years and older,male,,,,13.6
2012,"per 100,000 inhabitants","number of victims per 100,000 of sexual harassment",60 years and older,male,,,,12.8
2013,"per 100,000 inhabitants","number of victims per 100,000 of sexual harassment",60 years and older,male,,,,12.9
2014,"per 100,000 inhabitants","number of victims per 100,000 of sexual harassment",60 years and older,male,,,,11.7
2015,"per 100,000 inhabitants","number of victims per 100,000 of sexual harassment",60 years and older,male,,,,10.4
2016,"per 100,000 inhabitants","number of victims per 100,000 of sexual harassment",60 years and older,male,,,,9.5
2017,"per 100,000 inhabitants","number of victims per 100,000 of sexual harassment",60 years and older,male,,,,9.2
2018,"per 100,000 inhabitants","number of victims per 100,000 of sexual harassment",60 years and older,male,,,,9.4
2019,"per 100,000 inhabitants","number of victims per 100,000 of sexual harassment",60 years and older,male,,,,9.2
2020,"per 100,000 inhabitants","number of victims per 100,000 of sexual harassment",60 years and older,male,,,,9.8
2021,"per 100,000 inhabitants","number of victims per 100,000 of sexual harassment",60 years and older,male,,,,10.7
2022,"per 100,000 inhabitants","number of victims per 100,000 of sexual harassment",60 years and older,male,,,,10.8
2023,"per 100,000 inhabitants","number of victims per 100,000 of sexual harassment",60 years and older,male,,,,12.1
2024,"per 100,000 inhabitants","number of victims per 100,000 of sexual harassment",60 years and older,male,|,,,12.9
